1,791557,4880
2,791557,1930
3,791557,25440
4,791557,1010
5,791557,1620
6,791557,8070
7,791557,5860
8,791557,3520
9,791557,2820
10,791557,8300
11,791557,4060
12,791557,4660
13,791557,9510
14,791557,2250
15,791557,6740
16,791557,12780
17,791557,5580
18,791557,2800
19,1000000,46020
20,791557,4080
21,1000000,57260
22,1000000,125500
23,791557,2480
24,1000000,56920
25,791557,7200
26,791557,2840
27,791557,12530
28,791557,3740
29,791557,13820
30,1000000,37760
31,1000000,32190
32,1000000,38900
33,1000000,82500
34,1000000,117580
35,1000000,44360
36,791557,16410
37,791557,3180
38,791557,9560
39,791557,2600
40,791557,29420
41,791557,2040
42,791557,8580
43,791557,2940
44,791557,3570
45,1000000,45560
46,791557,23910
47,791557,20120
48,791557,4760
49,791557,10540
50,791557,5600
51,791557,28810
52,791557,1000
53,1000000,182420
54,791557,4880
55,791557,2640
56,791557,8000
57,791557,7900
58,1000000,32780
59,791557,1560
60,791557,16740
61,791557,3250
62,791557,2040
63,791557,1170
64,1000000,83200
65,1000000,51520
66,791557,3120
67,791557,1960
68,791557,4820
69,791557,11440
70,791557,7420
71,791557,1640
72,791557,3700
73,791557,7610
74,791557,1480
75,1000000,63700
76,1000000,138620
77,791557,12340
78,791557,12940
79,791557,3860
80,1000000,78200
81,1000000,101410
82,791557,5800
83,1000000,83380
84,791557,4640
85,791557,2800
86,1000000,34950
87,791557,10350
88,791557,2960
89,1000000,51600
90,1000000,30470
91,791557,23840
92,791557,13200
93,791557,18400
94,791557,3080
95,791557,9700
96,791557,10440
97,791557,2320
98,791557,27300
99,791557,1430
100,1000000,100930
101,791557,1260
102,791557,2520
103,791557,5640
104,791557,15050
105,791557,9000
106,791557,6380
107,1000000,41350
108,791557,16340
109,791557,5560
110,791557,1200
111,791557,16300
112,791557,17260
113,1000000,50950
114,791557,5560
115,791557,10860
116,791557,1250
117,791557,21140
118,791557,2540
119,791557,3020
120,791557,10140
121,791557,8680
122,1000000,38480
123,791557,10300
124,1000000,49180
125,791557,5330
126,791557,14080
127,1000000,44070
128,1000000,69040
129,1000000,386740
130,791557,8150
131,791557,1000
132,791557,7240
133,791557,17880
134,791557,4800
135,791557,2560
136,1000000,54180
137,791557,11490
138,1000000,130880
139,1000000,57660
140,791557,1000
141,791557,3140
142,791557,5840
143,791557,5120
144,791557,20000
145,791557,7560
146,791557,9700
147,791557,1800
148,791557,3040
149,791557,17860
150,1000000,282560
151,791557,1520
152,791557,3900
153,791557,4730
154,791557,3350
155,1000000,134730
156,791557,1020
157,791557,3880
158,791557,8180
159,791557,2120
160,791557,8120
161,791557,27180
162,791557,8400
163,791557,8580
164,791557,19780
165,791557,1000
166,791557,3440
167,791557,1000
168,791557,2120
169,791557,5380
170,791557,6100
171,1000000,48680
172,791557,2660
173,791557,12480
174,1000000,56060
175,1000000,76580
176,791557,6160
177,1000000,38960
178,1000000,166780
179,791557,4240
180,1000000,36680
181,1000000,118400
182,791557,3080
183,791557,13880
184,791557,4440
185,1000000,47260
186,791557,15660
187,791557,6440
188,1000000,74680
189,791557,8890
190,791557,2200
191,791557,1000
192,791557,1180
193,791557,11190
194,791557,6540
195,791557,1540
196,791557,3020
197,791557,7980
198,1000000,89980
199,791557,16360
200,791557,5220
201,791557,1680
202,791557,11520
203,791557,8340
204,791557,1000
205,1000000,63560
206,791557,2010
207,791557,2740
208,791557,10780
209,1000000,30160
210,791557,6080
211,791557,4230
212,791557,13080
213,1000000,41480
214,791557,6960
215,791557,1800
216,791557,3040
217,791557,9360
218,791557,4680
219,1000000,35240
220,791557,3500
221,791557,3420
222,1000000,161780
223,791557,1950
224,791557,9220
225,791557,17440
226,791557,8310
227,791557,5860
228,791557,26900
229,791557,25400
230,1000000,133600
231,791557,8520
232,791557,5500
233,791557,2360
234,791557,7210
235,791557,23080
236,1000000,43200
237,1000000,69240
238,1000000,48460
239,791557,4130
240,791557,1880
241,791557,1540
242,791557,5310
243,791557,12660
244,791557,9720
245,1000000,54480
246,1000000,169700
247,791557,1880
248,1000000,33510
249,791557,9680
250,1000000,44200
251,791557,16410
252,791557,1600
253,1000000,123000
254,791557,19360
255,791557,8230
256,791557,4720
257,791557,1280
258,791557,18140
259,791557,1000
260,791557,1020
261,791557,1700
262,1000000,37070
263,1000000,83180
264,1000000,67620
265,791557,1480
266,791557,4860
267,1000000,145800
268,791557,2800
269,791557,1880
270,1000000,41320
271,791557,6530
272,791557,2160
273,791557,6520
274,791557,23460
275,791557,9330
276,791557,1520
277,791557,3960
278,791557,1680
279,791557,7680
280,791557,7900
281,791557,5040
282,791557,13240
283,1000000,67880
284,1000000,70720
285,791557,7050
286,1000000,81860
287,791557,1120
288,791557,1740
289,791557,1000
290,791557,5300
291,791557,16030
292,791557,6270
293,791557,2820
294,791557,3940
295,791557,6420
296,791557,19640
297,1000000,46750
298,1000000,93900
299,791557,3640
300,791557,5620
301,791557,1000
302,1000000,77840
303,791557,11120
304,791557,1020
305,791557,3020
306,791557,1920
307,791557,21960
308,1000000,102820
309,791557,2010
310,1000000,32960
311,791557,5140
312,1000000,50900
313,791557,10120
314,1000000,52820
315,1000000,71180
316,791557,10220
317,1000000,178200
318,791557,10180
319,791557,5820
320,791557,2580
321,1000000,68270
322,791557,5670
323,791557,4840
324,791557,6120
325,791557,29630
326,791557,3320
327,1000000,104020
328,791557,5600
329,791557,7680
330,1000000,245920
331,791557,1420
332,1000000,52640
333,1000000,37000
334,791557,23810
335,791557,8280
336,791557,2740
337,1000000,75340
338,791557,2960
339,1000000,88140
340,1000000,107120
341,791557,3820
342,1000000,93960
343,791557,4080
344,791557,14040
345,791557,5400
346,791557,3060
347,791557,4040
348,791557,2820
349,791557,4900
350,791557,10420
351,791557,2760
352,791557,19940
353,791557,10400
354,1000000,56580
355,1000000,45260
356,1000000,38860
357,791557,4660
358,791557,11610
359,791557,1000
360,791557,13300
361,791557,3560
362,1000000,42160
363,791557,3300
364,1000000,31000
365,1000000,63260
366,1000000,37090
367,791557,3120
368,791557,3740
369,791557,5400
370,791557,6210
371,791557,17660
372,791557,17760
373,791557,4170
374,1000000,92940
375,791557,4120
376,791557,3290
377,791557,2460
378,791557,4000
379,791557,9420
380,791557,6740
381,791557,22740
382,791557,5280
383,791557,5960
384,791557,1800
385,791557,2120
386,791557,8780
387,791557,5940
388,791557,5310
389,791557,19200
390,791557,19190
391,1000000,75460
392,1000000,73900
393,791557,1300
394,791557,1010
395,791557,16880
396,791557,14640
397,791557,3320
398,791557,9240
399,791557,2190
400,791557,1490
401,791557,1520
402,791557,2720
403,791557,2330
404,791557,3040
405,791557,2940
406,791557,2510
407,791557,22120
408,791557,2180
409,791557,1040
410,791557,9760
411,791557,1790
412,791557,1800
413,1000000,80620
414,791557,12840
415,1000000,145460
416,791557,1000
417,791557,22400
418,791557,7990
419,1000000,34020
420,791557,5100
421,791557,2990
422,1000000,85650
423,791557,1800
424,791557,2600
425,791557,2140
426,791557,3840
427,1000000,215360
428,791557,1180
429,791557,9100
430,1000000,36360
431,791557,1000
432,1000000,149940
433,791557,3280
434,791557,8540
435,791557,1640
436,791557,9920
437,791557,3640
438,791557,6400
439,791557,4620
440,791557,1440
441,791557,17740
442,791557,3830
443,791557,1320
444,791557,10960
445,791557,1550
446,791557,6330
447,791557,3820
448,1000000,35600
449,791557,2420
450,791557,3080
451,791557,21740
452,791557,1940
453,791557,5400
454,791557,2380
455,791557,28980
456,791557,7950
457,791557,19660
458,791557,5580
459,791557,1660
460,791557,4780
461,791557,10660
462,791557,2000
463,1000000,74620
464,1000000,74600
465,791557,1600
466,791557,1440
467,791557,5740
468,791557,21960
469,791557,1700
470,791557,5580
471,1000000,84120
472,791557,4020
473,1000000,44560
474,1000000,107600
475,791557,15380
476,791557,11140
477,791557,1120
478,791557,11440
479,791557,1620
480,791557,1880
481,791557,4020
482,1000000,54000
483,791557,14680
484,1000000,157640
485,791557,8020
486,791557,13720
487,1000000,44780
488,791557,4620
489,791557,5280
490,791557,3000
491,791557,3870
492,1000000,65300
493,791557,19580
494,791557,3520
495,791557,18860
496,791557,11880
497,1000000,60720
498,791557,6240
499,1000000,34620
500,791557,4100
501,1000000,356990
502,791557,3200
503,1000000,123410
504,791557,5280
505,791557,3560
506,1000000,48420
507,791557,3770
508,791557,13000
509,791557,17840
510,791557,4280
511,1000000,68220
512,791557,9890
513,791557,1000
514,1000000,37500
515,791557,2200
516,791557,12540
517,791557,15570
518,791557,6980
519,791557,1020
520,791557,1000
521,791557,2240
522,791557,3360
523,791557,4070
524,791557,5160
525,791557,1000
526,791557,7950
527,791557,22580
528,1000000,125100
529,791557,4200
530,791557,3320
531,791557,3570
532,791557,6680
533,791557,12160
534,1000000,41900
535,791557,1000
536,1000000,55450
537,791557,2360
538,791557,1020
539,791557,20680
540,791557,2880
541,791557,20320
542,791557,1000
543,1000000,68160
544,791557,9700
545,1000000,61160
546,791557,28210
547,791557,5040
548,1000000,51500
549,791557,4950
550,791557,1060
551,1000000,107170
552,791557,1120
553,791557,15620
554,791557,2740
555,1000000,52320
556,791557,13290
557,791557,3320
558,791557,2660
559,791557,4510
560,791557,5740
561,791557,3880
562,1000000,44160
563,1000000,77140
564,1000000,111300
565,791557,1180
566,1000000,243220
567,791557,6020
568,791557,10000
569,791557,1120
570,791557,9320
571,1000000,33220
572,791557,28220
573,791557,5140
574,791557,8200
575,791557,3920
576,791557,4940
577,791557,2880
578,791557,4680
579,791557,3740
580,791557,5090
581,791557,21970
582,791557,3490
583,791557,15160
584,791557,1240
585,791557,7110
586,791557,4360
587,791557,2580
588,791557,1660
589,791557,5300
590,791557,2500
591,1000000,81340
592,1000000,38580
593,791557,6470
594,791557,15100
595,791557,6610
596,791557,17940
597,1000000,35360
598,1000000,98860
599,791557,17040
600,791557,12680
601,791557,4120
602,1000000,109140
603,791557,8140
604,791557,16430
605,1000000,51800
606,791557,19540
607,791557,1740
608,791557,8180
609,791557,11100
610,1000000,94140
611,1000000,91240
612,791557,1270
613,791557,10100
614,791557,8680
615,791557,6760
616,791557,1560
617,1000000,44140
618,791557,5690
619,1000000,63230
620,791557,5660
621,1000000,243920
622,791557,6730
623,1000000,56150
624,791557,1010
625,791557,11300
626,791557,26840
627,791557,6350
628,791557,6160
629,791557,4580
630,791557,5530
631,791557,5460
632,791557,4020
633,791557,2750
634,791557,19260
635,791557,6540
636,1000000,126520
637,791557,29220
638,791557,1400
639,791557,6220
640,791557,1060
641,791557,2940
642,791557,19000
643,791557,19100
644,791557,2740
645,1000000,165840
646,1000000,105600
647,1000000,38200
648,1000000,85600
649,1000000,220240
650,791557,19600
651,1000000,55080
652,1000000,62740
653,791557,6040
654,791557,4120
655,791557,5340
656,791557,6020
657,791557,2660
658,791557,3560
659,791557,2160
660,791557,2700
661,791557,6400
662,791557,22700
663,1000000,92220
664,791557,2740
665,1000000,237060
666,791557,20300
667,791557,1360
668,791557,4500
669,1000000,92020
670,791557,3070
671,791557,5640
672,791557,3280
673,791557,1880
674,1000000,89920
675,1000000,335060
676,791557,1640
677,791557,1560
678,791557,12110
679,791557,1400
680,791557,6440
681,1000000,83460
682,1000000,94050
683,791557,3360
684,791557,7870
685,791557,13460
686,791557,2180
687,791557,3690
688,791557,8000
689,1000000,69880
690,791557,1290
691,791557,4360
692,791557,2300
693,791557,3020
694,791557,8020
695,791557,7860
696,791557,9360
697,1000000,48700
698,1000000,78560
699,791557,4980
700,791557,1000
701,791557,1950
702,1000000,42300
703,791557,20860
704,1000000,30920
705,791557,11860
706,791557,1050
707,1000000,64260
708,791557,2040
709,791557,2680
710,791557,2540
711,791557,5340
712,791557,4400
713,791557,3700
714,1000000,95880
715,791557,17980
716,791557,10520
717,1000000,36840
718,791557,10040
719,791557,23000
720,1000000,267220
721,1000000,46520
722,791557,1060
723,1000000,35740
724,791557,2160
725,791557,6000
726,791557,2650
727,791557,8280
728,791557,3300
729,791557,9440
730,791557,5320
731,791557,3340
732,791557,5740
733,791557,2010
734,791557,3630
735,1000000,60220
736,791557,3580
737,791557,7820
738,791557,20120
739,791557,13060
740,1000000,41870
741,791557,6700
742,1000000,45900
743,791557,1000
744,791557,1160
745,1000000,258050
746,791557,1020
747,1000000,100290
748,791557,4780
749,791557,7620
750,1000000,50280
751,1000000,45180
752,1000000,271090
753,791557,3180
754,791557,9980
755,791557,8820
756,791557,6180
757,791557,29820
758,1000000,75600
759,791557,2140
760,791557,4120
761,1000000,162110
762,791557,12720
763,791557,1900
764,791557,10640
765,791557,17270
766,791557,7080
767,791557,1180
768,791557,2220
769,791557,3460
770,791557,20220
771,791557,1200
772,791557,11700
773,791557,8580
774,791557,6080
775,791557,3880
776,791557,10800
777,791557,3310
778,791557,22060
779,791557,24740
780,791557,5580
781,791557,6910
782,791557,1030
783,791557,3440
784,791557,2160
785,791557,1820
786,791557,1020
787,791557,4060
788,1000000,167630
789,791557,10540
790,791557,20690
791,791557,2500
792,791557,3420
793,1000000,72760
794,791557,25120
795,791557,2380
796,791557,4620
797,791557,13760
798,791557,9380
799,1000000,156000
800,1000000,52460
801,791557,9120
802,1000000,31660
803,791557,5340
804,791557,8980
805,791557,8220
806,791557,1000
807,791557,1760
808,791557,3540
809,791557,14060
810,791557,4320
811,1000000,55370
812,791557,4160
813,1000000,40080
814,791557,2290
815,791557,2080
816,791557,3860
817,791557,1460
818,791557,4140
819,791557,2320
820,1000000,60040
821,791557,5600
822,791557,6040
823,791557,1000
824,791557,11260
825,791557,8980
826,1000000,89040
827,791557,4200
828,791557,20450
829,1000000,49320
830,791557,2560
831,791557,4740
832,791557,29720
833,791557,4640
834,791557,11740
835,791557,3060
836,791557,7980
837,791557,17020
838,791557,1640
839,1000000,101320
840,791557,4620
841,791557,14340
842,1000000,87260
843,791557,1260
844,791557,5520
845,1000000,46480
846,791557,4390
847,1000000,66600
848,1000000,167350
849,791557,11040
850,1000000,102980
851,791557,1940
852,791557,15500
853,791557,2900
854,1000000,48500
855,791557,1920
856,791557,5160
857,791557,18400
858,791557,1000
859,791557,2610
860,791557,2650
861,791557,18060
862,791557,7570
863,1000000,68600
864,791557,1400
865,791557,3620
866,1000000,41890
867,1000000,51660
868,791557,8980
869,791557,6460
870,1000000,39110
871,791557,1000
872,791557,10370
873,791557,28410
874,791557,1360
875,1000000,84140
876,791557,4480
877,791557,19300
878,791557,3480
879,791557,2420
880,791557,3260
881,1000000,94060
882,791557,2420
883,1000000,43080
884,791557,2780
885,791557,9900
886,791557,3170
887,1000000,76590
888,1000000,43420
889,1000000,47360
890,791557,4240
891,791557,23800
892,1000000,91620
893,791557,1380
894,1000000,30640
895,1000000,85180
896,791557,3010
897,791557,3840
898,791557,4240
899,1000000,48280
900,1000000,79400
901,791557,22400
902,1000000,897840
903,791557,3500
904,791557,16520
905,791557,3620
906,791557,1650
907,791557,7940
908,791557,1000
909,791557,1000
910,791557,1820
911,1000000,96100
912,791557,9500
913,1000000,117510
914,791557,6060
915,791557,25600
916,1000000,56240
917,791557,10060
918,1000000,66620
919,1000000,110260
920,791557,24420
921,791557,1440
922,791557,2620
923,1000000,67140
924,791557,27300
925,791557,19240
926,791557,2570
927,791557,4130
928,1000000,53360
929,1000000,43100
930,791557,27780
931,791557,2020
932,791557,6120
933,791557,3360
934,791557,3040
935,791557,2050
936,791557,3080
937,791557,9900
938,1000000,69960
939,1000000,77420
940,791557,1010
941,791557,1160
942,1000000,34510
943,1000000,105080
944,791557,22340
945,1000000,361640
946,1000000,30380
947,791557,21440
948,791557,29500
949,791557,1010
950,791557,1720
951,791557,6920
952,1000000,54360
953,791557,2100
954,791557,9140
955,791557,9450
956,791557,28340
957,791557,3200
958,791557,3440
959,791557,9020
960,791557,1300
961,791557,2620
962,791557,11120
963,791557,2760
964,791557,1000
965,791557,8760
966,791557,2680
967,791557,1000
968,791557,4060
969,791557,25320
970,791557,5500
971,791557,4460
972,791557,15420
973,791557,5840
974,791557,24840
975,791557,1980
976,791557,6180
977,1000000,356380
978,1000000,86770
979,791557,3900
980,791557,19140
981,1000000,111970
982,1000000,55560
983,791557,7390
984,791557,1480
985,791557,26580
986,791557,9520
987,1000000,33260
988,1000000,34680
989,791557,11100
990,1000000,103630
991,791557,3940
992,1000000,88980
993,791557,10920
994,1000000,36160
995,1000000,41860
996,791557,6100
997,1000000,30610
998,791557,3160
999,791557,8720
1000,1000000,189900
1001,791557,3980
1002,1000000,96540
1003,791557,11320
1004,791557,7940
1005,791557,3070
1006,1000000,30800
1007,791557,3740
1008,1000000,102660
1009,791557,29260
1010,791557,1040
1011,791557,4920
1012,1000000,189280
1013,791557,12740
1014,791557,6120
1015,1000000,51100
1016,2504,2500000
1017,791557,3580
1018,791557,1720
1019,791557,1300
1020,791557,1380
1021,1000000,72400
1022,1000000,87380
1023,791557,28030
1024,791557,5540
1025,791557,4940
1026,791557,18020
1027,791557,2820
1028,791557,5480
1029,791557,5860
1030,791557,1980
1031,1000000,104030
1032,791557,6980
1033,791557,6100
1034,791557,4400
1035,791557,1000
1036,791557,4300
1037,791557,4940
1038,791557,5120
1039,1000000,42400
1040,791557,2860
1041,791557,23430
1042,791557,2080
1043,1000000,107980
1044,791557,2940
1045,791557,2760
1046,791557,2610
1047,791557,5040
1048,791557,14220
1049,791557,13220
1050,791557,5940
1051,791557,9550
1052,791557,8860
1053,791557,8630
1054,1000000,86380
1055,791557,1600
1056,1000000,205500
1057,791557,10160
1058,791557,3420
1059,791557,9020
1060,791557,6820
1061,791557,10850
1062,1000000,73560
1063,791557,3140
1064,791557,8740
1065,1000000,42200
1066,791557,28450
1067,1000000,47180
1068,791557,1000
1069,791557,1170
1070,1000000,88040
1071,1000000,72670
1072,791557,7280
1073,791557,6480
1074,791557,1080
1075,791557,10220
1076,791557,6600
1077,791557,7240
1078,791557,5040
1079,791557,5500
1080,1000000,40660
1081,791557,1000
1082,791557,10500
1083,791557,2580
1084,791557,1000
1085,791557,21200
1086,791557,1240
1087,791557,2960
1088,791557,10860
1089,791557,2840
1090,791557,10210
1091,791557,12340
1092,791557,7560
1093,1000000,45950
1094,791557,7800
1095,791557,12840
1096,791557,2320
1097,791557,14050
1098,791557,9280
1099,791557,3100
1100,1000000,34020
1101,1000000,31680
1102,791557,3770
1103,1000000,79250
1104,791557,2650
1105,1000000,44460
1106,791557,6160
1107,791557,24460
1108,791557,5440
1109,791557,4490
1110,791557,2020
1111,791557,13390
1112,791557,19060
1113,791557,24890
1114,1000000,32320
1115,791557,3600
1116,791557,21860
1117,791557,23520
1118,791557,2000
1119,791557,1860
1120,791557,4640
1121,791557,1000
1122,791557,2780
1123,791557,2990
1124,1000000,178680
1125,1000000,80480
1126,791557,5360
1127,791557,2170
1128,791557,1720
1129,791557,1400
1130,791557,1850
1131,791557,4000
1132,791557,21980
1133,791557,1000
1134,791557,9160
1135,791557,1180
1136,791557,23790
1137,791557,7280
1138,1000000,48520
1139,1000000,66760
1140,791557,6650
1141,791557,8060
1142,791557,1060
1143,791557,13660
1144,791557,4860
1145,791557,2750
1146,791557,10900
1147,791557,1160
1148,1000000,67880
1149,791557,6740
1150,791557,7620
1151,791557,1000
1152,791557,11080
1153,791557,6820
1154,791557,1000
1155,791557,2900
1156,791557,6260
1157,791557,1160
1158,791557,6770
1159,791557,11540
1160,791557,24210
1161,791557,2720
1162,791557,1690
1163,791557,16450
1164,791557,11010
1165,1000000,435380
1166,1000000,43620
1167,791557,2840
1168,791557,6250
1169,791557,2300
1170,791557,1440
1171,791557,10240
1172,791557,7740
1173,791557,15300
1174,791557,14280
1175,791557,7100
1176,791557,1770
1177,791557,10440
1178,791557,18000
1179,1000000,31140
1180,791557,1000
1181,791557,2030
1182,1000000,58300
1183,791557,4320
1184,791557,7320
1185,791557,3000
1186,791557,20260
1187,1000000,53280
1188,791557,7540
1189,791557,2830
1190,791557,26290
1191,791557,2340
1192,791557,5500
1193,791557,4380
1194,1000000,96460
1195,1000000,93850
1196,791557,12800
1197,1000000,181780
1198,791557,1860
1199,791557,2380
1200,791557,19500
1201,791557,1400
1202,791557,3000
1203,791557,10280
1204,791557,2220
1205,791557,2500
1206,791557,6880
1207,791557,7180
1208,791557,23680
1209,1000000,46400
1210,791557,1000
1211,791557,8680
1212,1000000,39780
1213,1000000,90400
1214,791557,25880
1215,791557,6740
1216,791557,7860
1217,791557,4960
1218,791557,1180
1219,791557,15280
1220,791557,10850
1221,791557,12740
1222,1000000,47910
1223,791557,1320
1224,791557,2100
1225,791557,5220
1226,791557,7500
1227,791557,10100
1228,791557,26130
1229,791557,5500
1230,791557,8560
1231,791557,11150
1232,791557,3780
1233,791557,14400
1234,791557,4080
1235,1000000,92620
1236,791557,1000
1237,791557,15280
1238,1000000,37060
1239,791557,3980
1240,791557,1000
1241,1000000,65100
1242,1000000,41930
1243,791557,1160
1244,791557,4020
1245,791557,11170
1246,791557,1540
1247,791557,5520
1248,791557,1600
1249,791557,3250
1250,1000000,183440
1251,1000000,40620
1252,791557,8300
1253,791557,13940
1254,791557,21440
1255,791557,4460
1256,791557,9460
1257,791557,9780
1258,791557,9640
1259,791557,13200
1260,791557,29150
1261,791557,8180
1262,791557,26820
1263,791557,1340
1264,791557,3000
1265,791557,1500
1266,791557,7400
1267,1000000,157060
1268,1000000,53840
1269,791557,6180
1270,791557,24560
1271,791557,8580
1272,1000000,81340
1273,791557,11400
1274,791557,2110
1275,791557,2740
1276,791557,2270
1277,791557,6150
1278,1000000,180700
1279,791557,4180
1280,791557,2320
1281,791557,23850
1282,791557,7720
1283,791557,1800
1284,1000000,113360
1285,791557,4980
1286,791557,6260
1287,791557,4760
1288,791557,11740
1289,791557,5320
1290,791557,6560
1291,791557,4360
1292,791557,1580
1293,791557,5760
1294,791557,1280
1295,791557,5300
1296,1000000,110380
1297,791557,5370
1298,1000000,40800
1299,791557,1520
1300,791557,17500
1301,791557,5000
1302,1000000,78950
1303,791557,7170
1304,1000000,152590
1305,1000000,88220
1306,791557,15480
1307,1000000,63200
1308,1000000,31660
1309,791557,3120
1310,791557,14690
1311,791557,1000
1312,1000000,109700
1313,791557,13900
1314,1000000,34280
1315,1000000,168600
1316,791557,4080
1317,1000000,101060
1318,791557,1000
1319,791557,14340
1320,791557,7280
1321,791557,7130
1322,791557,4500
1323,791557,21420
1324,1000000,544440
1325,791557,1900
1326,791557,3200
1327,1000000,39100
1328,791557,1320
1329,791557,9740
1330,1000000,53050
1331,791557,9780
1332,791557,3690
1333,791557,6340
1334,791557,14960
1335,791557,1880
1336,791557,11750
1337,791557,2340
1338,1000000,163580
1339,791557,3900
1340,791557,2080
1341,791557,10140
1342,1000000,64500
1343,1000000,44040
1344,791557,20600
1345,791557,7400
1346,791557,7580
1347,791557,4120
1348,791557,5110
1349,1000000,41160
1350,791557,3020
1351,791557,1140
1352,791557,20000
1353,791557,1780
1354,791557,9240
1355,791557,2960
1356,791557,4460
1357,791557,4200
1358,791557,2260
1359,791557,2280
1360,791557,5500
1361,1000000,105180
1362,791557,8620
1363,1000000,243560
1364,791557,8180
1365,791557,8020
1366,791557,6970
1367,791557,17220
1368,791557,12940
1369,791557,2320
1370,1000000,65000
1371,791557,7800
1372,791557,8280
1373,791557,3460
1374,791557,1380
1375,791557,11300
1376,791557,5110
1377,791557,2400
1378,791557,1780
1379,1000000,42980
1380,791557,5060
1381,791557,2050
1382,791557,15040
1383,791557,1180
1384,791557,11580
1385,1000000,61500
1386,2504,2500000
1387,791557,5680
1388,791557,5800
1389,1000000,88400
1390,791557,2390
1391,1000000,48560
1392,1000000,30700
1393,1000000,60070
1394,1000000,48920
1395,791557,24400
1396,791557,3970
1397,791557,25040
1398,791557,3760
1399,1000000,52840
1400,791557,7800
1401,791557,18260
1402,1000000,43260
1403,791557,19600
1404,1000000,190760
1405,791557,4700
1406,791557,2340
1407,791557,14460
1408,1000000,301640
1409,791557,2430
1410,791557,19520
1411,1000000,71640
1412,791557,14640
1413,791557,3160
1414,1000000,140760
1415,1000000,46250
1416,791557,10620
1417,791557,28330
1418,791557,3000
1419,791557,2520
1420,791557,3100
1421,791557,2730
1422,791557,5570
1423,1000000,60990
1424,1000000,64250
1425,791557,8470
1426,791557,3960
1427,791557,12560
1428,791557,1000
1429,1000000,154180
1430,791557,7080
1431,791557,10860
1432,791557,7380
1433,791557,7920
1434,791557,4800
1435,1000000,42780
1436,791557,2280
1437,1000000,54040
1438,791557,18040
1439,791557,19540
1440,791557,9750
1441,791557,3900
1442,791557,2740
1443,791557,1180
1444,791557,9640
1445,791557,6630
1446,791557,3500
1447,791557,27250
1448,1000000,184380
1449,791557,2260
1450,791557,7180
1451,1000000,77270
1452,791557,2080
1453,1000000,48820
1454,791557,6500
1455,791557,5580
1456,791557,9940
1457,791557,2100
1458,791557,3470
1459,791557,18120
1460,791557,7520
1461,791557,2200
1462,791557,15020
1463,791557,7940
1464,1000000,46660
1465,791557,3880
1466,791557,2280
1467,791557,7040
1468,791557,3740
1469,791557,2920
1470,1000000,133400
1471,1000000,80860
1472,791557,4720
1473,791557,16060
1474,791557,2060
1475,791557,13020
1476,791557,4420
1477,791557,1680
1478,1000000,30140
1479,791557,10560
1480,791557,9780
1481,791557,7240
1482,1000000,94960
1483,791557,4880
1484,791557,1000
1485,791557,1600
1486,791557,8960
1487,791557,10260
1488,1000000,74300
1489,791557,3700
1490,1000000,95860
1491,791557,23280
1492,791557,20340
1493,791557,3660
1494,791557,2440
1495,1000000,69520
1496,791557,2780
1497,791557,8200
1498,791557,4380
1499,791557,17630
1500,791557,2080
1501,791557,2120
1502,791557,8550
1503,791557,11180
1504,791557,2390
1505,791557,1240
1506,791557,5840
1507,791557,4340
1508,791557,3240
1509,791557,4840
1510,1000000,42880
1511,1000000,83560
1512,791557,1640
1513,791557,4010
1514,791557,3410
1515,791557,14560
1516,791557,19450
1517,791557,13960
1518,791557,15720
1519,791557,7480
1520,1000000,109770
1521,791557,16620
1522,1000000,60920
1523,791557,9610
1524,791557,1860
1525,791557,13500
1526,791557,1000
1527,1000000,210540
1528,791557,1550
1529,791557,13460
1530,1000000,41540
1531,791557,4220
1532,791557,10830
1533,1000000,32480
1534,791557,1270
1535,791557,1050
1536,791557,5860
1537,791557,1370
1538,1000000,47780
1539,791557,5680
1540,1000000,30800
1541,791557,7150
1542,791557,8820
1543,791557,21980
1544,1000000,44660
1545,1000000,219000
1546,1000000,78320
1547,791557,11680
1548,791557,6880
1549,791557,1000
1550,791557,15830
1551,791557,4100
1552,791557,4360
1553,1000000,96690
1554,791557,9110
1555,791557,5400
1556,791557,7600
1557,1000000,85370
1558,1000000,31940
1559,1000000,37360
1560,1000000,102610
1561,791557,5500
1562,791557,1770
1563,791557,7190
1564,791557,4300
1565,1000000,34640
1566,1000000,36480
1567,791557,7000
1568,791557,19360
1569,791557,4540
1570,791557,2040
1571,791557,29580
1572,1000000,218760
1573,791557,1030
1574,791557,1020
1575,791557,4100
1576,1000000,52860
1577,791557,2650
1578,1000000,42680
1579,791557,4980
1580,1000000,63160
1581,791557,6570
1582,791557,9780
1583,791557,7240
1584,791557,1680
1585,791557,5980
1586,1000000,54640
1587,1000000,81060
1588,791557,1010
1589,791557,8020
1590,791557,2320
1591,1000000,30100
1592,1000000,92280
1593,791557,11290
1594,791557,3760
1595,791557,22600
1596,791557,6420
1597,791557,1380
1598,791557,27180
1599,791557,3640
1600,791557,1380
1601,791557,28750
1602,791557,12640
1603,791557,8340
1604,791557,29100
1605,791557,4360
1606,1000000,44620
1607,791557,7520
1608,791557,18050
1609,791557,7420
1610,791557,7240
1611,791557,1080
1612,1000000,72780
1613,791557,5820
1614,791557,2820
1615,791557,14520
1616,1000000,48080
1617,791557,26700
1618,791557,5680
1619,1000000,109580
1620,791557,6900
1621,791557,5780
1622,791557,16920
1623,791557,11560
1624,791557,10700
1625,791557,7680
1626,791557,6380
1627,791557,3160
1628,791557,3000
1629,791557,1070
1630,791557,6320
1631,791557,3320
1632,791557,8600
1633,791557,4530
1634,791557,1650
1635,1000000,575120
1636,791557,3380
1637,791557,3280
1638,1000000,278980
1639,791557,29360
1640,791557,1000
1641,1000000,32680
1642,791557,1000
1643,791557,12240
1644,791557,7580
1645,1000000,122180
1646,1000000,215530
1647,1000000,35160
1648,1000000,266060
1649,1000000,108620
1650,791557,8820
1651,791557,18880
1652,2504,2500000
1653,1000000,120000
1654,791557,6640
1655,1000000,35040
1656,791557,1080
1657,791557,21810
1658,791557,6000
1659,791557,4200
1660,791557,3800
1661,1000000,78700
1662,791557,25140
1663,791557,3340
1664,791557,3800
1665,1000000,38980
1666,791557,4880
1667,1000000,87800
1668,1000000,215460
1669,791557,2560
1670,791557,2640
1671,791557,4760
1672,791557,4120
1673,791557,1930
1674,791557,1020
1675,791557,1000
1676,791557,16120
1677,791557,9420
1678,791557,6640
1679,791557,1010
1680,791557,6500
1681,791557,1090
1682,1000000,59430
1683,791557,14610
1684,791557,4350
1685,791557,2160
1686,791557,15860
1687,791557,1380
1688,791557,25720
1689,791557,1360
1690,791557,14430
1691,1000000,44780
1692,791557,9040
1693,1000000,185390
1694,791557,3340
1695,791557,1050
1696,791557,24270
1697,791557,6340
1698,791557,1420
1699,791557,22180
1700,791557,14320
1701,791557,3300
1702,791557,4320
1703,791557,1050
1704,791557,2660
1705,791557,8180
1706,791557,5260
1707,791557,27800
1708,791557,3040
1709,791557,2460
1710,791557,4560
1711,1000000,46380
1712,791557,15260
1713,1000000,132620
1714,791557,1980
1715,791557,4670
1716,791557,16940
1717,791557,29860
1718,791557,3740
1719,791557,8540
1720,1000000,71500
1721,791557,11760
1722,791557,7580
1723,791557,8750
1724,791557,4520
1725,791557,1870
1726,791557,16120
1727,791557,2620
1728,1000000,34600
1729,791557,2040
1730,791557,1800
1731,791557,3570
1732,791557,1000
1733,1000000,44710
1734,791557,2940
1735,791557,3640
1736,1000000,52320
1737,791557,9130
1738,791557,7660
1739,791557,3030
1740,791557,1240
1741,1000000,51440
1742,791557,2280
1743,1000000,45460
1744,791557,11600
1745,791557,15860
1746,791557,3980
1747,791557,14460
1748,791557,2080
1749,1000000,184810
1750,791557,20820
1751,791557,5660
1752,791557,7420
1753,791557,1040
1754,791557,13760
1755,791557,13270
1756,1000000,46460
1757,791557,5780
1758,1000000,48240
1759,791557,1000
1760,791557,4450
1761,791557,1020
1762,1000000,36280
1763,1000000,81160
1764,791557,1380
1765,791557,20790
1766,791557,2520
1767,791557,16820
1768,791557,3100
1769,791557,3210
1770,2504,2500000
1771,1000000,49860
1772,1000000,39000
1773,791557,5380
1774,791557,2020
1775,791557,3360
1776,791557,9680
1777,791557,4880
1778,1000000,33320
1779,791557,7200
1780,791557,1380
1781,791557,2200
1782,791557,10820
1783,791557,6600
1784,1000000,46600
1785,791557,22890
1786,791557,10660
1787,791557,15320
1788,791557,2440
1789,1000000,52660
1790,791557,15400
1791,1000000,93630
1792,1000000,52240
1793,791557,4840
1794,791557,2170
1795,791557,1600
1796,791557,2500
1797,791557,4640
1798,791557,1640
1799,791557,12420
1800,1000000,31660
1801,791557,5410
1802,791557,2520
1803,791557,11240
1804,791557,5940
1805,791557,21320
1806,791557,1240
1807,791557,13340
1808,791557,3100
1809,791557,5920
1810,791557,7220
1811,791557,2650
1812,791557,4280
1813,791557,2510
1814,791557,1040
1815,791557,3900
1816,791557,2150
1817,791557,1900
1818,1000000,33620
1819,791557,10320
1820,1000000,90420
1821,791557,21120
1822,791557,6900
1823,1000000,49170
1824,791557,25480
1825,791557,28680
1826,791557,1560
1827,791557,3580
1828,1000000,68170
1829,791557,11660
1830,791557,7100
1831,791557,1660
1832,791557,16990
1833,791557,14300
1834,791557,14420
1835,1000000,174290
1836,791557,4340
1837,791557,10700
1838,791557,12860
1839,791557,6000
1840,1000000,256860
1841,791557,2880
1842,791557,6920
1843,1000000,344620
1844,791557,3950
1845,791557,19880
1846,791557,21980
1847,791557,12090
1848,791557,7020
1849,791557,11760
1850,791557,10280
1851,791557,1000
1852,791557,5600
1853,791557,4140
1854,791557,11040
1855,1000000,74480
1856,791557,5470
1857,791557,12460
1858,791557,4560
1859,1000000,64920
1860,791557,8660
1861,791557,4620
1862,791557,17170
1863,791557,7690
1864,1000000,116700
1865,791557,9730
1866,791557,3640
1867,791557,3020
1868,791557,1020
1869,791557,11860
1870,791557,4730
1871,791557,9040
1872,791557,2460
1873,791557,15500
1874,791557,7160
1875,1000000,87040
1876,791557,8940
1877,791557,3520
1878,791557,15290
1879,791557,12200
1880,791557,2410
1881,1000000,107560
1882,1000000,147320
1883,1000000,94660
1884,791557,22320
1885,791557,24680
1886,791557,1050
1887,791557,6230
1888,791557,9120
1889,791557,12870
1890,791557,6500
1891,791557,3340
1892,791557,25760
1893,791557,7840
1894,1000000,138620
1895,1000000,44540
1896,791557,1020
1897,791557,25500
1898,1000000,113360
1899,1000000,109180
1900,791557,1850
1901,791557,2190
1902,791557,18400
1903,791557,1230
1904,791557,2920
1905,1000000,351790
1906,791557,8380
1907,1000000,37680
1908,791557,8040
1909,791557,3600
1910,1000000,44480
1911,791557,8720
1912,791557,8700
1913,791557,2460
1914,791557,1000
1915,791557,4620
1916,1000000,169560
1917,791557,10900
1918,791557,2560
1919,791557,4630
1920,791557,3240
1921,791557,14800
1922,791557,29660
1923,791557,2260
1924,1000000,76760
1925,791557,20260
1926,791557,17320
1927,791557,18670
1928,791557,19360
1929,791557,3380
1930,791557,3270
1931,791557,14180
1932,791557,4380
1933,791557,14940
1934,791557,11100
1935,791557,6620
1936,791557,14310
1937,791557,1000
1938,791557,8580
1939,1000000,63970
1940,791557,20660
1941,791557,3860
1942,791557,6640
1943,791557,3400
1944,791557,1000
1945,791557,4720
1946,791557,7640
1947,791557,3440
1948,791557,6560
1949,791557,1540
1950,791557,2970
1951,1000000,51360
1952,791557,6200
1953,791557,4260
1954,791557,15660
1955,1000000,31420
1956,1000000,64440
1957,791557,8280
1958,791557,2750
1959,791557,6660
1960,791557,4240
1961,791557,3850
1962,791557,7960
1963,791557,1850
1964,1000000,111560
1965,791557,4730
1966,791557,17560
1967,1000000,36840
1968,1000000,87380
1969,1000000,44880
1970,791557,22820
1971,791557,1000
1972,791557,9610
1973,791557,6140
1974,791557,9340
1975,791557,3100
1976,791557,20440
1977,791557,1660
1978,1000000,153580
1979,791557,1000
1980,1000000,44540
1981,791557,6720
1982,1000000,46180
1983,791557,2070
1984,791557,5620
1985,791557,6530
1986,1000000,171080
1987,791557,1020
1988,791557,16080
1989,791557,9140
1990,791557,5780
1991,791557,2400
1992,1000000,92810
1993,791557,11300
1994,791557,1440
1995,1000000,125220
1996,791557,5840
1997,791557,3720
1998,791557,2800
1999,1000000,49400
2000,791557,2060
2001,791557,1000
2002,791557,4460
2003,791557,11340
2004,791557,20720
2005,791557,2200
2006,791557,16660
2007,791557,4210
2008,791557,6280
2009,791557,10810
2010,791557,1040
2011,791557,3620
2012,791557,2640
2013,791557,5920
2014,791557,27480
2015,791557,13320
2016,791557,1030
2017,791557,1800
2018,791557,2440
2019,791557,13940
2020,791557,17210
2021,791557,3040
2022,791557,16640
2023,791557,2140
2024,791557,7920
2025,791557,6120
2026,791557,16220
2027,791557,1650
2028,791557,5080
2029,791557,11200
2030,791557,4110
2031,791557,1050
2032,791557,2480
2033,1000000,58310
2034,791557,19500
2035,791557,11040
2036,1000000,152560
2037,791557,8340
2038,791557,1030
2039,791557,20230
2040,1000000,58100
2041,791557,2440
2042,791557,4430
2043,791557,4700
2044,791557,3040
2045,1000000,269800
2046,791557,6300
2047,791557,5840
2048,1000000,136560
2049,791557,1000
2050,791557,1370
2051,791557,23910
2052,791557,20360
2053,791557,4280
2054,791557,1760
2055,791557,4000
2056,791557,6920
2057,791557,3580
2058,791557,2740
2059,791557,24770
2060,791557,1820
2061,791557,3180
2062,791557,5500
2063,791557,3910
2064,791557,7960
2065,791557,3890
2066,791557,8080
2067,1000000,48040
2068,791557,2580
2069,791557,2150
2070,791557,8060
2071,791557,8180
2072,791557,8920
2073,791557,2930
2074,791557,6080
2075,791557,2110
2076,791557,15460
2077,1000000,98080
2078,791557,1200
2079,791557,14110
2080,791557,8400
2081,791557,1490
2082,791557,1060
2083,1000000,51980
2084,791557,4300
2085,791557,2620
2086,1000000,111560
2087,1000000,105900
2088,791557,22200
2089,791557,6220
2090,791557,2440
2091,1000000,93670
2092,1000000,120240
2093,791557,3660
2094,791557,5320
2095,791557,10760
2096,791557,6970
2097,791557,13100
2098,791557,13160
2099,791557,6520
2100,791557,13880
2101,1000000,68420
2102,791557,6980
2103,791557,8320
2104,791557,1500
2105,791557,5120
2106,791557,2980
2107,791557,6690
2108,791557,4540
2109,791557,4620
2110,1000000,48920
2111,791557,4220
2112,1000000,40300
2113,791557,8580
2114,1000000,75640
2115,791557,6110
2116,1000000,37240
2117,791557,6780
2118,791557,13500
2119,791557,4580
2120,791557,18860
2121,791557,20560
2122,791557,11660
2123,791557,6620
2124,1000000,877280
2125,791557,16610
2126,1000000,61560
2127,791557,1820
2128,791557,9050
2129,791557,1000
2130,791557,9760
2131,791557,23640
2132,791557,1960
2133,1000000,69980
2134,791557,7320
2135,791557,2680
2136,1000000,64750
2137,1000000,54260
2138,791557,28120
2139,791557,19180
2140,1000000,36740
2141,791557,12120
2142,1000000,68200
2143,791557,3220
2144,791557,1480
2145,791557,5040
2146,1000000,39660
2147,791557,2140
2148,1000000,72340
2149,791557,17360
2150,1000000,61270
2151,791557,5500
2152,791557,3260
2153,791557,4500
2154,791557,17580
2155,791557,5960
2156,791557,10440
2157,791557,22120
2158,791557,4240
2159,791557,2300
2160,1000000,52000
2161,791557,1280
2162,1000000,75200
2163,791557,2480
2164,791557,27570
2165,1000000,55180
2166,791557,2340
2167,791557,9980
2168,1000000,44770
2169,791557,2220
2170,791557,6380
2171,791557,6830
2172,791557,2420
2173,791557,4780
2174,1000000,43580
2175,1000000,85120
2176,1000000,336160
2177,791557,4460
2178,1000000,155940
2179,1000000,33140
2180,1000000,611920
2181,791557,2700
2182,791557,4380
2183,791557,3400
2184,791557,28600
2185,791557,3240
2186,791557,1010
2187,791557,4920
2188,791557,1780
2189,791557,10680
2190,791557,1020
2191,791557,3910
2192,791557,9130
2193,791557,4780
2194,791557,19710
2195,1000000,42030
2196,791557,6000
2197,791557,4360
2198,791557,2010
2199,791557,3060
2200,791557,7000
2201,1000000,71160
2202,791557,10060
2203,1000000,38540
2204,791557,6380
2205,1000000,38520
2206,791557,4580
2207,791557,1160
2208,791557,15920
2209,791557,4420
2210,791557,2260
2211,791557,9300
2212,791557,5520
2213,1000000,43900
2214,791557,4360
2215,1000000,44960
2216,791557,1010
2217,791557,27060
2218,791557,9800
2219,2504,2500000
2220,791557,5060
2221,791557,3140
2222,791557,8200
2223,791557,2560
2224,791557,18560
2225,791557,5580
2226,791557,4100
2227,791557,10340
2228,791557,5250
2229,791557,3760
2230,791557,1920
2231,791557,24750
2232,791557,6880
2233,791557,1760
2234,791557,2840
2235,791557,2570
2236,791557,1370
2237,791557,1650
2238,791557,3660
2239,791557,1020
2240,791557,8340
2241,791557,1550
2242,1000000,251790
2243,791557,11500
2244,791557,1000
2245,791557,3680
2246,791557,13740
2247,791557,2420
2248,791557,11700
2249,791557,8630
2250,1000000,49960
2251,791557,1210
2252,791557,1920
2253,791557,4280
2254,1000000,32520
2255,791557,6480
2256,791557,1040
2257,791557,6380
2258,791557,3900
2259,791557,7300
2260,791557,3530
2261,791557,25580
2262,1000000,31020
2263,791557,2240
2264,791557,2220
2265,791557,14340
2266,791557,9890
2267,1000000,205800
2268,791557,2180
2269,791557,11160
2270,791557,3020
2271,791557,6220
2272,791557,8820
2273,1000000,33600
2274,791557,2260
2275,791557,2920
2276,791557,6380
2277,791557,27560
2278,1000000,51600
2279,791557,18120
2280,1000000,38200
2281,791557,4540
2282,1000000,169720
2283,791557,4400
2284,791557,5020
2285,791557,14950
2286,1000000,49560
2287,791557,8740
2288,1000000,95300
2289,1000000,83960
2290,791557,4870
2291,791557,4640
2292,791557,27120
2293,1000000,32080
2294,791557,1700
2295,1000000,57000
2296,791557,6840
2297,1000000,71620
2298,1000000,52600
2299,1000000,36980
2300,791557,8020
2301,791557,3540
2302,791557,13720
2303,791557,5960
2304,791557,12040
2305,791557,12500
2306,1000000,125220
2307,791557,7140
2308,1000000,86580
2309,791557,2340
2310,791557,14310
2311,791557,9140
2312,791557,4640
2313,791557,9980
2314,1000000,49300
2315,791557,7730
2316,791557,2080
2317,791557,1010
2318,791557,11320
2319,791557,6540
2320,791557,8260
2321,791557,5030
2322,791557,19880
2323,791557,23180
2324,791557,2550
2325,791557,2060
2326,791557,27260
2327,791557,17560
2328,791557,4620
2329,791557,2980
2330,791557,6620
2331,791557,3700
2332,791557,22000
2333,791557,2940
2334,791557,1480
2335,791557,3000
2336,791557,3520
2337,1000000,31680
2338,791557,17480
2339,791557,2080
2340,1000000,49110
2341,1000000,38460
2342,791557,2700
2343,791557,1520
2344,791557,2140
2345,791557,5960
2346,791557,1430
2347,791557,6380
2348,791557,1020
2349,1000000,415420
2350,1000000,157720
2351,791557,15660
2352,791557,2820
2353,791557,5680
2354,791557,28180
2355,791557,7380
2356,791557,1000
2357,1000000,90440
2358,791557,11380
2359,791557,1010
2360,1000000,46600
2361,791557,18460
2362,791557,4420
2363,1000000,36040
2364,791557,17700
2365,791557,1000
2366,791557,5970
2367,1000000,30440
2368,1000000,47100
2369,791557,7820
2370,791557,8460
2371,791557,13100
2372,791557,7750
2373,791557,4380
2374,791557,28950
2375,791557,7780
2376,791557,7060
2377,791557,17030
2378,791557,16900
2379,791557,1260
2380,791557,5260
2381,791557,18220
2382,791557,8900
2383,791557,17280
2384,791557,3070
2385,791557,7080
2386,791557,2960
2387,791557,1060
2388,791557,28700
2389,791557,6000
2390,791557,3400
2391,791557,7740
2392,1000000,89960
2393,791557,11240
2394,791557,1000
2395,791557,6240
2396,1000000,35960
2397,1000000,31520
2398,1000000,120340
2399,791557,21300
2400,791557,12480
2401,791557,1340
2402,791557,4080
2403,791557,8400
2404,1000000,46600
2405,791557,8770
2406,791557,9780
2407,791557,1000
2408,791557,4550
2409,791557,1300
2410,791557,3900
2411,1000000,103260
2412,791557,1780
2413,791557,29960
2414,791557,3740
2415,791557,3300
2416,791557,9100
2417,791557,5660
2418,791557,25690
2419,791557,5040
2420,791557,2070
2421,791557,3220
2422,791557,14140
2423,791557,21630
2424,791557,8480
2425,791557,1030
2426,1000000,33180
2427,1000000,350190
2428,791557,6260
2429,791557,18080
2430,791557,9880
2431,1000000,74160
2432,791557,1620
2433,791557,1460
2434,791557,6460
2435,791557,1000
2436,791557,3580
2437,791557,1200
2438,1000000,31140
2439,791557,29710
2440,1000000,223240
2441,791557,1760
2442,1000000,60860
2443,791557,2960
2444,791557,3810
2445,791557,4120
2446,791557,5890
2447,791557,3240
2448,791557,29600
2449,791557,1560
2450,791557,18540
2451,1000000,187890
2452,791557,3700
2453,1000000,43440
2454,1000000,69500
2455,791557,20430
2456,791557,9760
2457,791557,23940
2458,791557,5200
2459,791557,9530
2460,1000000,114660
2461,1000000,74500
2462,1000000,42840
2463,791557,2520
2464,791557,6480
2465,791557,10120
2466,791557,3520
2467,791557,16520
2468,1000000,42240
2469,791557,11590
2470,791557,12680
2471,791557,6020
2472,791557,15660
2473,791557,3530
2474,1000000,37330
2475,791557,4580
2476,791557,4740
2477,1000000,52190
2478,791557,12250
2479,791557,11180
2480,1000000,102080
2481,791557,14160
2482,791557,11120
2483,791557,9140
2484,791557,3380
2485,791557,4680
2486,791557,5180
2487,791557,21240
2488,791557,1300
2489,791557,2960
2490,791557,9020
2491,791557,1000
2492,791557,6380
2493,791557,4820
2494,791557,6620
2495,791557,1000
2496,791557,4640
2497,1000000,194080
2498,791557,2020
2499,791557,3400
2500,791557,1430
2501,791557,2700
2502,791557,4960
2503,791557,26000
2504,791557,19280
2505,1000000,44560
2506,791557,15980
2507,791557,11220
2508,791557,7700
2509,791557,9620
2510,791557,21580
2511,791557,6910
2512,791557,5480
2513,791557,5880
2514,1000000,47320
2515,791557,2590
2516,791557,12020
2517,791557,9790
2518,791557,1020
2519,791557,6570
2520,791557,2360
2521,791557,3370
2522,791557,14600
2523,1000000,39240
2524,1000000,33140
2525,791557,15500
2526,1000000,201540
2527,791557,1000
2528,1000000,37620
2529,791557,2920
2530,1000000,110640
2531,791557,1000
2532,791557,6960
2533,1000000,58370
2534,791557,18320
2535,791557,1760
2536,791557,16800
2537,791557,6680
2538,791557,1710
2539,791557,2700
2540,1000000,62340
2541,791557,5700
2542,1000000,450800
2543,1000000,49100
2544,791557,2730
2545,1000000,45890
2546,791557,1000
2547,1000000,39650
2548,791557,2640
2549,791557,3060
2550,791557,16920
2551,1000000,267540
2552,791557,14000
2553,1000000,102160
2554,1000000,76010
2555,1000000,39680
2556,791557,6100
2557,791557,19250
2558,1000000,31920
2559,791557,5880
2560,1000000,31780
2561,791557,11780
2562,791557,28700
2563,791557,4270
2564,1000000,116940
2565,791557,3340
2566,791557,1000
2567,791557,1000
2568,791557,7380
2569,791557,1280
2570,1000000,30700
2571,791557,1010
2572,791557,1000
2573,1000000,53800
2574,791557,4490
2575,791557,4100
2576,1000000,581200
2577,791557,1450
2578,1000000,80720
2579,791557,9580
2580,791557,2690
2581,791557,1010
2582,791557,7260
2583,1000000,37200
2584,791557,15440
2585,1000000,53890
2586,791557,8780
2587,791557,8180
2588,791557,7180
2589,791557,4140
2590,791557,10180
2591,791557,1020
2592,1000000,168160
2593,791557,1140
2594,791557,15640
2595,791557,2270
2596,1000000,41480
2597,791557,2220
2598,791557,14940
2599,791557,2740
2600,1000000,346000
2601,791557,9950
2602,791557,1000
2603,791557,3390
2604,791557,3250
2605,791557,8520
2606,791557,13320
2607,791557,27640
2608,791557,8310
2609,791557,19800
2610,791557,16200
2611,1000000,162320
2612,791557,28020
2613,791557,3360
2614,791557,1030
2615,791557,6580
2616,791557,11330
2617,791557,19840
2618,791557,5500
2619,791557,8680
2620,791557,6220
2621,791557,14540
2622,791557,1000
2623,791557,15040
2624,791557,8740
2625,791557,3800
2626,791557,3100
2627,791557,5720
2628,791557,13400
2629,791557,4250
2630,791557,18380
2631,791557,9630
2632,791557,4360
2633,1000000,40100
2634,791557,3500
2635,791557,1000
2636,791557,7760
2637,791557,1000
2638,791557,4080
2639,791557,5920
2640,791557,5150
2641,1000000,101860
2642,1000000,119480
2643,791557,1140
2644,1000000,71740
2645,791557,4380
2646,791557,4260
2647,1000000,71040
2648,791557,5800
2649,791557,12980
2650,1000000,36080
2651,791557,3740
2652,791557,3060
2653,791557,3080
2654,791557,1550
2655,791557,1780
2656,791557,13340
2657,791557,5220
2658,791557,3020
2659,1000000,34620
2660,791557,1580
2661,1000000,82140
2662,791557,9330
2663,1000000,48100
2664,791557,2740
2665,791557,11460
2666,791557,6420
2667,791557,12670
2668,791557,7770
2669,791557,2880
2670,791557,11880
2671,791557,8480
2672,791557,10360
2673,1000000,118800
2674,791557,2060
2675,791557,10920
2676,791557,3340
2677,791557,9710
2678,1000000,104640
2679,791557,8880
2680,791557,1140
2681,791557,2990
2682,791557,2030
2683,791557,10030
2684,1000000,39000
2685,791557,1840
2686,791557,3980
2687,1000000,36880
2688,1000000,48800
2689,791557,1320
2690,1000000,76640
2691,1000000,134790
2692,791557,22410
2693,791557,2430
2694,791557,8030
2695,791557,1030
2696,791557,12420
2697,791557,2660
2698,791557,6420
2699,791557,27140
2700,1000000,77810
2701,1000000,126760
2702,791557,2160
2703,791557,4360
2704,791557,3370
2705,791557,2610
2706,791557,2160
2707,1000000,118220
2708,791557,5870
2709,791557,26230
2710,791557,4340
2711,791557,4080
2712,791557,23480
2713,791557,15480
2714,791557,3320
2715,791557,1300
2716,791557,4610
2717,791557,1100
2718,791557,11220
2719,791557,6820
2720,1000000,109520
2721,791557,2840
2722,791557,4560
2723,791557,11800
2724,791557,4340
2725,791557,4500
2726,791557,2760
2727,1000000,128260
2728,791557,10280
2729,791557,2360
2730,1000000,62720
2731,791557,8840
2732,1000000,30360
2733,791557,9110
2734,791557,25500
2735,791557,5660
2736,791557,2380
2737,791557,9500
2738,791557,7150
2739,1000000,61480
2740,791557,2600
2741,791557,1780
2742,791557,2620
2743,1000000,79660
2744,791557,1640
2745,791557,2820
2746,1000000,257920
2747,791557,9120
2748,1000000,538740
2749,791557,1000
2750,791557,25180
2751,791557,5280
2752,791557,1960
2753,791557,2250
2754,791557,3180
2755,791557,5380
2756,791557,3020
2757,791557,1660
2758,791557,11220
2759,791557,4760
2760,791557,5640
2761,791557,5120
2762,791557,10800
2763,791557,1540
2764,791557,8990
2765,791557,11300
2766,791557,5360
2767,1000000,77220
2768,1000000,46220
2769,1000000,47440
2770,791557,9960
2771,1000000,55840
2772,791557,8270
2773,791557,13880
2774,1000000,45460
2775,791557,14820
2776,791557,26280
2777,791557,1600
2778,1000000,52800
2779,791557,4520
2780,791557,3160
2781,1000000,160590
2782,791557,15220
2783,791557,23340
2784,791557,3160
2785,791557,8710
2786,1000000,42580
2787,791557,13520
2788,791557,6170
2789,791557,2050
2790,791557,5300
2791,791557,8620
2792,791557,8900
2793,791557,25050
2794,1000000,127580
2795,791557,6760
2796,791557,1000
2797,1000000,67380
2798,1000000,74520
2799,1000000,34580
2800,791557,9560
2801,791557,15000
2802,791557,6900
2803,791557,10470
2804,791557,2360
2805,1000000,58300
2806,1000000,36680
2807,791557,3440
2808,791557,2860
2809,791557,4240
2810,791557,9880
2811,791557,2960
2812,791557,13920
2813,791557,5100
2814,791557,9340
2815,791557,2710
2816,791557,17200
2817,1000000,55990
2818,791557,7160
2819,791557,19200
2820,1000000,31100
2821,791557,3020
2822,1000000,33140
2823,1000000,143400
2824,791557,19500
2825,791557,24080
2826,791557,6400
2827,791557,1980
2828,791557,2540
2829,791557,3280
2830,1000000,220280
2831,791557,1680
2832,791557,9680
2833,791557,5780
2834,791557,4000
2835,1000000,77280
2836,791557,8380
2837,791557,8710
2838,791557,9590
2839,791557,6000
2840,791557,1560
2841,791557,29120
2842,1000000,49220
2843,1000000,142700
2844,1000000,103680
2845,791557,4650
2846,791557,3520
2847,791557,5160
2848,791557,1560
2849,791557,10290
2850,791557,1340
2851,791557,4180
2852,791557,14110
2853,1000000,149120
2854,791557,14320
2855,791557,1030
2856,791557,4760
2857,791557,10290
2858,791557,1220
2859,791557,5720
2860,1000000,69800
2861,791557,1380
2862,1000000,43320
2863,791557,8110
2864,791557,14200
2865,791557,5300
2866,791557,20840
2867,791557,2060
2868,791557,7020
2869,791557,3840
2870,791557,1030
2871,791557,7560
2872,791557,4460
2873,791557,7320
2874,791557,9480
2875,791557,7740
2876,791557,13480
2877,791557,8230
2878,1000000,68920
2879,791557,8810
2880,791557,3050
2881,791557,1000
2882,791557,9660
2883,791557,14520
2884,791557,5300
2885,791557,17760
2886,791557,10180
2887,791557,3730
2888,791557,5820
2889,2504,2500000
2890,791557,12600
2891,791557,6220
2892,791557,20440
2893,791557,13020
2894,791557,2560
2895,1000000,41700
2896,791557,13900
2897,1000000,93900
2898,1000000,95400
2899,791557,18520
2900,791557,1000
2901,791557,5940
2902,791557,3260
2903,791557,4860
2904,791557,2420
2905,791557,3580
2906,791557,6900
2907,1000000,214320
2908,791557,20100
2909,791557,3240
2910,791557,12100
2911,791557,4360
2912,791557,2620
2913,791557,3720
2914,1000000,174180
2915,791557,3580
2916,791557,1000
2917,791557,4640
2918,791557,9480
2919,791557,5040
2920,791557,14080
2921,791557,5590
2922,1000000,95660
2923,1000000,71430
2924,791557,2380
2925,791557,14220
2926,791557,1000
2927,1000000,36040
2928,1000000,52800
2929,791557,11160
2930,791557,2160
2931,791557,4600
2932,791557,7420
2933,791557,6780
2934,791557,4080
2935,791557,1000
2936,791557,6610
2937,791557,10290
2938,1000000,56760
2939,1000000,41060
2940,791557,13340
2941,791557,1630
2942,791557,7400
2943,791557,24040
2944,791557,9620
2945,1000000,61720
2946,791557,2180
2947,791557,2400
2948,791557,4540
2949,791557,6690
2950,1000000,79020
2951,1000000,109660
2952,791557,3300
2953,791557,3080
2954,1000000,35940
2955,791557,2520
2956,791557,9500
2957,1000000,57730
2958,791557,3040
2959,791557,13460
2960,1000000,40740
2961,791557,7550
2962,791557,6820
2963,1000000,99350
2964,791557,13780
2965,1000000,37840
2966,791557,8060
2967,1000000,89240
2968,791557,22940
2969,791557,9960
2970,791557,16440
2971,791557,1760
2972,791557,5460
2973,1000000,55180
2974,791557,28920
2975,791557,1000
2976,791557,16380
2977,791557,1240
2978,1000000,123780
2979,791557,3540
2980,791557,24940
2981,791557,12380
2982,791557,4930
2983,791557,1460
2984,791557,11400
2985,791557,26180
2986,791557,3520
2987,1000000,39820
2988,1000000,68180
2989,791557,1760
2990,1000000,60440
2991,1000000,59860
2992,791557,12440
2993,791557,8040
2994,791557,5760
2995,791557,3420
2996,791557,4220
2997,791557,2300
2998,791557,2330
2999,791557,1400
3000,791557,7940
3001,1000000,66390
3002,791557,4220
3003,791557,18460
3004,791557,2000
3005,791557,4120
3006,791557,13480
3007,791557,6720
3008,791557,1000
3009,791557,5700
3010,791557,5740
3011,1000000,51080
3012,791557,6720
3013,791557,2560
3014,791557,1260
3015,791557,4900
3016,791557,5310
3017,791557,4740
3018,791557,3020
3019,791557,5320
3020,791557,3740
3021,791557,11260
3022,791557,20720
3023,791557,5480
3024,1000000,85240
3025,791557,10360
3026,1000000,58170
3027,791557,1140
3028,791557,2250
3029,791557,5820
3030,1000000,69760
3031,791557,3280
3032,791557,10950
3033,791557,14740
3034,1000000,51020
3035,791557,12840
3036,791557,5020
3037,791557,13340
3038,791557,2900
3039,791557,2460
3040,791557,7680
3041,791557,2580
3042,791557,11620
3043,791557,6620
3044,791557,8100
3045,791557,2260
3046,791557,2400
3047,1000000,76800
3048,791557,5140
3049,1000000,57520
3050,791557,2740
3051,791557,7560
3052,791557,5700
3053,791557,10020
3054,791557,9360
3055,791557,1540
3056,1000000,44560
3057,791557,5720
3058,1000000,71380
3059,1000000,76820
3060,791557,6380
3061,791557,5810
3062,791557,13940
3063,791557,11920
3064,791557,1140
3065,1000000,115200
3066,791557,14660
3067,1000000,56840
3068,791557,16040
3069,791557,16800
3070,791557,11480
3071,791557,23320
3072,1000000,117760
3073,791557,7310
3074,791557,10610
3075,791557,2360
3076,1000000,67070
3077,791557,26280
3078,791557,9460
3079,1000000,33130
3080,791557,1880
3081,1000000,67600
3082,791557,6540
3083,1000000,81470
3084,791557,1500
3085,791557,4300
3086,791557,2400
3087,791557,7000
3088,791557,9780
3089,791557,10240
3090,791557,2120
3091,1000000,49460
3092,791557,3940
3093,1000000,165660
3094,791557,6000
3095,791557,15540
3096,791557,1670
3097,791557,6220
3098,791557,1000
3099,791557,11800
3100,791557,7330
3101,791557,1040
3102,791557,3940
3103,791557,2400
3104,1000000,35080
3105,791557,3520
3106,1000000,45620
3107,791557,5420
3108,791557,1040
3109,791557,7340
3110,791557,8140
3111,791557,7020
3112,791557,14060
3113,1000000,136820
3114,791557,14660
3115,1000000,48940
3116,1000000,45140
3117,791557,22240
3118,791557,9840
3119,791557,3270
3120,791557,1800
3121,1000000,43860
3122,791557,4320
3123,791557,14070
3124,791557,2460
3125,791557,2870
3126,791557,2790
3127,791557,15620
3128,791557,4340
3129,791557,7610
3130,791557,4240
3131,791557,14520
3132,1000000,34510
3133,791557,1500
3134,791557,1440
3135,791557,1930
3136,1000000,49390
3137,791557,3240
3138,1000000,52450
3139,791557,6500
3140,791557,9160
3141,791557,6540
3142,791557,11620
3143,791557,2100
3144,791557,3900
3145,791557,29500
3146,791557,5560
3147,791557,29600
3148,791557,2640
3149,1000000,41700
3150,791557,25760
3151,791557,3740
3152,1000000,39000
3153,791557,3260
3154,791557,10260
3155,1000000,30240
3156,1000000,57040
3157,791557,1000
3158,1000000,367140
3159,791557,14640
3160,791557,7800
3161,791557,2660
3162,791557,23830
3163,791557,7110
3164,1000000,210070
3165,791557,4370
3166,791557,3180
3167,1000000,56880
3168,791557,6830
3169,791557,1000
3170,791557,1840
3171,791557,3450
3172,791557,3490
3173,791557,7240
3174,791557,1000
3175,791557,12830
3176,791557,9760
3177,791557,24320
3178,791557,5040
3179,791557,23700
3180,791557,9880
3181,791557,2240
3182,791557,2680
3183,791557,2580
3184,791557,8220
3185,791557,20780
3186,791557,6760
3187,791557,9000
3188,791557,8980
3189,791557,8160
3190,791557,3400
3191,791557,9340
3192,791557,15320
3193,791557,1900
3194,791557,14990
3195,1000000,47100
3196,791557,15580
3197,791557,3630
3198,1000000,30010
3199,791557,6560
3200,791557,1000
3201,791557,9200
3202,1000000,60860
3203,791557,4180
3204,791557,13130
3205,1000000,60220
3206,1000000,63760
3207,791557,8820
3208,1000000,103920
3209,791557,2300
3210,791557,22120
3211,1000000,70590
3212,791557,6200
3213,791557,9390
3214,791557,3180
3215,791557,9500
3216,791557,3180
3217,791557,4240
3218,791557,5840
3219,1000000,134300
3220,791557,1780
3221,791557,22140
3222,791557,15520
3223,1000000,69010
3224,791557,1030
3225,791557,18410
3226,791557,1000
3227,1000000,42330
3228,791557,9990
3229,1000000,36580
3230,1000000,106710
3231,791557,4660
3232,1000000,36370
3233,1000000,35690
3234,791557,1040
3235,1000000,57180
3236,791557,17560
3237,1000000,49180
3238,791557,2880
3239,791557,2640
3240,791557,1830
3241,791557,13580
3242,1000000,36860
3243,791557,4620
3244,791557,4650
3245,791557,13880
3246,791557,1000
3247,791557,2980
3248,791557,17360
3249,791557,1690
3250,791557,1640
3251,791557,3810
3252,791557,1880
3253,791557,2560
3254,791557,2370
3255,791557,1780
3256,791557,1440
3257,791557,5560
3258,791557,2720
3259,1000000,211980
3260,791557,3900
3261,1000000,34000
3262,791557,7440
3263,791557,1960
3264,791557,4970
3265,791557,14660
3266,791557,1980
3267,791557,1840
3268,1000000,105360
3269,791557,12920
3270,1000000,39480
3271,791557,10000
3272,791557,7040
3273,1000000,36720
3274,791557,5520
3275,791557,7140
3276,1000000,49760
3277,791557,9310
3278,791557,4800
3279,791557,7730
3280,791557,1390
3281,791557,4350
3282,791557,3980
3283,1000000,180850
3284,791557,1020
3285,791557,6160
3286,791557,12600
3287,791557,4380
3288,791557,24240
3289,791557,2620
3290,791557,7320
3291,791557,1860
3292,791557,1630
3293,791557,29980
3294,791557,1000
3295,791557,15630
3296,791557,1460
3297,791557,15460
3298,791557,10400
3299,791557,7880
3300,791557,8480
3301,791557,5200
3302,791557,16120
3303,791557,11160
3304,791557,12690
3305,791557,5000
3306,791557,1520
3307,791557,3080
3308,791557,9840
3309,1000000,192680
3310,791557,2760
3311,791557,28260
3312,791557,1030
3313,791557,4200
3314,791557,3240
3315,1000000,31760
3316,791557,4300
3317,791557,20770
3318,791557,9620
3319,791557,3000
3320,1000000,36360
3321,2504,2500000
3322,791557,14780
3323,791557,1020
3324,1000000,45410
3325,791557,8090
3326,791557,14320
3327,791557,4460
3328,1000000,38350
3329,791557,12100
3330,791557,18410
3331,1000000,218640
3332,1000000,176060
3333,791557,3900
3334,791557,27360
3335,1000000,88680
3336,791557,1000
3337,791557,6220
3338,791557,1560
3339,791557,7120
3340,791557,11600
3341,791557,8390
3342,791557,23140
3343,1000000,52820
3344,791557,2240
3345,791557,14220
3346,791557,4480
3347,791557,7500
3348,1000000,45740
3349,791557,28900
3350,791557,2210
3351,791557,2910
3352,791557,1320
3353,791557,9880
3354,791557,20800
3355,791557,16000
3356,1000000,81010
3357,791557,11780
3358,791557,1000
3359,791557,16820
3360,791557,1000
3361,791557,2940
3362,1000000,143160
3363,791557,6160
3364,791557,6720
3365,791557,4500
3366,791557,1000
3367,791557,6100
3368,1000000,74080
3369,791557,4000
3370,1000000,394030
3371,791557,23180
3372,791557,3090
3373,791557,8960
3374,791557,1100
3375,1000000,30360
3376,791557,15720
3377,791557,1320
3378,791557,2520
3379,791557,10460
3380,791557,21120
3381,791557,4520
3382,1000000,39980
3383,1000000,44620
3384,791557,11060
3385,791557,11260
3386,791557,1790
3387,791557,2500
3388,791557,8820
3389,1000000,52310
3390,791557,2920
3391,1000000,49620
3392,791557,1000
3393,1000000,33650
3394,791557,25960
3395,791557,13740
3396,791557,1930
3397,1000000,34370
3398,791557,6260
3399,1000000,307200
3400,791557,3880
3401,1000000,160000
3402,791557,2780
3403,791557,1000
3404,791557,13180
3405,791557,16120
3406,1000000,329060
3407,791557,3730
3408,1000000,60670
3409,791557,8960
3410,1000000,81700
3411,1000000,82750
3412,791557,8050
3413,1000000,37680
3414,791557,6200
3415,791557,3020
3416,791557,3220
3417,791557,13990
3418,791557,5140
3419,791557,1700
3420,1000000,87540
3421,791557,9180
3422,791557,5160
3423,791557,1000
3424,791557,2100
3425,791557,5760
3426,791557,2200
3427,1000000,49680
3428,791557,1740
3429,791557,1600
3430,1000000,97030
3431,791557,4720
3432,791557,1520
3433,791557,3620
3434,791557,6560
3435,791557,27620
3436,791557,2980
3437,1000000,83430
3438,791557,1620
3439,1000000,40800
3440,791557,2960
3441,791557,4320
3442,1000000,66040
3443,791557,8020
3444,791557,1040
3445,791557,5060
3446,791557,5900
3447,1000000,38690
3448,791557,5380
3449,791557,1040
3450,791557,7800
3451,791557,14840
3452,791557,12180
3453,791557,3380
3454,791557,2120
3455,791557,19220
3456,791557,20960
3457,791557,22040
3458,791557,1000
3459,791557,2720
3460,791557,5900
3461,791557,22540
3462,1000000,53420
3463,791557,15340
3464,791557,1620
3465,791557,6620
3466,791557,6040
3467,791557,8380
3468,791557,1320
3469,791557,10360
3470,791557,1000
3471,791557,20630
3472,791557,1040
3473,791557,5640
3474,1000000,91480
3475,791557,1000
3476,791557,4220
3477,791557,24200
3478,791557,7180
3479,791557,1660
3480,1000000,30160
3481,791557,1000
3482,791557,2960
3483,791557,5440
3484,791557,1600
3485,1000000,37170
3486,791557,1800
3487,1000000,86620
3488,791557,6060
3489,791557,1360
3490,1000000,37780
3491,791557,3830
3492,791557,4590
3493,791557,13040
3494,791557,25840
3495,791557,23910
3496,1000000,469220
3497,791557,5360
3498,791557,1270
3499,791557,25260
3500,791557,2820
3501,791557,1580
3502,791557,11000
3503,791557,6710
3504,791557,1000
3505,791557,5180
3506,791557,27500
3507,791557,5920
3508,1000000,37900
3509,1000000,33430
3510,1000000,55510
3511,791557,2960
3512,1000000,39080
3513,791557,1740
3514,791557,5320
3515,791557,4700
3516,791557,2340
3517,791557,3060
3518,791557,1280
3519,791557,8120
3520,791557,7300
3521,791557,1000
3522,1000000,167720
3523,791557,1260
3524,791557,1600
3525,791557,13540
3526,791557,3620
3527,791557,5360
3528,791557,2360
3529,791557,25210
3530,791557,29600
3531,791557,2000
3532,791557,15200
3533,791557,6860
3534,791557,2820
3535,791557,3600
3536,791557,13040
3537,791557,3760
3538,791557,6220
3539,1000000,50420
3540,791557,1000
3541,791557,4980
3542,791557,5060
3543,791557,7970
3544,791557,3280
3545,791557,27280
3546,791557,2640
3547,791557,1000
3548,1000000,92920
3549,791557,7400
3550,1000000,119890
3551,1000000,99640
3552,1000000,30720
3553,791557,3400
3554,791557,1000
3555,791557,2620
3556,791557,11920
3557,791557,1040
3558,791557,14940
3559,791557,5940
3560,791557,7920
3561,791557,28940
3562,791557,27680
3563,791557,8190
3564,791557,6420
3565,791557,7520
3566,791557,19430
3567,791557,11380
3568,791557,19220
3569,791557,2210
3570,791557,1310
3571,791557,2120
3572,791557,6760
3573,791557,1660
3574,791557,2720
3575,1000000,66520
3576,791557,3180
3577,791557,8870
3578,791557,2140
3579,791557,10900
3580,791557,1960
3581,1000000,105310
3582,791557,1540
3583,791557,15920
3584,791557,14950
3585,791557,1130
3586,791557,24880
3587,1000000,105200
3588,791557,2780
3589,791557,7920
3590,791557,9760
3591,791557,19040
3592,791557,7970
3593,791557,5240
3594,791557,9860
3595,791557,4080
3596,791557,11780
3597,791557,28530
3598,791557,6320
3599,791557,7920
3600,1000000,92700
3601,791557,1170
3602,791557,5980
3603,791557,11270
3604,791557,25330
3605,791557,13700
3606,791557,6330
3607,791557,2180
3608,791557,18400
3609,1000000,51020
3610,791557,28460
3611,791557,4680
3612,791557,1000
3613,791557,21820
3614,791557,4920
3615,791557,3320
3616,791557,2240
3617,791557,2160
3618,791557,1320
3619,791557,2120
3620,791557,18580
3621,791557,3260
3622,791557,13820
3623,791557,8120
3624,791557,11760
3625,791557,1030
3626,791557,12420
3627,791557,15480
3628,791557,15120
3629,1000000,63830
3630,791557,5460
3631,791557,19380
3632,791557,6960
3633,791557,24540
3634,791557,9940
3635,1000000,180150
3636,791557,10680
3637,1000000,42380
3638,791557,14000
3639,1000000,35600
3640,791557,8710
3641,791557,8220
3642,1000000,58920
3643,1000000,246620
3644,791557,3060
3645,791557,18900
3646,791557,8540
3647,791557,21800
3648,791557,4880
3649,791557,15010
3650,791557,2920
3651,1000000,38240
3652,791557,17180
3653,791557,6280
3654,791557,1180
3655,791557,1060
3656,791557,20320
3657,791557,3570
3658,791557,3920
3659,791557,1000
3660,791557,3180
3661,791557,4780
3662,791557,3340
3663,791557,7720
3664,791557,21990
3665,791557,3560
3666,791557,3400
3667,791557,7980
3668,791557,3460
3669,791557,13480
3670,791557,4120
3671,1000000,105420
3672,791557,1780
3673,791557,5850
3674,791557,26240
3675,791557,4280
3676,791557,5860
3677,1000000,51610
3678,791557,3420
3679,791557,1160
3680,791557,27020
3681,791557,1000
3682,791557,1080
3683,791557,12480
3684,791557,3240
3685,791557,18180
3686,791557,11880
3687,791557,1900
3688,791557,3300
3689,791557,2960
3690,791557,1400
3691,791557,3400
3692,791557,4330
3693,791557,1990
3694,791557,2920
3695,791557,6560
3696,791557,5040
3697,791557,4420
3698,791557,2440
3699,1000000,109240
3700,791557,1920
3701,791557,4820
3702,791557,3560
3703,1000000,101990
3704,1000000,34080
3705,791557,8020
3706,1000000,147220
3707,791557,1940
3708,791557,25360
3709,791557,1780
3710,1000000,108380
3711,791557,1940
3712,791557,2340
3713,1000000,63020
3714,791557,1440
3715,1000000,93120
3716,1000000,318940
3717,791557,4430
3718,791557,12600
3719,791557,2350
3720,1000000,77700
3721,791557,2520
3722,791557,1600
3723,791557,3720
3724,791557,1140
3725,791557,20180
3726,791557,4040
3727,791557,3100
3728,791557,10780
3729,1000000,63010
3730,1000000,54020
3731,1000000,32240
3732,1000000,33040
3733,1000000,57330
3734,791557,20460
3735,791557,9280
3736,791557,17020
3737,791557,12640
3738,791557,24400
3739,791557,3160
3740,791557,19340
3741,791557,9000
3742,791557,20000
3743,791557,1880
3744,791557,26840
3745,791557,5230
3746,791557,12050
3747,791557,11990
3748,791557,6460
3749,791557,7600
3750,791557,2220
3751,791557,4880
3752,791557,6600
3753,791557,3780
3754,791557,13120
3755,791557,5960
3756,1000000,46740
3757,791557,5480
3758,791557,16900
3759,791557,1020
3760,791557,17810
3761,791557,1000
3762,791557,4440
3763,791557,1020
3764,1000000,86160
3765,791557,13900
3766,791557,4340
3767,791557,4100
3768,791557,2740
3769,791557,3080
3770,791557,14550
3771,791557,2120
3772,1000000,59300
3773,791557,1710
3774,791557,9110
3775,791557,5900
3776,791557,9940
3777,791557,4180
3778,791557,1820
3779,791557,4580
3780,791557,4280
3781,791557,10390
3782,791557,1500
3783,791557,4920
3784,1000000,49820
3785,791557,9360
3786,791557,4630
3787,791557,6040
3788,1000000,33980
3789,791557,26520
3790,791557,6130
3791,791557,8130
3792,791557,7880
3793,791557,2060
3794,791557,5600
3795,791557,7760
3796,791557,24560
3797,791557,10750
3798,791557,8520
3799,791557,24220
3800,791557,1840
3801,1000000,52850
3802,791557,10560
3803,791557,6140
3804,791557,4860
3805,1000000,92040
3806,1000000,77740
3807,791557,1590
3808,791557,1780
3809,791557,9110
3810,791557,3460
3811,791557,7220
3812,791557,22980
3813,1000000,66430
3814,1000000,54100
3815,791557,4330
3816,1000000,79400
3817,791557,10600
3818,791557,10770
3819,791557,14860
3820,791557,2210
3821,791557,6620
3822,791557,7260
3823,791557,10760
3824,791557,12550
3825,1000000,62700
3826,1000000,217490
3827,791557,2120
3828,791557,1030
3829,791557,4160
3830,791557,1750
3831,791557,8670
3832,791557,16750
3833,791557,1440
3834,791557,8180
3835,791557,9620
3836,791557,9160
3837,791557,11660
3838,1000000,45530
3839,791557,8490
3840,791557,5880
3841,791557,10140
3842,1000000,270340
3843,791557,3660
3844,1000000,60320
3845,1000000,57460
3846,791557,2820
3847,791557,16440
3848,791557,9460
3849,791557,15460
3850,791557,2680
3851,791557,29380
3852,791557,1280
3853,1000000,105500
3854,791557,16860
3855,791557,17420
3856,1000000,66400
3857,1000000,59140
3858,791557,1540
3859,791557,4490
3860,791557,8100
3861,791557,12480
3862,1000000,34100
3863,791557,5520
3864,791557,1030
3865,791557,2620
3866,1000000,73980
3867,791557,1620
3868,791557,3880
3869,791557,6080
3870,1000000,72140
3871,791557,2840
3872,791557,3700
3873,1000000,41060
3874,791557,14480
3875,791557,8220
3876,791557,5100
3877,1000000,103030
3878,791557,1400
3879,1000000,33860
3880,1000000,39000
3881,791557,7430
3882,791557,17680
3883,791557,11410
3884,791557,5910
3885,791557,9080
3886,791557,3000
3887,1000000,146540
3888,791557,10460
3889,1000000,46660
3890,1000000,42380
3891,1000000,123500
3892,791557,5960
3893,791557,5340
3894,791557,8820
3895,1000000,57600
3896,791557,6980
3897,791557,7600
3898,791557,3780
3899,791557,8000
3900,791557,1340
3901,791557,1000
3902,791557,1010
3903,1000000,83640
3904,791557,4340
3905,791557,8120
3906,791557,8070
3907,791557,3220
3908,791557,9820
3909,791557,2220
3910,791557,8480
3911,791557,2960
3912,1000000,33480
3913,791557,7450
3914,791557,16110
3915,1000000,57340
3916,791557,3600
3917,791557,22100
3918,791557,10020
3919,791557,18850
3920,791557,1000
3921,1000000,56340
3922,791557,1060
3923,791557,2530
3924,791557,18640
3925,791557,1000
3926,791557,4310
3927,1000000,52440
3928,791557,2320
3929,791557,5120
3930,1000000,73740
3931,1000000,33640
3932,791557,8390
3933,791557,8670
3934,791557,9440
3935,791557,28320
3936,791557,24160
3937,791557,13820
3938,1000000,115880
3939,791557,3540
3940,1000000,31990
3941,791557,6180
3942,791557,2200
3943,791557,8220
3944,791557,11700
3945,1000000,152660
3946,791557,7850
3947,791557,6180
3948,791557,5820
3949,791557,1460
3950,791557,1510
3951,791557,2360
3952,791557,1850
3953,791557,2120
3954,791557,10760
3955,791557,4000
3956,791557,12400
3957,1000000,210770
3958,791557,28760
3959,791557,13320
3960,1000000,58500
3961,791557,23600
3962,791557,6640
3963,791557,1580
3964,791557,2640
3965,791557,9900
3966,791557,9780
3967,791557,9860
3968,791557,1820
3969,1000000,96060
3970,1000000,102100
3971,791557,10780
3972,791557,6060
3973,791557,11380
3974,1000000,47620
3975,791557,5660
3976,791557,3860
3977,791557,2660
3978,1000000,46860
3979,791557,9840
3980,1000000,125960
3981,791557,8560
3982,791557,18640
3983,791557,3700
3984,791557,2080
3985,791557,3520
3986,791557,5400
3987,791557,4440
3988,791557,10160
3989,791557,1980
3990,791557,2340
3991,791557,2600
3992,791557,16320
3993,791557,6480
3994,1000000,108960
3995,791557,6630
3996,791557,5620
3997,791557,15900
3998,791557,11540
3999,791557,29090
4000,791557,25170
4001,791557,10640
4002,791557,4950
4003,1000000,81680
4004,791557,3000
4005,1000000,107860
4006,1000000,150260
4007,791557,1300
4008,791557,6280
4009,791557,11860
4010,791557,4240
4011,791557,2370
4012,791557,1420
4013,791557,5120
4014,1000000,63780
4015,791557,3020
4016,1000000,123540
4017,1000000,95340
4018,791557,2600
4019,1000000,83280
4020,791557,13580
4021,791557,1000
4022,791557,4140
4023,791557,26860
4024,791557,1830
4025,1000000,103360
4026,791557,3790
4027,791557,5700
4028,791557,3960
4029,1000000,32780
4030,791557,4840
4031,791557,4440
4032,791557,29560
4033,791557,26840
4034,791557,4040
4035,1000000,39720
4036,791557,2860
4037,791557,16060
4038,791557,2080
4039,791557,2820
4040,1000000,101800
4041,791557,3020
4042,791557,2470
4043,791557,2600
4044,1000000,61500
4045,791557,12600
4046,791557,1000
4047,791557,3060
4048,791557,11970
4049,791557,3420
4050,791557,8140
4051,791557,5950
4052,791557,7520
4053,791557,2240
4054,1000000,60000
4055,791557,4580
4056,791557,13700
4057,791557,2840
4058,791557,19810
4059,791557,1740
4060,791557,12990
4061,791557,6550
4062,791557,5800
4063,791557,2860
4064,791557,5420
4065,791557,4740
4066,791557,9100
4067,791557,11340
4068,791557,3640
4069,791557,3060
4070,1000000,92880
4071,791557,4520
4072,791557,3380
4073,791557,8760
4074,791557,12700
4075,791557,7100
4076,1000000,69740
4077,791557,28180
4078,791557,13100
4079,791557,1000
4080,1000000,84740
4081,791557,23740
4082,791557,1000
4083,791557,1000
4084,791557,9960
4085,791557,2380
4086,791557,6470
4087,791557,12160
4088,791557,4820
4089,791557,2200
4090,791557,7260
4091,791557,5750
4092,1000000,35680
4093,791557,4100
4094,791557,12660
4095,791557,15660
4096,1000000,102080
4097,791557,10460
4098,791557,1480
4099,791557,5840
4100,791557,2340
4101,791557,7320
4102,791557,17080
4103,791557,18760
4104,791557,4590
4105,791557,8220
4106,791557,17300
4107,791557,6660
4108,791557,1580
4109,791557,7440
4110,791557,4000
4111,1000000,68960
4112,791557,1560
4113,791557,1000
4114,791557,1000
4115,791557,2640
4116,1000000,230220
4117,791557,25120
4118,1000000,55980
4119,791557,11760
4120,791557,22420
4121,791557,2520
4122,1000000,84640
4123,791557,4300
4124,1000000,31720
4125,791557,2520
4126,791557,4700
4127,791557,3960
4128,791557,3620
4129,1000000,109110
4130,1000000,30350
4131,791557,12420
4132,791557,3400
4133,791557,1980
4134,791557,8590
4135,791557,2720
4136,791557,8560
4137,791557,3270
4138,1000000,189500
4139,791557,3560
4140,1000000,33520
4141,791557,19920
4142,791557,20940
4143,1000000,31000
4144,791557,4240
4145,791557,9280
4146,791557,2520
4147,1000000,45900
4148,791557,3380
4149,791557,13100
4150,791557,8880
4151,791557,10420
4152,791557,2650
4153,791557,2200
4154,791557,7100
4155,791557,6520
4156,791557,13700
4157,1000000,42710
4158,791557,1800
4159,1000000,51760
4160,791557,1520
4161,1000000,83670
4162,791557,10370
4163,791557,2420
4164,1000000,177430
4165,1000000,44500
4166,791557,1660
4167,1000000,65600
4168,1000000,110800
4169,791557,3760
4170,791557,5220
4171,791557,3040
4172,791557,1550
4173,791557,22830
4174,791557,4480
4175,791557,2380
4176,1000000,57280
4177,791557,2200
4178,791557,20680
4179,791557,11920
4180,791557,4540
4181,791557,7140
4182,791557,5170
4183,791557,3460
4184,1000000,51000
4185,1000000,61180
4186,791557,10560
4187,791557,9480
4188,791557,3450
4189,791557,3780
4190,791557,7580
4191,1000000,48200
4192,791557,5280
4193,791557,12010
4194,791557,1280
4195,791557,8500
4196,791557,3080
4197,791557,6440
4198,791557,27380
4199,791557,9040
4200,1000000,99300
4201,791557,2700
4202,791557,3440
4203,791557,6760
4204,791557,10840
4205,791557,3940
4206,791557,1440
4207,791557,5160
4208,791557,13900
4209,791557,1000
4210,791557,3280
4211,791557,22060
4212,791557,1480
4213,791557,4140
4214,791557,2300
4215,791557,1080
4216,791557,15320
4217,1000000,128840
4218,791557,1350
4219,791557,3400
4220,791557,5180
4221,1000000,51680
4222,791557,11420
4223,1000000,100380
4224,1000000,82620
4225,1000000,76700
4226,1000000,65320
4227,791557,4040
4228,791557,10370
4229,791557,1700
4230,791557,1000
4231,791557,11800
4232,791557,5040
4233,791557,3980
4234,1000000,298600
4235,791557,2700
4236,791557,2140
4237,791557,29120
4238,791557,12580
4239,791557,6920
4240,791557,14140
4241,791557,1000
4242,791557,4970
4243,791557,11530
4244,791557,6320
4245,791557,4520
4246,791557,2200
4247,1000000,324670
4248,791557,8020
4249,791557,5200
4250,791557,14260
4251,791557,5020
4252,791557,1830
4253,791557,8960
4254,791557,2440
4255,1000000,61300
4256,791557,8320
4257,791557,1780
4258,791557,4390
4259,791557,4540
4260,791557,1800
4261,791557,21850
4262,791557,3080
4263,791557,12560
4264,791557,16520
4265,791557,13820
4266,1000000,31060
4267,1000000,68300
4268,1000000,49080
4269,791557,4260
4270,791557,1690
4271,791557,6440
4272,791557,3220
4273,791557,1000
4274,791557,1400
4275,791557,1360
4276,1000000,140500
4277,791557,1500
4278,1000000,34760
4279,791557,26160
4280,791557,2120
4281,791557,2980
4282,791557,28560
4283,791557,9940
4284,791557,2400
4285,1000000,54420
4286,1000000,336160
4287,791557,8880
4288,791557,3770
4289,791557,3070
4290,1000000,51400
4291,2504,2500000
4292,791557,8760
4293,791557,7460
4294,791557,3540
4295,791557,2240
4296,791557,11820
4297,791557,3340
4298,1000000,161930
4299,791557,1000
4300,791557,8820
4301,791557,7580
4302,791557,4620
4303,791557,20920
4304,1000000,37160
4305,791557,1000
4306,791557,1690
4307,791557,10320
4308,791557,1010
4309,791557,6540
4310,791557,1000
4311,791557,1000
4312,791557,10280
4313,791557,5620
4314,791557,4060
4315,1000000,142860
4316,791557,1920
4317,791557,1000
4318,791557,2280
4319,791557,13680
4320,791557,9840
4321,791557,26660
4322,791557,2230
4323,791557,1420
4324,791557,3300
4325,791557,3420
4326,791557,29360
4327,791557,1040
4328,1000000,43590
4329,791557,1200
4330,1000000,279860
4331,791557,1180
4332,1000000,35060
4333,791557,2430
4334,791557,19920
4335,791557,4180
4336,1000000,101260
4337,1000000,40820
4338,791557,13020
4339,791557,2920
4340,791557,7220
4341,791557,11170
4342,1000000,37200
4343,791557,1840
4344,791557,19320
4345,791557,9960
4346,1000000,49240
4347,1000000,158260
4348,1000000,37620
4349,791557,19360
4350,1000000,60240
4351,791557,3660
4352,791557,9850
4353,791557,8940
4354,791557,5820
4355,791557,9970
4356,791557,6430
4357,791557,6640
4358,1000000,60380
4359,791557,8320
4360,791557,3640
4361,791557,1400
4362,791557,7620
4363,791557,5420
4364,791557,26340
4365,791557,3530
4366,1000000,235900
4367,791557,27280
4368,791557,4440
4369,791557,1720
4370,791557,20580
4371,1000000,217500
4372,791557,5020
4373,1000000,204060
4374,791557,11820
4375,791557,3640
4376,791557,9780
4377,791557,7040
4378,791557,5050
4379,791557,6200
4380,791557,3540
4381,791557,6710
4382,791557,7120
4383,791557,3100
4384,791557,1520
4385,791557,24820
4386,791557,15660
4387,791557,1000
4388,791557,6740
4389,791557,8320
4390,1000000,35700
4391,791557,1840
4392,791557,22300
4393,791557,12300
4394,1000000,143700
4395,791557,1800
4396,791557,3500
4397,791557,9920
4398,1000000,98600
4399,791557,19580
4400,1000000,57800
4401,791557,5190
4402,791557,22310
4403,1000000,36710
4404,791557,2110
4405,791557,22280
4406,1000000,40290
4407,791557,4280
4408,791557,7300
4409,1000000,54540
4410,791557,9800
4411,791557,3420
4412,791557,2640
4413,791557,12950
4414,791557,13200
4415,791557,6980
4416,791557,21900
4417,791557,1000
4418,1000000,42820
4419,791557,1580
4420,791557,9440
4421,791557,5820
4422,791557,1070
4423,791557,7520
4424,1000000,167080
4425,791557,5000
4426,1000000,57920
4427,791557,16900
4428,791557,3060
4429,1000000,121500
4430,791557,3880
4431,791557,8910
4432,1000000,163230
4433,791557,1000
4434,791557,4320
4435,791557,12740
4436,791557,1900
4437,1000000,37360
4438,791557,3760
4439,791557,3920
4440,791557,3380
4441,791557,2000
4442,791557,3040
4443,791557,2980
4444,791557,2110
4445,791557,4920
4446,791557,6840
4447,1000000,57620
4448,791557,3220
4449,791557,9780
4450,1000000,151260
4451,791557,7220
4452,791557,1030
4453,791557,8580
4454,791557,10680
4455,1000000,100060
4456,791557,29360
4457,1000000,80760
4458,791557,1600
4459,1000000,64400
4460,791557,9520
4461,791557,13840
4462,791557,1000
4463,791557,24380
4464,1000000,87380
4465,791557,14400
4466,791557,5500
4467,791557,13920
4468,791557,1040
4469,791557,15940
4470,791557,14260
4471,791557,8780
4472,791557,15340
4473,791557,23870
4474,1000000,33600
4475,791557,6940
4476,791557,1880
4477,791557,1060
4478,791557,2940
4479,791557,4000
4480,791557,8030
4481,791557,15980
4482,791557,3460
4483,791557,14100
4484,791557,4040
4485,791557,9020
4486,791557,2580
4487,791557,3040
4488,1000000,87260
4489,791557,7120
4490,1000000,65820
4491,791557,3640
4492,791557,1880
4493,791557,2080
4494,791557,7160
4495,791557,7120
4496,791557,4080
4497,791557,10680
4498,791557,8000
4499,791557,2100
4500,791557,28660
4501,791557,9380
4502,791557,11680
4503,791557,2580
4504,791557,7620
4505,791557,19870
4506,791557,1280
4507,791557,8250
4508,791557,3960
4509,1000000,58600
4510,791557,14180
4511,1000000,111440
4512,791557,12930
4513,791557,4100
4514,791557,3640
4515,791557,18480
4516,791557,3330
4517,791557,28760
4518,791557,8820
4519,791557,3760
4520,1000000,70000
4521,791557,5840
4522,791557,2840
4523,791557,1000
4524,791557,6300
4525,791557,6030
4526,791557,3940
4527,791557,7230
4528,1000000,88900
4529,791557,23280
4530,791557,5720
4531,1000000,132800
4532,1000000,118600
4533,791557,2350
4534,791557,2330
4535,1000000,55180
4536,1000000,71440
4537,791557,2680
4538,1000000,50380
4539,791557,2360
4540,791557,4180
4541,791557,8520
4542,791557,1840
4543,791557,2400
4544,1000000,71640
4545,791557,2060
4546,791557,2640
4547,791557,1780
4548,791557,5380
4549,791557,29580
4550,791557,5500
4551,791557,6140
4552,791557,3220
4553,791557,6760
4554,791557,2720
4555,1000000,37260
4556,1000000,81480
4557,791557,6500
4558,1000000,147380
4559,791557,26960
4560,791557,16940
4561,1000000,39580
4562,791557,1030
4563,791557,5020
4564,791557,10840
4565,791557,4960
4566,791557,4640
4567,791557,1780
4568,791557,3820
4569,1000000,66900
4570,791557,1000
4571,791557,4120
4572,791557,3800
4573,1000000,30500
4574,1000000,72120
4575,791557,11580
4576,791557,18240
4577,791557,8920
4578,791557,7350
4579,1000000,41400
4580,791557,1000
4581,791557,8160
4582,1000000,107740
4583,791557,25700
4584,791557,3430
4585,1000000,86170
4586,791557,1000
4587,791557,2740
4588,791557,4300
4589,791557,2780
4590,1000000,43180
4591,791557,8210
4592,791557,5540
4593,1000000,30140
4594,791557,7100
4595,1000000,31600
4596,791557,5560
4597,791557,5240
4598,791557,2290
4599,791557,23280
4600,1000000,279580
4601,791557,13040
4602,791557,4760
4603,791557,7620
4604,1000000,34030
4605,791557,3300
4606,791557,1700
4607,791557,1820
4608,791557,10240
4609,791557,8200
4610,1000000,30980
4611,791557,1020
4612,791557,4260
4613,791557,26060
4614,791557,4580
4615,791557,5380
4616,1000000,70520
4617,791557,1960
4618,791557,8210
4619,791557,2720
4620,791557,2700
4621,791557,24480
4622,1000000,102230
4623,791557,5610
4624,791557,4260
4625,791557,16680
4626,1000000,558800
4627,791557,19400
4628,791557,3420
4629,791557,3780
4630,1000000,440600
4631,791557,2920
4632,791557,1940
4633,791557,1380
4634,1000000,75820
4635,791557,2180
4636,791557,2480
4637,791557,1780
4638,791557,8580
4639,791557,5480
4640,791557,8360
4641,791557,2660
4642,791557,6920
4643,791557,6930
4644,791557,2800
4645,791557,11940
4646,791557,3640
4647,791557,1020
4648,791557,2340
4649,791557,16980
4650,791557,2700
4651,791557,16460
4652,1000000,86490
4653,791557,11790
4654,1000000,61340
4655,791557,5840
4656,791557,5430
4657,791557,17300
4658,791557,1820
4659,1000000,44420
4660,791557,2320
4661,791557,28040
4662,1000000,298340
4663,791557,6240
4664,791557,5500
4665,791557,4140
4666,1000000,164670
4667,791557,3300
4668,1000000,31460
4669,791557,26040
4670,791557,1890
4671,791557,16780
4672,791557,1670
4673,791557,4100
4674,791557,27500
4675,791557,1660
4676,1000000,69200
4677,1000000,781450
4678,791557,22320
4679,791557,1000
4680,791557,12120
4681,791557,3410
4682,1000000,151050
4683,1000000,90460
4684,791557,6160
4685,791557,1300
4686,791557,9120
4687,791557,4820
4688,791557,6540
4689,791557,6580
4690,791557,12260
4691,791557,4580
4692,791557,2360
4693,791557,4180
4694,791557,19900
4695,791557,8320
4696,1000000,164780
4697,791557,5520
4698,791557,1030
4699,791557,7260
4700,791557,5180
4701,791557,4580
4702,1000000,46560
4703,791557,10800
4704,791557,21360
4705,791557,6230
4706,791557,3670
4707,791557,5690
4708,791557,9300
4709,1000000,39770
4710,1000000,31180
4711,791557,24980
4712,791557,9270
4713,791557,28560
4714,791557,3900
4715,1000000,92000
4716,791557,2390
4717,1000000,50900
4718,791557,10500
4719,791557,1040
4720,791557,2900
4721,791557,4940
4722,791557,5920
4723,791557,5160
4724,791557,3160
4725,791557,4530
4726,791557,12980
4727,791557,17020
4728,1000000,30220
4729,791557,1350
4730,791557,3900
4731,791557,3640
4732,791557,6270
4733,791557,14800
4734,791557,8480
4735,791557,1480
4736,1000000,137460
4737,791557,3420
4738,791557,4320
4739,791557,9580
4740,791557,1000
4741,791557,3740
4742,791557,17260
4743,791557,16790
4744,791557,2700
4745,791557,3660
4746,791557,1450
4747,791557,3000
4748,791557,10880
4749,1000000,64440
4750,791557,8820
4751,791557,1410
4752,1000000,76270
4753,1000000,66460
4754,791557,10940
4755,791557,1860
4756,791557,11110
4757,1000000,57350
4758,1000000,40140
4759,791557,24730
4760,791557,2500
4761,791557,8380
4762,1000000,107500
4763,791557,1760
4764,791557,4400
4765,1000000,45790
4766,791557,3460
4767,791557,14220
4768,791557,7180
4769,791557,4100
4770,1000000,45920
4771,791557,2420
4772,1000000,47580
4773,1000000,65920
4774,791557,5700
4775,791557,19880
4776,791557,3160
4777,791557,6150
4778,791557,4100
4779,791557,1000
4780,791557,1850
4781,791557,1480
4782,791557,4180
4783,791557,1030
4784,791557,1040
4785,791557,1220
4786,791557,8680
4787,791557,25940
4788,791557,3850
4789,791557,27440
4790,791557,2020
4791,791557,26180
4792,791557,2570
4793,1000000,60020
4794,791557,4380
4795,791557,4050
4796,791557,8060
4797,1000000,33960
4798,791557,12760
4799,791557,29120
4800,791557,11690
4801,1000000,72000
4802,791557,3680
4803,791557,12510
4804,791557,15040
4805,1000000,49660
4806,791557,10880
4807,1000000,52880
4808,1000000,34760
4809,791557,3780
4810,791557,7320
4811,791557,3600
4812,791557,8210
4813,791557,9350
4814,791557,1020
4815,1000000,48820
4816,1000000,90440
4817,791557,16300
4818,791557,9750
4819,791557,21900
4820,791557,1020
4821,1000000,83700
4822,791557,11260
4823,791557,27900
4824,791557,8100
4825,791557,3360
4826,791557,1800
4827,791557,10320
4828,791557,12660
4829,791557,3060
4830,791557,1480
4831,791557,1820
4832,791557,13820
4833,1000000,38360
4834,1000000,35050
4835,1000000,62580
4836,791557,1080
4837,791557,5340
4838,791557,2000
4839,791557,3580
4840,791557,2460
4841,1000000,68560
4842,791557,2360
4843,791557,3130
4844,791557,3260
4845,791557,2020
4846,791557,17960
4847,791557,6760
4848,791557,2880
4849,791557,10760
4850,1000000,94160
4851,791557,25810
4852,791557,9540
4853,791557,3870
4854,1000000,31280
4855,791557,28500
4856,791557,3900
4857,791557,14240
4858,791557,13940
4859,791557,2680
4860,791557,1120
4861,791557,6720
4862,791557,1000
4863,791557,3440
4864,1000000,81480
4865,791557,7540
4866,1000000,54360
4867,791557,1190
4868,791557,14720
4869,791557,3400
4870,1000000,41600
4871,791557,13880
4872,791557,1880
4873,791557,17320
4874,791557,12080
4875,791557,5360
4876,1000000,139520
4877,1000000,76560
4878,1000000,35060
4879,791557,22750
4880,791557,1660
4881,791557,1000
4882,791557,3740
4883,791557,5260
4884,791557,3360
4885,791557,4540
4886,791557,2860
4887,791557,4980
4888,1000000,112240
4889,791557,3560
4890,1000000,128280
4891,791557,23980
4892,1000000,220180
4893,791557,1640
4894,1000000,48520
4895,791557,22450
4896,791557,13100
4897,791557,3940
4898,791557,3100
4899,1000000,45740
4900,1000000,137000
4901,791557,1490
4902,791557,5590
4903,1000000,39120
4904,791557,1600
4905,1000000,371260
4906,791557,1640
4907,791557,2360
4908,791557,12270
4909,1000000,70340
4910,791557,1010
4911,791557,27200
4912,1000000,44480
4913,1000000,45320
4914,791557,6500
4915,791557,1440
4916,1000000,68120
4917,791557,3410
4918,791557,3150
4919,791557,7180
4920,791557,4800
4921,1000000,112920
4922,1000000,32030
4923,791557,28240
4924,791557,2840
4925,791557,7760
4926,791557,6080
4927,791557,5080
4928,791557,1000
4929,791557,14050
4930,791557,5460
4931,791557,4200
4932,791557,17210
4933,791557,29400
4934,791557,9560
4935,791557,14250
4936,1000000,106660
4937,1000000,31520
4938,791557,1000
4939,791557,3720
4940,791557,18660
4941,1000000,76220
4942,1000000,131340
4943,791557,17220
4944,791557,7800
4945,791557,12100
4946,791557,3510
4947,791557,17500
4948,791557,2260
4949,791557,14520
4950,1000000,203820
4951,791557,16020
4952,791557,1100
4953,791557,6540
4954,791557,1000
4955,791557,3580
4956,1000000,84240
4957,791557,1440
4958,1000000,58510
4959,791557,2280
4960,791557,5660
4961,791557,1000
4962,791557,9920
4963,791557,7060
4964,791557,9540
4965,791557,6280
4966,1000000,39540
4967,791557,4960
4968,791557,13580
4969,791557,7240
4970,791557,28750
4971,1000000,51900
4972,791557,6540
4973,1000000,80640
4974,791557,7860
4975,791557,9490
4976,791557,2060
4977,791557,3140
4978,791557,20130
4979,791557,9000
4980,791557,14320
4981,1000000,338790
4982,791557,3980
4983,791557,1660
4984,791557,1000
4985,791557,2360
4986,791557,16220
4987,791557,1970
4988,791557,24030
4989,1000000,173900
4990,791557,19260
4991,791557,2220
4992,791557,2360
4993,791557,4340
4994,791557,15200
4995,791557,29000
4996,791557,15120
4997,791557,15920
4998,1000000,75630
4999,791557,3680
5000,791557,5810
5001,791557,15020
5002,791557,3420
5003,791557,7800
5004,791557,15380
5005,791557,1540
5006,791557,1200
5007,791557,8920
5008,791557,7260
5009,791557,2430
5010,1000000,41600
5011,791557,15040
5012,791557,4620
5013,791557,1420
5014,791557,29120
5015,1000000,273740
5016,791557,19380
5017,791557,1160
5018,791557,6310
5019,791557,14510
5020,1000000,272040
5021,1000000,58690
5022,791557,5820
5023,1000000,67060
5024,791557,11640
5025,791557,16260
5026,791557,25320
5027,1000000,120020
5028,1000000,32890
5029,791557,2680
5030,791557,1000
5031,791557,2160
5032,791557,15070
5033,791557,1560
5034,791557,24120
5035,791557,23710
5036,791557,3200
5037,1000000,46810
5038,791557,1180
5039,791557,1560
5040,791557,9840
5041,791557,2140
5042,791557,15980
5043,791557,1620
5044,791557,5060
5045,791557,2980
5046,791557,12680
5047,791557,4660
5048,791557,6010
5049,791557,2500
5050,1000000,111700
5051,1000000,50560
5052,791557,22620
5053,791557,3260
5054,791557,5640
5055,791557,3380
5056,791557,1820
5057,791557,12140
5058,791557,1020
5059,791557,3940
5060,791557,22920
5061,791557,22040
5062,791557,8700
5063,1000000,44540
5064,791557,4380
5065,791557,4860
5066,791557,2790
5067,1000000,57140
5068,791557,1000
5069,791557,5800
5070,791557,3460
5071,791557,7840
5072,791557,2510
5073,1000000,207020
5074,791557,17440
5075,791557,5780
5076,791557,8480
5077,791557,4060
5078,1000000,32400
5079,791557,2210
5080,791557,29420
5081,1000000,52180
5082,791557,8760
5083,1000000,158100
5084,791557,20370
5085,1000000,126250
5086,1000000,72840
5087,1000000,123240
5088,791557,1040
5089,1000000,55040
5090,791557,2790
5091,791557,7880
5092,791557,4190
5093,791557,2080
5094,791557,2880
5095,791557,2980
5096,791557,1450
5097,791557,6460
5098,791557,1350
5099,791557,4980
5100,791557,26160
5101,1000000,103380
5102,1000000,38340
5103,791557,1340
5104,791557,4260
5105,1000000,128480
5106,791557,3290
5107,791557,20500
5108,791557,3260
5109,791557,7520
5110,791557,2060
5111,791557,18040
5112,791557,10320
5113,791557,1000
5114,791557,1240
5115,791557,15890
5116,791557,2670
5117,791557,6800
5118,791557,7370
5119,791557,10680
5120,791557,21340
5121,791557,7220
5122,1000000,36400
5123,791557,7010
5124,791557,5480
5125,1000000,192380
5126,791557,5080
5127,791557,17900
5128,1000000,84740
5129,791557,5080
5130,791557,4220
5131,791557,4720
5132,791557,1480
5133,1000000,58500
5134,1000000,61130
5135,791557,19780
5136,791557,14600
5137,791557,1160
5138,791557,1960
5139,791557,12300
5140,791557,3340
5141,1000000,45980
5142,791557,5670
5143,791557,4640
5144,791557,3180
5145,791557,2360
5146,791557,6860
5147,791557,10540
5148,791557,16770
5149,791557,15560
5150,1000000,32880
5151,1000000,71540
5152,1000000,68990
5153,791557,25640
5154,791557,2860
5155,791557,9740
5156,1000000,134120
5157,1000000,50480
5158,791557,5860
5159,1000000,224420
5160,791557,26050
5161,1000000,119460
5162,1000000,203120
5163,791557,9510
5164,1000000,48760
5165,791557,10140
5166,791557,4980
5167,791557,8950
5168,791557,2680
5169,791557,1200
5170,791557,19460
5171,791557,7650
5172,791557,20980
5173,791557,12180
5174,1000000,34200
5175,791557,3820
5176,791557,12460
5177,791557,13920
5178,791557,8020
5179,1000000,113260
5180,791557,1610
5181,791557,4240
5182,791557,1000
5183,1000000,41020
5184,1000000,81710
5185,791557,6900
5186,791557,1920
5187,791557,3540
5188,791557,10200
5189,791557,3460
5190,791557,22260
5191,1000000,33550
5192,1000000,41920
5193,791557,5460
5194,1000000,210860
5195,791557,24060
5196,791557,3500
5197,791557,8120
5198,791557,1000
5199,791557,4980
5200,791557,4320
5201,791557,5540
5202,791557,2260
5203,791557,6060
5204,791557,1000
5205,791557,17700
5206,791557,5440
5207,791557,3520
5208,791557,2790
5209,791557,2820
5210,791557,1000
5211,1000000,231550
5212,791557,6560
5213,791557,5220
5214,791557,3560
5215,791557,5280
5216,1000000,52540
5217,791557,25300
5218,1000000,37940
5219,1000000,88680
5220,791557,13230
5221,1000000,211540
5222,791557,1000
5223,1000000,48330
5224,791557,3500
5225,791557,5090
5226,1000000,235140
5227,791557,5580
5228,791557,3020
5229,791557,5720
5230,791557,4380
5231,791557,14600
5232,791557,9700
5233,791557,2720
5234,791557,2140
5235,791557,9020
5236,791557,1020
5237,791557,3850
5238,791557,8480
5239,791557,6060
5240,791557,14900
5241,791557,10460
5242,791557,26280
5243,791557,10120
5244,791557,5220
5245,1000000,50860
5246,791557,6750
5247,791557,8460
5248,791557,11110
5249,791557,6420
5250,1000000,34540
5251,791557,3770
5252,1000000,82040
5253,791557,4400
5254,1000000,45700
5255,791557,1780
5256,791557,9560
5257,791557,2960
5258,1000000,71870
5259,791557,2540
5260,791557,3260
5261,791557,1020
5262,2504,2500000
5263,1000000,43940
5264,791557,21310
5265,791557,9620
5266,1000000,44980
5267,791557,2320
5268,1000000,82920
5269,791557,1720
5270,791557,16200
5271,1000000,74600
5272,791557,4180
5273,1000000,36420
5274,1000000,217940
5275,1000000,180860
5276,791557,1010
5277,1000000,31160
5278,791557,2040
5279,791557,17660
5280,1000000,98040
5281,791557,1710
5282,791557,3210
5283,791557,1970
5284,791557,13960
5285,791557,1900
5286,791557,3220
5287,791557,10780
5288,791557,9960
5289,791557,2970
5290,791557,1030
5291,791557,10120
5292,791557,1570
5293,1000000,232640
5294,791557,8740
5295,791557,2480
5296,791557,4010
5297,791557,20270
5298,791557,12360
5299,791557,4860
5300,1000000,68990
5301,791557,6560
5302,1000000,106210
5303,1000000,154910
5304,791557,7380
5305,791557,4090
5306,791557,10120
5307,791557,2300
5308,1000000,48270
5309,791557,17180
5310,791557,7520
5311,791557,13900
5312,791557,3920
5313,791557,1130
5314,1000000,41280
5315,791557,2600
5316,791557,13920
5317,791557,29360
5318,791557,4010
5319,791557,2540
5320,791557,4200
5321,791557,9230
5322,791557,7440
5323,791557,5420
5324,791557,3800
5325,791557,5880
5326,791557,20150
5327,1000000,86680
5328,791557,6120
5329,791557,3140
5330,791557,1620
5331,791557,1070
5332,1000000,31700
5333,1000000,34360
5334,791557,3130
5335,1000000,46120
5336,791557,1430
5337,791557,1300
5338,791557,10460
5339,791557,14990
5340,1000000,182300
5341,1000000,52120
5342,791557,3100
5343,1000000,64300
5344,791557,18440
5345,791557,13140
5346,791557,7590
5347,1000000,34840
5348,791557,1240
5349,791557,5480
5350,791557,5920
5351,791557,1460
5352,791557,9000
5353,791557,6260
5354,791557,3360
5355,791557,4020
5356,791557,13450
5357,791557,1490
5358,791557,27560
5359,791557,17790
5360,791557,5980
5361,791557,9260
5362,791557,11160
5363,791557,7960
5364,791557,7280
5365,791557,1010
5366,791557,3800
5367,791557,5140
5368,1000000,44040
5369,1000000,51820
5370,1000000,56520
5371,1000000,36990
5372,791557,8760
5373,791557,1930
5374,791557,10040
5375,791557,29490
5376,791557,4020
5377,791557,2040
5378,791557,3420
5379,1000000,78160
5380,1000000,141600
5381,791557,2240
5382,1000000,32610
5383,791557,6290
5384,791557,3280
5385,791557,5820
5386,791557,17480
5387,791557,3280
5388,1000000,32070
5389,791557,8940
5390,1000000,214380
5391,791557,6860
5392,791557,29370
5393,791557,5160
5394,791557,2940
5395,791557,10140
5396,791557,15580
5397,791557,2920
5398,791557,2600
5399,791557,20390
5400,791557,1580
5401,1000000,180080
5402,791557,15720
5403,791557,23060
5404,1000000,54280
5405,791557,7520
5406,791557,5750
5407,1000000,34320
5408,791557,15340
5409,791557,24140
5410,1000000,115360
5411,1000000,34210
5412,791557,13140
5413,791557,2260
5414,791557,14340
5415,1000000,37340
5416,791557,2210
5417,791557,3720
5418,791557,5380
5419,791557,4680
5420,791557,3600
5421,791557,1010
5422,1000000,45460
5423,1000000,69520
5424,1000000,71940
5425,1000000,95900
5426,791557,6070
5427,1000000,40900
5428,791557,20940
5429,1000000,34000
5430,791557,1000
5431,791557,3360
5432,791557,2650
5433,791557,7560
5434,791557,8340
5435,791557,14040
5436,791557,18960
5437,1000000,56230
5438,791557,1000
5439,791557,3320
5440,791557,1000
5441,791557,18080
5442,791557,11800
5443,791557,10860
5444,791557,1000
5445,791557,2810
5446,1000000,38680
5447,791557,2150
5448,791557,5340
5449,791557,7640
5450,791557,13570
5451,791557,1820
5452,1000000,366120
5453,791557,1520
5454,791557,1000
5455,791557,2160
5456,791557,23560
5457,791557,6630
5458,791557,14480
5459,791557,5600
5460,791557,1780
5461,791557,19490
5462,1000000,41940
5463,791557,1080
5464,791557,3600
5465,791557,28540
5466,791557,3380
5467,791557,20820
5468,791557,6520
5469,791557,2020
5470,791557,3240
5471,791557,10540
5472,791557,7500
5473,1000000,104810
5474,791557,5860
5475,791557,1030
5476,1000000,57740
5477,791557,5700
5478,791557,1520
5479,791557,10860
5480,791557,10800
5481,791557,1420
5482,791557,8400
5483,1000000,89000
5484,791557,1000
5485,791557,5980
5486,791557,8340
5487,791557,18670
5488,1000000,90040
5489,791557,5020
5490,1000000,274480
5491,1000000,127360
5492,791557,8390
5493,1000000,97460
5494,791557,1740
5495,1000000,67780
5496,791557,2140
5497,791557,18660
5498,791557,1000
5499,1000000,33080
5500,1000000,66380
5501,1000000,78020
5502,791557,12400
5503,791557,7760
5504,791557,9580
5505,791557,13020
5506,1000000,35980
5507,1000000,68100
5508,791557,1000
5509,791557,8470
5510,791557,4580
5511,791557,10960
5512,791557,7770
5513,791557,2260
5514,791557,1590
5515,791557,3400
5516,791557,8180
5517,791557,2680
5518,1000000,43040
5519,1000000,77080
5520,791557,14390
5521,1000000,33500
5522,791557,5000
5523,791557,1180
5524,791557,7680
5525,1000000,48500
5526,791557,22120
5527,1000000,100940
5528,791557,10440
5529,791557,7530
5530,791557,17660
5531,791557,9460
5532,1000000,42440
5533,791557,2460
5534,791557,2910
5535,1000000,112900
5536,791557,13620
5537,791557,1030
5538,791557,7300
5539,1000000,125670
5540,791557,3760
5541,791557,8880
5542,791557,8680
5543,1000000,44500
5544,1000000,37640
5545,791557,6760
5546,791557,1000
5547,791557,5960
5548,1000000,46480
5549,791557,3670
5550,1000000,92880
5551,791557,12030
5552,1000000,61300
5553,791557,3760
5554,791557,2320
5555,1000000,264260
5556,791557,1000
5557,791557,8760
5558,791557,23960
5559,791557,13540
5560,791557,1680
5561,1000000,74840
5562,791557,3020
5563,791557,11780
5564,791557,1640
5565,791557,18040
5566,791557,3780
5567,791557,12220
5568,791557,3110
5569,791557,20980
5570,791557,4780
5571,791557,11280
5572,791557,3860
5573,791557,1860
5574,791557,2720
5575,791557,6010
5576,791557,14870
5577,791557,4970
5578,791557,29440
5579,791557,3180
5580,791557,1000
5581,791557,7000
5582,791557,10940
5583,791557,2660
5584,791557,1000
5585,791557,5100
5586,791557,1000
5587,791557,22780
5588,791557,16060
5589,791557,10940
5590,791557,3080
5591,791557,2360
5592,791557,2860
5593,1000000,64420
5594,791557,1760
5595,1000000,32760
5596,791557,1340
5597,78892,1011510
5598,791557,1030
5599,791557,20910
5600,791557,2200
5601,791557,13320
5602,791557,5360
5603,1000000,159860
5604,791557,10480
5605,791557,12780
5606,1000000,144960
5607,791557,5360
5608,791557,4330
5609,791557,3900
5610,791557,1000
5611,791557,17540
5612,791557,1000
5613,791557,1950
5614,791557,8960
5615,791557,8080
5616,1000000,81740
5617,791557,9220
5618,791557,8890
5619,1000000,64050
5620,791557,1510
5621,791557,2880
5622,791557,5120
5623,791557,6580
5624,791557,9350
5625,1000000,71130
5626,791557,8300
5627,791557,2500
5628,791557,6630
5629,791557,1000
5630,791557,2110
5631,1000000,142340
5632,1000000,178600
5633,1000000,105160
5634,791557,3740
5635,791557,1000
5636,791557,7030
5637,791557,1060
5638,791557,6620
5639,791557,23480
5640,791557,7760
5641,791557,3020
5642,791557,3260
5643,791557,15830
5644,791557,1000
5645,791557,5560
5646,791557,3880
5647,1000000,68630
5648,791557,2440
5649,791557,17160
5650,1000000,138420
5651,791557,4620
5652,791557,18280
5653,791557,2100
5654,791557,7040
5655,791557,2540
5656,791557,9530
5657,791557,10750
5658,1000000,42910
5659,791557,6360
5660,791557,10720
5661,791557,2340
5662,1000000,50160
5663,791557,2260
5664,791557,5940
5665,791557,3530
5666,791557,3520
5667,791557,4400
5668,1000000,57880
5669,791557,16260
5670,791557,8020
5671,791557,1050
5672,1000000,30890
5673,791557,2460
5674,791557,13070
5675,1000000,325170
5676,791557,23080
5677,791557,28700
5678,791557,11800
5679,1000000,36010
5680,791557,1630
5681,791557,14610
5682,791557,11680
5683,791557,1320
5684,1000000,42720
5685,791557,10580
5686,791557,3520
5687,1000000,79400
5688,791557,12210
5689,791557,1870
5690,791557,6280
5691,1000000,82780
5692,791557,5380
5693,791557,3860
5694,791557,14870
5695,1000000,33190
5696,791557,2550
5697,791557,1020
5698,791557,2460
5699,1000000,56680
5700,791557,5660
5701,791557,3220
5702,791557,9900
5703,791557,2580
5704,791557,1360
5705,791557,1940
5706,1000000,45990
5707,791557,2940
5708,791557,2860
5709,1000000,56590
5710,1000000,51410
5711,791557,4110
5712,791557,1780
5713,1000000,123360
5714,791557,1000
5715,791557,1610
5716,791557,6040
5717,791557,5020
5718,791557,3430
5719,791557,5560
5720,1000000,87420
5721,791557,2000
5722,1000000,52280
5723,1000000,62360
5724,791557,11380
5725,1000000,62780
5726,791557,3700
5727,791557,20030
5728,791557,5320
5729,791557,5860
5730,791557,6170
5731,791557,14310
5732,791557,1170
5733,791557,1000
5734,1000000,58420
5735,791557,6580
5736,1000000,72220
5737,1000000,78820
5738,791557,18320
5739,791557,9140
5740,791557,1800
5741,791557,5920
5742,1000000,104860
5743,1000000,56040
5744,791557,4920
5745,1000000,41350
5746,791557,14100
5747,791557,2760
5748,791557,3840
5749,791557,11460
5750,1000000,48920
5751,1000000,107360
5752,1000000,172020
5753,791557,2000
5754,791557,3170
5755,791557,1040
5756,791557,10740
5757,791557,12660
5758,791557,15860
5759,791557,1520
5760,791557,3960
5761,1000000,84040
5762,1000000,31080
5763,1000000,69260
5764,791557,20300
5765,791557,2150
5766,791557,1700
5767,791557,3900
5768,1000000,38350
5769,791557,4930
5770,1000000,50180
5771,791557,1010
5772,791557,4900
5773,791557,6740
5774,791557,2620
5775,791557,7700
5776,791557,7110
5777,1000000,53650
5778,791557,8070
5779,791557,13420
5780,791557,4700
5781,791557,9450
5782,791557,2660
5783,791557,12720
5784,1000000,36240
5785,791557,1820
5786,791557,10720
5787,791557,3980
5788,1000000,492180
5789,791557,9040
5790,791557,4160
5791,1000000,203420
5792,791557,4460
5793,791557,9650
5794,791557,7550
5795,791557,28830
5796,791557,1440
5797,791557,27300
5798,791557,5340
5799,791557,8240
5800,791557,3240
5801,1000000,181920
5802,791557,6280
5803,791557,1860
5804,791557,1820
5805,791557,15100
5806,791557,1580
5807,791557,1010
5808,1000000,294820
5809,791557,1000
5810,791557,4680
5811,791557,1580
5812,791557,3100
5813,791557,3940
5814,791557,7520
5815,791557,16020
5816,1000000,213030
5817,791557,1260
5818,791557,5900
5819,791557,7870
5820,791557,12720
5821,791557,10350
5822,1000000,71290
5823,791557,2900
5824,791557,6680
5825,791557,1000
5826,791557,5900
5827,791557,3060
5828,1000000,36220
5829,791557,4560
5830,791557,1620
5831,791557,3260
5832,791557,7580
5833,791557,1940
5834,791557,1480
5835,1000000,108590
5836,1000000,73130
5837,791557,3100
5838,791557,5080
5839,791557,22300
5840,791557,2220
5841,1000000,53480
5842,791557,3060
5843,791557,13800
5844,791557,25520
5845,791557,14560
5846,791557,2040
5847,1000000,79200
5848,1000000,207200
5849,791557,2430
5850,791557,2650
5851,791557,1000
5852,1000000,77680
5853,1000000,72160
5854,1000000,55760
5855,791557,1540
5856,791557,4240
5857,791557,15740
5858,791557,1250
5859,1000000,199660
5860,791557,7400
5861,791557,1000
5862,791557,1000
5863,791557,3080
5864,791557,29700
5865,1000000,64660
5866,791557,2420
5867,791557,2360
5868,791557,9500
5869,1000000,94720
5870,791557,13820
5871,791557,7160
5872,791557,3480
5873,791557,3800
5874,791557,21280
5875,791557,3840
5876,1000000,49840
5877,791557,2440
5878,791557,12160
5879,791557,1030
5880,791557,2480
5881,791557,5460
5882,791557,7360
5883,791557,1410
5884,1000000,56380
5885,791557,12540
5886,1000000,71500
5887,791557,10980
5888,791557,5000
5889,791557,5000
5890,791557,7740
5891,791557,6780
5892,791557,8330
5893,791557,1060
5894,791557,7120
5895,791557,3740
5896,791557,19080
5897,791557,1000
5898,791557,3640
5899,791557,1740
5900,1000000,225760
5901,1000000,126940
5902,791557,6400
5903,791557,1560
5904,1000000,108500
5905,791557,2740
5906,791557,9170
5907,791557,5800
5908,1000000,35950
5909,791557,9080
5910,791557,4100
5911,791557,1000
5912,791557,1740
5913,791557,6680
5914,791557,3860
5915,791557,6580
5916,791557,1360
5917,791557,13460
5918,1000000,411160
5919,791557,12560
5920,791557,10220
5921,791557,2120
5922,791557,1200
5923,791557,3940
5924,791557,20230
5925,1000000,38860
5926,791557,20580
5927,1000000,43980
5928,791557,1680
5929,791557,14620
5930,791557,4590
5931,791557,17920
5932,791557,1640
5933,791557,15720
5934,791557,3240
5935,791557,20180
5936,791557,1420
5937,791557,2220
5938,791557,6490
5939,791557,1090
5940,1000000,662080
5941,791557,2400
5942,791557,1010
5943,791557,7360
5944,791557,4900
5945,791557,1000
5946,1000000,184020
5947,1000000,194200
5948,791557,6800
5949,791557,1060
5950,1000000,40960
5951,791557,23840
5952,791557,13740
5953,791557,9590
5954,791557,10900
5955,791557,2790
5956,791557,14810
5957,791557,1660
5958,791557,4480
5959,791557,10640
5960,1000000,45300
5961,791557,11660
5962,791557,7100
5963,1000000,45960
5964,791557,2560
5965,791557,2860
5966,791557,2480
5967,791557,11480
5968,791557,3550
5969,791557,1040
5970,791557,26940
5971,791557,7720
5972,791557,4400
5973,1000000,37820
5974,791557,1440
5975,791557,5820
5976,791557,1660
5977,791557,1080
5978,791557,17860
5979,791557,8130
5980,791557,28340
5981,791557,2420
5982,791557,10500
5983,791557,4600
5984,1000000,44800
5985,791557,3420
5986,791557,20970
5987,791557,1920
5988,791557,4090
5989,1000000,50120
5990,791557,4120
5991,791557,1460
5992,1000000,40230
5993,791557,3080
5994,791557,2040
5995,791557,2880
5996,791557,13540
5997,1000000,80080
5998,791557,1160
5999,791557,2220
6000,1000000,189640
6001,791557,23880
6002,791557,2680
6003,791557,2650
6004,1000000,82030
6005,1000000,75090
6006,791557,16450
6007,791557,6440
6008,791557,10760
6009,791557,10760
6010,791557,7700
6011,1000000,43820
6012,791557,4520
6013,1000000,205340
6014,1000000,36440
6015,1000000,81720
6016,791557,13700
6017,791557,16660
6018,791557,9200
6019,791557,3820
6020,791557,1980
6021,791557,13060
6022,791557,2340
6023,1000000,30300
6024,791557,2000
6025,791557,6780
6026,791557,3570
6027,1000000,49300
6028,791557,9820
6029,791557,7590
6030,791557,1000
6031,791557,4980
6032,791557,1720
6033,791557,1000
6034,1000000,34210
6035,791557,10020
6036,791557,4360
6037,791557,6940
6038,791557,7020
6039,791557,1820
6040,791557,6260
6041,791557,7260
6042,1000000,32330
6043,791557,19900
6044,791557,28240
6045,791557,27200
6046,791557,1490
6047,791557,3750
6048,791557,1820
6049,791557,1070
6050,1000000,52610
6051,1000000,66160
6052,791557,3720
6053,791557,1000
6054,791557,3410
6055,791557,2500
6056,1000000,35360
6057,791557,3020
6058,791557,1000
6059,791557,4640
6060,1000000,30520
6061,791557,11360
6062,1000000,143840
6063,791557,10300
6064,1000000,37680
6065,791557,5900
6066,1000000,51630
6067,1000000,82860
6068,791557,7160
6069,791557,18080
6070,791557,5500
6071,791557,26560
6072,1000000,85420
6073,791557,16860
6074,791557,3940
6075,791557,16420
6076,791557,2510
6077,791557,6260
6078,791557,1290
6079,1000000,44700
6080,791557,20640
6081,791557,9420
6082,791557,2420
6083,1000000,52680
6084,791557,3520
6085,791557,4740
6086,791557,9080
6087,791557,4360
6088,791557,3860
6089,791557,7800
6090,791557,4720
6091,791557,4320
6092,791557,5220
6093,791557,3700
6094,791557,4220
6095,791557,10620
6096,791557,4400
6097,791557,3860
6098,791557,10460
6099,791557,1620
6100,1000000,264940
6101,1000000,34220
6102,791557,1740
6103,791557,7290
6104,1000000,54050
6105,791557,1000
6106,1000000,55420
6107,791557,4020
6108,791557,12720
6109,791557,9840
6110,1000000,31360
6111,791557,2180
6112,791557,2730
6113,791557,3580
6114,791557,7300
6115,791557,6980
6116,791557,3400
6117,791557,12520
6118,791557,2660
6119,791557,24340
6120,791557,5900
6121,791557,2170
6122,791557,3480
6123,791557,8890
6124,791557,7760
6125,791557,6340
6126,1000000,161350
6127,1000000,46360
6128,791557,9110
6129,1000000,174700
6130,791557,6340
6131,1000000,70520
6132,791557,5990
6133,791557,5980
6134,791557,16260
6135,791557,1070
6136,791557,21480
6137,791557,10720
6138,791557,3960
6139,791557,8880
6140,791557,27760
6141,791557,11160
6142,791557,9280
6143,1000000,77570
6144,791557,17290
6145,791557,11130
6146,1000000,89260
6147,791557,2660
6148,791557,8900
6149,791557,4240
6150,791557,1010
6151,791557,3140
6152,791557,2100
6153,791557,9440
6154,791557,5180
6155,791557,8880
6156,1000000,213380
6157,1000000,45580
6158,791557,19620
6159,1000000,234500
6160,791557,1080
6161,1000000,69180
6162,791557,7820
6163,791557,3890
6164,1000000,83020
6165,791557,2040
6166,791557,4040
6167,791557,7560
6168,791557,9720
6169,791557,6040
6170,791557,13060
6171,791557,1030
6172,791557,4120
6173,791557,13240
6174,791557,7200
6175,1000000,96500
6176,791557,9420
6177,791557,2360
6178,791557,1000
6179,791557,4080
6180,791557,4240
6181,791557,3760
6182,791557,1240
6183,791557,6520
6184,791557,2960
6185,791557,2080
6186,791557,8960
6187,791557,6450
6188,791557,3780
6189,1000000,51360
6190,791557,22440
6191,1000000,85880
6192,791557,8890
6193,791557,5100
6194,791557,5800
6195,791557,8620
6196,791557,27120
6197,791557,20980
6198,791557,4980
6199,1000000,110300
6200,791557,2000
6201,791557,2980
6202,791557,1920
6203,791557,1140
6204,791557,3500
6205,791557,1240
6206,791557,1380
6207,1000000,68000
6208,791557,7720
6209,791557,1520
6210,1000000,42900
6211,791557,17040
6212,1000000,196880
6213,791557,7270
6214,791557,2860
6215,791557,5100
6216,791557,2020
6217,1000000,47240
6218,1000000,320490
6219,791557,11620
6220,791557,4640
6221,791557,1720
6222,791557,12480
6223,791557,3360
6224,791557,2440
6225,1000000,47520
6226,1000000,122040
6227,1000000,33720
6228,791557,24620
6229,791557,2260
6230,791557,8480
6231,791557,4440
6232,791557,10080
6233,791557,3480
6234,1000000,88640
6235,791557,2240
6236,791557,22780
6237,1000000,68050
6238,791557,22480
6239,791557,2780
6240,791557,2160
6241,1000000,137960
6242,791557,3840
6243,791557,7680
6244,791557,13980
6245,791557,9740
6246,791557,3800
6247,791557,1030
6248,791557,1360
6249,791557,9970
6250,791557,1510
6251,791557,1960
6252,791557,9100
6253,791557,8990
6254,791557,2340
6255,1000000,251180
6256,791557,3280
6257,1000000,71830
6258,791557,1000
6259,791557,1000
6260,791557,2990
6261,791557,4060
6262,791557,3510
6263,791557,3140
6264,791557,5080
6265,791557,9080
6266,1000000,211840
6267,791557,16780
6268,791557,26510
6269,791557,5520
6270,791557,5600
6271,1000000,113160
6272,791557,17040
6273,1000000,44970
6274,791557,1720
6275,791557,2140
6276,791557,4960
6277,1000000,49290
6278,791557,1050
6279,791557,5240
6280,1000000,105840
6281,791557,1380
6282,791557,16580
6283,791557,1160
6284,791557,14030
6285,791557,19950
6286,791557,3650
6287,791557,2220
6288,791557,3580
6289,791557,2850
6290,791557,1630
6291,1000000,90180
6292,791557,20400
6293,791557,4460
6294,791557,15880
6295,791557,13180
6296,791557,2400
6297,791557,29280
6298,791557,20630
6299,1000000,94800
6300,791557,1000
6301,791557,3240
6302,1000000,60600
6303,791557,6080
6304,791557,6700
6305,791557,2300
6306,791557,9920
6307,791557,1720
6308,1000000,99700
6309,1000000,36740
6310,1000000,54000
6311,791557,1520
6312,791557,3030
6313,1000000,136080
6314,791557,2540
6315,1000000,43380
6316,791557,11660
6317,791557,1000
6318,791557,17940
6319,791557,5180
6320,791557,5500
6321,791557,3260
6322,791557,25320
6323,791557,23660
6324,791557,19240
6325,791557,17080
6326,791557,7840
6327,791557,1340
6328,791557,2840
6329,791557,6020
6330,791557,23800
6331,791557,11150
6332,791557,9590
6333,791557,7280
6334,1000000,92920
6335,791557,5820
6336,791557,8780
6337,791557,8520
6338,1000000,33110
6339,791557,12460
6340,791557,2340
6341,791557,4380
6342,791557,12100
6343,791557,1640
6344,1000000,71540
6345,791557,13360
6346,791557,8620
6347,791557,2340
6348,791557,1740
6349,1000000,219190
6350,791557,7920
6351,791557,1980
6352,791557,10150
6353,791557,5300
6354,791557,4620
6355,791557,2400
6356,791557,8140
6357,791557,28420
6358,791557,6330
6359,791557,5660
6360,791557,1470
6361,791557,3800
6362,1000000,466640
6363,791557,6000
6364,791557,3120
6365,1000000,60280
6366,791557,5820
6367,1000000,188140
6368,791557,5740
6369,791557,16870
6370,791557,2760
6371,791557,20720
6372,791557,7080
6373,791557,4820
6374,791557,6580
6375,791557,2360
6376,1000000,120520
6377,1000000,36480
6378,791557,1860
6379,791557,1840
6380,791557,3820
6381,791557,5680
6382,791557,1920
6383,1000000,154040
6384,1000000,238180
6385,791557,7860
6386,791557,4700
6387,791557,20860
6388,791557,25020
6389,1000000,37660
6390,791557,16960
6391,791557,6180
6392,1000000,79870
6393,791557,2420
6394,791557,3920
6395,791557,15600
6396,791557,4500
6397,791557,11660
6398,791557,26260
6399,791557,4460
6400,791557,2240
6401,791557,9780
6402,791557,1020
6403,791557,1700
6404,791557,12020
6405,1000000,313740
6406,791557,5360
6407,1000000,120580
6408,791557,12340
6409,1000000,164360
6410,1000000,52920
6411,1000000,219080
6412,791557,1050
6413,791557,9440
6414,791557,24380
6415,791557,8800
6416,1000000,37300
6417,1000000,41360
6418,791557,4820
6419,791557,19800
6420,791557,12540
6421,791557,8500
6422,791557,5790
6423,791557,2340
6424,791557,4960
6425,791557,1360
6426,791557,3890
6427,1000000,123260
6428,791557,3600
6429,791557,1000
6430,791557,1700
6431,791557,26030
6432,791557,3520
6433,791557,2380
6434,791557,3540
6435,1000000,366720
6436,1000000,32880
6437,791557,20100
6438,791557,9830
6439,791557,4070
6440,791557,5060
6441,791557,4090
6442,791557,7450
6443,791557,17480
6444,791557,5340
6445,791557,3630
6446,791557,3940
6447,791557,2340
6448,791557,6360
6449,1000000,64390
6450,1000000,65700
6451,791557,10110
6452,1000000,343460
6453,791557,20240
6454,1000000,87640
6455,791557,6400
6456,1000000,39980
6457,791557,2680
6458,791557,12700
6459,1000000,51100
6460,1000000,92760
6461,791557,1220
6462,791557,8900
6463,791557,6120
6464,791557,8880
6465,791557,13550
6466,1000000,83120
6467,791557,6620
6468,1000000,76680
6469,791557,8480
6470,791557,3390
6471,1000000,44720
6472,791557,9800
6473,791557,3000
6474,791557,2060
6475,1000000,169540
6476,791557,3020
6477,791557,19720
6478,1000000,30740
6479,791557,2960
6480,791557,13840
6481,791557,4500
6482,1000000,34720
6483,791557,6860
6484,791557,1600
6485,791557,3600
6486,791557,12020
6487,791557,5100
6488,791557,3660
6489,791557,2360
6490,1000000,76500
6491,791557,17240
6492,791557,11980
6493,791557,29580
6494,791557,16070
6495,791557,5920
6496,1000000,49380
6497,791557,18790
6498,791557,5840
6499,791557,5350
6500,791557,6200
6501,1000000,37240
6502,791557,2550
6503,791557,6080
6504,791557,9790
6505,791557,3140
6506,791557,8080
6507,791557,2920
6508,791557,10590
6509,791557,9040
6510,791557,14120
6511,791557,1300
6512,791557,8840
6513,791557,1100
6514,1000000,47820
6515,791557,3820
6516,791557,8960
6517,791557,16780
6518,1000000,137940
6519,791557,11980
6520,791557,19400
6521,791557,1840
6522,791557,1280
6523,791557,1840
6524,791557,21570
6525,791557,1100
6526,1000000,96120
6527,791557,3620
6528,791557,6040
6529,791557,1020
6530,791557,8160
6531,791557,19150
6532,791557,11470
6533,791557,14950
6534,791557,9480
6535,791557,22840
6536,791557,5900
6537,1000000,90580
6538,791557,1050
6539,791557,7460
6540,791557,5970
6541,1000000,111560
6542,1000000,201700
6543,791557,3850
6544,791557,7520
6545,791557,13440
6546,1000000,52060
6547,1000000,560380
6548,1000000,117980
6549,1000000,31180
6550,791557,1460
6551,791557,1600
6552,791557,4770
6553,791557,2470
6554,1000000,136520
6555,791557,14560
6556,1000000,38820
6557,791557,2560
6558,791557,6200
6559,1000000,108960
6560,1000000,41870
6561,791557,3100
6562,791557,7200
6563,791557,3120
6564,791557,3120
6565,791557,10640
6566,791557,5880
6567,1000000,30280
6568,1000000,156210
6569,791557,6670
6570,791557,5580
6571,791557,6470
6572,791557,2300
6573,791557,2660
6574,791557,13300
6575,791557,16500
6576,791557,6900
6577,791557,12170
6578,1000000,52880
6579,791557,7310
6580,791557,26060
6581,791557,9820
6582,791557,1460
6583,791557,8180
6584,791557,1450
6585,791557,6760
6586,1000000,74620
6587,1000000,148400
6588,1000000,88360
6589,791557,5070
6590,1000000,38140
6591,791557,16060
6592,791557,23000
6593,791557,28140
6594,1000000,70320
6595,791557,1260
6596,791557,13420
6597,791557,1800
6598,791557,8100
6599,791557,1840
6600,791557,6140
6601,791557,1030
6602,791557,3260
6603,1000000,74500
6604,791557,7780
6605,791557,11180
6606,1000000,77640
6607,791557,21130
6608,1000000,38140
6609,791557,15400
6610,791557,7660
6611,791557,2450
6612,791557,2380
6613,1000000,48670
6614,791557,3720
6615,791557,2490
6616,791557,6780
6617,1000000,61260
6618,791557,2280
6619,1000000,55560
6620,791557,17080
6621,791557,1560
6622,791557,1940
6623,1000000,276400
6624,791557,17840
6625,791557,2560
6626,791557,7820
6627,1000000,61260
6628,791557,1720
6629,791557,1720
6630,791557,12560
6631,791557,3420
6632,791557,10300
6633,1000000,96060
6634,1000000,73590
6635,791557,9440
6636,791557,4720
6637,791557,1010
6638,791557,5180
6639,791557,2300
6640,791557,4140
6641,791557,11650
6642,791557,8250
6643,791557,3510
6644,791557,19040
6645,1000000,65320
6646,1000000,58600
6647,791557,6620
6648,791557,2720
6649,791557,11130
6650,791557,15580
6651,791557,1980
6652,791557,2800
6653,791557,3510
6654,791557,22960
6655,791557,2300
6656,791557,12700
6657,791557,3580
6658,791557,19340
6659,791557,2060
6660,1000000,41180
6661,791557,8600
6662,791557,8700
6663,791557,9880
6664,791557,11500
6665,791557,7700
6666,791557,11420
6667,791557,12380
6668,791557,1840
6669,791557,6220
6670,791557,2460
6671,1000000,181670
6672,791557,5020
6673,791557,6020
6674,791557,3750
6675,791557,10500
6676,1000000,145420
6677,791557,6970
6678,791557,2320
6679,791557,9630
6680,791557,3700
6681,791557,2940
6682,1000000,270700
6683,1000000,71770
6684,791557,1000
6685,791557,1380
6686,791557,5820
6687,1000000,238850
6688,791557,5730
6689,791557,3040
6690,791557,3400
6691,791557,22000
6692,791557,12200
6693,791557,3860
6694,791557,2330
6695,791557,2280
6696,791557,9920
6697,1000000,65960
6698,791557,1000
6699,791557,12790
6700,791557,3120
6701,791557,9180
6702,791557,2480
6703,791557,17680
6704,1000000,123370
6705,791557,5900
6706,1000000,48420
6707,791557,7940
6708,791557,3740
6709,791557,2800
6710,791557,24260
6711,791557,3940
6712,791557,4620
6713,791557,1040
6714,791557,1780
6715,791557,1620
6716,791557,1000
6717,791557,14700
6718,791557,6460
6719,1000000,61160
6720,1000000,84120
6721,791557,1640
6722,791557,1000
6723,1000000,101880
6724,791557,8570
6725,1000000,57560
6726,791557,16240
6727,791557,6620
6728,791557,1160
6729,791557,1880
6730,791557,1880
6731,791557,2000
6732,791557,6800
6733,791557,5520
6734,791557,4680
6735,791557,2380
6736,1000000,59140
6737,791557,2120
6738,791557,1910
6739,1000000,62080
6740,791557,17240
6741,791557,26480
6742,791557,17400
6743,1000000,57450
6744,791557,6300
6745,791557,14660
6746,791557,1000
6747,791557,5040
6748,791557,12240
6749,791557,4880
6750,791557,1980
6751,791557,7340
6752,791557,5440
6753,1000000,73480
6754,791557,7260
6755,1000000,64940
6756,791557,4000
6757,791557,3260
6758,791557,1000
6759,791557,5680
6760,791557,1000
6761,1000000,80380
6762,791557,12180
6763,791557,11780
6764,791557,5880
6765,791557,1400
6766,791557,8940
6767,791557,4500
6768,791557,1340
6769,791557,6410
6770,791557,2000
6771,791557,3000
6772,791557,2860
6773,1000000,63760
6774,791557,6710
6775,791557,3760
6776,791557,26140
6777,1000000,36500
6778,791557,2890
6779,791557,4780
6780,791557,1000
6781,791557,3280
6782,791557,2620
6783,1000000,32220
6784,1000000,58540
6785,791557,13240
6786,791557,4080
6787,791557,12700
6788,1000000,87960
6789,791557,9040
6790,1000000,93830
6791,791557,6740
6792,791557,13440
6793,791557,5510
6794,791557,2720
6795,1000000,56050
6796,791557,16040
6797,1000000,68460
6798,1000000,74720
6799,1000000,41480
6800,1000000,58840
6801,791557,2480
6802,791557,10200
6803,791557,8430
6804,791557,1000
6805,791557,1820
6806,791557,5600
6807,1000000,84060
6808,791557,3240
6809,1000000,150860
6810,791557,26980
6811,791557,11850
6812,791557,4960
6813,791557,4310
6814,791557,3640
6815,791557,4420
6816,791557,22380
6817,791557,1170
6818,1000000,42620
6819,791557,12440
6820,791557,17820
6821,1000000,154820
6822,791557,1000
6823,791557,1220
6824,791557,4640
6825,1000000,115740
6826,791557,2800
6827,1000000,85860
6828,1000000,233850
6829,791557,11200
6830,791557,7870
6831,791557,10620
6832,791557,3640
6833,791557,2100
6834,791557,4120
6835,791557,2900
6836,791557,17500
6837,791557,5100
6838,791557,1560
6839,791557,16640
6840,791557,17180
6841,791557,23340
6842,791557,15180
6843,791557,1550
6844,791557,12140
6845,791557,1000
6846,791557,1300
6847,1000000,61880
6848,791557,8700
6849,791557,24860
6850,1000000,125120
6851,1000000,126460
6852,1000000,81280
6853,791557,3280
6854,791557,21460
6855,1000000,149600
6856,1000000,53720
6857,1000000,105110
6858,791557,4200
6859,791557,16180
6860,791557,1560
6861,791557,12180
6862,791557,3340
6863,791557,11800
6864,791557,2320
6865,791557,13600
6866,1000000,70460
6867,791557,1120
6868,791557,16140
6869,1000000,61140
6870,791557,5240
6871,791557,17780
6872,791557,4780
6873,1000000,86300
6874,791557,2210
6875,791557,16340
6876,791557,3960
6877,791557,16640
6878,791557,10490
6879,791557,23040
6880,791557,22640
6881,791557,12200
6882,791557,3280
6883,791557,3000
6884,791557,14140
6885,791557,2010
6886,791557,2380
6887,1000000,55240
6888,791557,3700
6889,791557,9020
6890,791557,3840
6891,791557,1960
6892,791557,4380
6893,791557,28230
6894,791557,4220
6895,1000000,38620
6896,1000000,61000
6897,791557,1500
6898,791557,17380
6899,1000000,45650
6900,1000000,92800
6901,791557,5500
6902,791557,4340
6903,791557,6700
6904,791557,1720
6905,791557,7960
6906,791557,9760
6907,1000000,133700
6908,791557,3680
6909,1000000,153380
6910,791557,2260
6911,791557,8270
6912,791557,1400
6913,791557,1980
6914,791557,9140
6915,791557,3080
6916,791557,2320
6917,791557,1560
6918,791557,1210
6919,791557,2420
6920,791557,18850
6921,1000000,51080
6922,791557,13800
6923,791557,4840
6924,791557,5140
6925,791557,1860
6926,791557,19050
6927,791557,8640
6928,791557,12500
6929,791557,3340
6930,791557,2880
6931,1000000,88400
6932,791557,2380
6933,791557,6400
6934,791557,28200
6935,1000000,49000
6936,791557,11980
6937,791557,2660
6938,791557,6640
6939,1000000,231620
6940,1000000,63540
6941,791557,3620
6942,791557,3920
6943,791557,3280
6944,791557,9810
6945,791557,13740
6946,791557,2980
6947,1000000,421940
6948,791557,4100
6949,791557,10320
6950,791557,7080
6951,791557,3320
6952,791557,13870
6953,791557,14720
6954,791557,1000
6955,791557,11180
6956,791557,3720
6957,1000000,394320
6958,791557,7010
6959,1000000,51560
6960,791557,1460
6961,791557,2120
6962,791557,19240
6963,791557,1730
6964,791557,5640
6965,791557,4240
6966,791557,1840
6967,791557,5870
6968,1000000,36170
6969,1000000,59400
6970,791557,11280
6971,791557,8360
6972,791557,16380
6973,1000000,32560
6974,791557,1820
6975,1000000,81500
6976,791557,10060
6977,791557,1520
6978,791557,2660
6979,791557,1080
6980,791557,2580
6981,791557,26400
6982,791557,5300
6983,791557,2180
6984,791557,5030
6985,791557,1100
6986,791557,11620
6987,791557,7110
6988,791557,6860
6989,791557,2300
6990,791557,10560
6991,1000000,55870
6992,791557,10490
6993,791557,4000
6994,791557,6330
6995,1000000,47120
6996,1000000,137600
6997,791557,1620
6998,791557,2420
6999,791557,6740
7000,791557,13340
7001,791557,4500
7002,791557,10920
7003,791557,3500
7004,791557,13820
7005,791557,1400
7006,2504,2500000
7007,791557,5920
7008,791557,9920
7009,1000000,58000
7010,791557,20100
7011,791557,7340
7012,791557,4940
7013,791557,15040
7014,791557,1000
7015,1000000,61940
7016,1000000,52760
7017,791557,1360
7018,791557,2070
7019,791557,22910
7020,791557,5140
7021,791557,1020
7022,791557,4420
7023,791557,9460
7024,791557,7100
7025,791557,4480
7026,1000000,35300
7027,791557,9260
7028,791557,8060
7029,791557,2720
7030,791557,3020
7031,1000000,43690
7032,1000000,533260
7033,1000000,30190
7034,1000000,31580
7035,791557,12970
7036,791557,7300
7037,791557,1000
7038,791557,6600
7039,791557,2920
7040,791557,10860
7041,791557,3180
7042,791557,4080
7043,791557,3580
7044,791557,2680
7045,791557,10870
7046,791557,1000
7047,791557,8230
7048,791557,4880
7049,791557,3260
7050,791557,1000
7051,791557,3340
7052,791557,6330
7053,791557,4840
7054,791557,14990
7055,791557,16200
7056,791557,8820
7057,791557,5040
7058,791557,3980
7059,1000000,38460
7060,791557,19680
7061,1000000,93960
7062,791557,26020
7063,791557,16960
7064,791557,7020
7065,791557,1800
7066,791557,1000
7067,791557,3080
7068,791557,11040
7069,791557,18480
7070,791557,7700
7071,1000000,39720
7072,791557,1490
7073,791557,6200
7074,791557,2520
7075,1000000,40140
7076,791557,1120
7077,1000000,62740
7078,1000000,41170
7079,791557,2340
7080,791557,7740
7081,791557,2700
7082,791557,1800
7083,791557,15380
7084,791557,17260
7085,791557,2850
7086,791557,2580
7087,791557,1440
7088,791557,23860
7089,791557,2700
7090,791557,3920
7091,791557,8020
7092,1000000,147840
7093,791557,21460
7094,791557,1280
7095,791557,13110
7096,791557,6460
7097,1000000,91880
7098,791557,4360
7099,1000000,169200
7100,791557,9520
7101,791557,4050
7102,791557,2660
7103,791557,6990
7104,791557,1520
7105,791557,6640
7106,791557,7740
7107,791557,2860
7108,791557,2190
7109,791557,5360
7110,791557,4680
7111,1000000,32720
7112,791557,7420
7113,791557,2510
7114,791557,16900
7115,791557,9140
7116,1000000,62640
7117,791557,22440
7118,791557,17520
7119,791557,1000
7120,791557,2140
7121,1000000,33700
7122,791557,2720
7123,791557,7620
7124,791557,7490
7125,791557,6240
7126,791557,6100
7127,1000000,55880
7128,791557,13140
7129,1000000,40700
7130,791557,27570
7131,791557,26610
7132,791557,5670
7133,791557,10980
7134,1000000,53080
7135,791557,2620
7136,791557,3380
7137,791557,13560
7138,791557,4830
7139,791557,6530
7140,791557,2880
7141,791557,3550
7142,791557,7390
7143,1000000,71560
7144,1000000,53260
7145,791557,4000
7146,791557,4800
7147,791557,4450
7148,791557,23260
7149,1000000,47220
7150,1000000,43980
7151,791557,15520
7152,791557,2660
7153,791557,5660
7154,791557,5620
7155,791557,14800
7156,1000000,122640
7157,791557,1420
7158,791557,1140
7159,791557,2500
7160,791557,4140
7161,791557,23660
7162,791557,2440
7163,791557,3160
7164,791557,2860
7165,791557,4060
7166,791557,1160
7167,791557,13260
7168,791557,13360
7169,791557,6420
7170,791557,5420
7171,1000000,107530
7172,791557,5160
7173,791557,5910
7174,1000000,75780
7175,791557,6680
7176,791557,2440
7177,791557,21680
7178,1000000,135840
7179,791557,29020
7180,791557,2690
7181,791557,1120
7182,791557,8300
7183,791557,3760
7184,1000000,62080
7185,1000000,32120
7186,791557,2500
7187,791557,2110
7188,791557,2260
7189,791557,12900
7190,791557,2400
7191,791557,1520
7192,791557,17410
7193,791557,8980
7194,791557,27560
7195,791557,1000
7196,791557,1680
7197,791557,1510
7198,791557,1000
7199,791557,1620
7200,1000000,153960
7201,1000000,53360
7202,791557,3520
7203,791557,1720
7204,1000000,63960
7205,791557,3640
7206,791557,20220
7207,791557,7510
7208,791557,19380
7209,791557,5340
7210,1000000,70370
7211,791557,29100
7212,791557,15180
7213,791557,6060
7214,791557,5630
7215,791557,4160
7216,791557,2680
7217,1000000,32300
7218,791557,2460
7219,791557,1700
7220,791557,11860
7221,791557,4200
7222,1000000,75700
7223,791557,7150
7224,791557,15500
7225,1000000,34720
7226,791557,4580
7227,791557,5820
7228,791557,7020
7229,791557,21460
7230,791557,23450
7231,1000000,42600
7232,791557,1450
7233,791557,14210
7234,791557,12800
7235,791557,9840
7236,1000000,239790
7237,791557,3760
7238,791557,15080
7239,791557,7720
7240,791557,21940
7241,791557,1540
7242,791557,9640
7243,791557,15960
7244,791557,3720
7245,791557,5040
7246,1000000,31230
7247,791557,10700
7248,791557,4320
7249,1000000,111820
7250,791557,6120
7251,791557,12210
7252,791557,3570
7253,791557,19660
7254,2504,2500000
7255,791557,2900
7256,791557,7640
7257,791557,2660
7258,791557,19660
7259,791557,29530
7260,1000000,246660
7261,1000000,77770
7262,791557,18910
7263,791557,5610
7264,791557,1550
7265,791557,4120
7266,791557,7060
7267,791557,3900
7268,791557,4760
7269,791557,11180
7270,791557,2240
7271,791557,9370
7272,791557,4760
7273,791557,2400
7274,791557,3300
7275,791557,8060
7276,791557,1080
7277,1000000,40200
7278,791557,13740
7279,791557,2810
7280,791557,3000
7281,791557,6970
7282,1000000,53610
7283,791557,1000
7284,791557,21480
7285,791557,9000
7286,791557,3180
7287,1000000,53360
7288,1000000,95880
7289,791557,8160
7290,791557,19580
7291,791557,1020
7292,791557,3180
7293,791557,15400
7294,791557,5350
7295,791557,6500
7296,791557,4620
7297,791557,2950
7298,791557,23220
7299,791557,1020
7300,1000000,51220
7301,1000000,31660
7302,791557,2500
7303,791557,4860
7304,791557,5260
7305,791557,2960
7306,791557,17570
7307,791557,4780
7308,791557,26300
7309,791557,18640
7310,1000000,51940
7311,791557,7100
7312,791557,10060
7313,1000000,32910
7314,791557,18140
7315,791557,3390
7316,791557,1520
7317,791557,1000
7318,791557,2800
7319,791557,9490
7320,1000000,235630
7321,791557,2140
7322,791557,6430
7323,791557,2780
7324,1000000,45160
7325,791557,2020
7326,1000000,46490
7327,791557,1010
7328,791557,13240
7329,791557,13560
7330,791557,3740
7331,1000000,85270
7332,791557,3750
7333,791557,1620
7334,791557,2250
7335,791557,1780
7336,791557,11390
7337,791557,12480
7338,1000000,36830
7339,791557,1680
7340,791557,21480
7341,791557,9400
7342,1000000,63960
7343,1000000,31820
7344,791557,2200
7345,791557,8870
7346,791557,13190
7347,791557,9240
7348,791557,6700
7349,1000000,91750
7350,791557,1680
7351,791557,2980
7352,791557,25220
7353,1000000,39720
7354,791557,2480
7355,791557,3900
7356,791557,3320
7357,791557,21680
7358,791557,5900
7359,1000000,54660
7360,791557,5060
7361,791557,4580
7362,791557,5200
7363,791557,8940
7364,791557,9430
7365,791557,2540
7366,791557,8340
7367,1000000,127060
7368,791557,15680
7369,791557,3760
7370,791557,13900
7371,791557,9840
7372,791557,3720
7373,1000000,214160
7374,791557,6280
7375,791557,4540
7376,1000000,93540
7377,791557,9760
7378,791557,17580
7379,791557,7170
7380,791557,7280
7381,791557,16680
7382,791557,2580
7383,1000000,48390
7384,791557,6500
7385,791557,7650
7386,791557,19700
7387,791557,1020
7388,791557,23070
7389,791557,8480
7390,791557,6240
7391,791557,1000
7392,1000000,46000
7393,791557,8240
7394,791557,2200
7395,791557,2440
7396,791557,16060
7397,791557,11280
7398,1000000,39100
7399,791557,15640
7400,791557,4610
7401,791557,9980
7402,791557,8400
7403,791557,8010
7404,791557,3780
7405,791557,1820
7406,791557,4680
7407,791557,1200
7408,791557,3320
7409,791557,7340
7410,791557,2300
7411,791557,7150
7412,1000000,558850
7413,791557,5620
7414,1000000,42620
7415,1000000,212500
7416,791557,3700
7417,791557,14560
7418,1000000,66460
7419,791557,7240
7420,791557,6490
7421,791557,6440
7422,791557,19780
7423,1000000,51720
7424,791557,5260
7425,791557,3520
7426,791557,8190
7427,2504,2500000
7428,1000000,66420
7429,791557,16450
7430,1000000,42100
7431,791557,4560
7432,791557,8900
7433,791557,6660
7434,1000000,33060
7435,791557,3560
7436,791557,5240
7437,791557,1180
7438,791557,1230
7439,791557,20420
7440,1000000,31840
7441,791557,2720
7442,791557,1100
7443,791557,3740
7444,791557,9980
7445,791557,8020
7446,1000000,133500
7447,791557,3790
7448,791557,12200
7449,791557,3100
7450,791557,1160
7451,791557,1800
7452,791557,3160
7453,791557,2730
7454,1000000,40340
7455,1000000,55770
7456,1000000,121090
7457,1000000,79760
7458,791557,1460
7459,1000000,33980
7460,791557,3420
7461,791557,15960
7462,791557,1000
7463,791557,5340
7464,791557,4800
7465,791557,3440
7466,791557,7160
7467,791557,2020
7468,791557,7410
7469,791557,13520
7470,791557,5720
7471,791557,1520
7472,791557,1610
7473,1000000,87650
7474,791557,10180
7475,791557,5730
7476,791557,2480
7477,791557,2170
7478,791557,26240
7479,1000000,32700
7480,791557,2450
7481,791557,10260
7482,1000000,39730
7483,791557,19160
7484,1000000,85420
7485,791557,6040
7486,1000000,155290
7487,791557,2550
7488,791557,2430
7489,78892,1059100
7490,791557,9830
7491,791557,16080
7492,791557,1160
7493,791557,8060
7494,1000000,42770
7495,1000000,109010
7496,791557,4080
7497,791557,1460
7498,791557,10600
7499,791557,3420
7500,791557,1640
7501,791557,16460
7502,791557,13460
7503,791557,8620
7504,1000000,78140
7505,791557,15020
7506,1000000,46980
7507,1000000,117580
7508,791557,8200
7509,791557,6320
7510,791557,2130
7511,791557,10780
7512,791557,23900
7513,791557,2040
7514,791557,17820
7515,791557,23080
7516,791557,4830
7517,791557,1060
7518,1000000,32260
7519,791557,2140
7520,791557,21980
7521,791557,19620
7522,1000000,145220
7523,791557,4780
7524,791557,5960
7525,791557,5620
7526,791557,4040
7527,791557,2200
7528,1000000,49540
7529,791557,2240
7530,791557,1010
7531,791557,6540
7532,791557,5560
7533,791557,2430
7534,791557,8540
7535,791557,7800
7536,791557,9460
7537,791557,25140
7538,791557,1560
7539,791557,1840
7540,791557,1340
7541,791557,5040
7542,791557,18080
7543,791557,1340
7544,791557,2240
7545,791557,15660
7546,791557,2300
7547,791557,9360
7548,791557,5450
7549,791557,3380
7550,791557,15130
7551,791557,3440
7552,1000000,37960
7553,791557,7620
7554,791557,15820
7555,791557,4520
7556,791557,1880
7557,791557,11610
7558,791557,14130
7559,791557,9760
7560,1000000,80860
7561,791557,24540
7562,791557,3600
7563,791557,3960
7564,791557,6170
7565,1000000,99780
7566,791557,8030
7567,791557,3240
7568,1000000,148170
7569,791557,2360
7570,791557,1410
7571,791557,27200
7572,1000000,189720
7573,1000000,60100
7574,791557,1580
7575,791557,2110
7576,791557,1240
7577,791557,12280
7578,791557,1510
7579,791557,1010
7580,1000000,53370
7581,791557,18010
7582,791557,6980
7583,791557,2190
7584,791557,16220
7585,791557,8220
7586,791557,15900
7587,78892,2076820
7588,791557,1020
7589,1000000,60280
7590,791557,5740
7591,1000000,127700
7592,791557,16310
7593,1000000,43390
7594,791557,7160
7595,791557,10940
7596,1000000,53700
7597,791557,29540
7598,1000000,40270
7599,791557,12960
7600,791557,3300
7601,791557,18270
7602,791557,3020
7603,1000000,249360
7604,791557,2980
7605,791557,5280
7606,791557,4560
7607,1000000,55730
7608,791557,6440
7609,791557,2030
7610,791557,6380
7611,791557,1980
7612,1000000,200870
7613,1000000,98380
7614,791557,6660
7615,1000000,53300
7616,791557,1020
7617,791557,1400
7618,1000000,42660
7619,791557,1850
7620,1000000,69280
7621,791557,3380
7622,1000000,186860
7623,791557,14820
7624,791557,6740
7625,791557,4720
7626,1000000,244580
7627,791557,9040
7628,791557,7000
7629,791557,4580
7630,791557,9830
7631,1000000,62460
7632,791557,1780
7633,791557,2920
7634,791557,2870
7635,791557,3980
7636,1000000,42060
7637,791557,20680
7638,791557,11240
7639,791557,17860
7640,791557,1120
7641,791557,4720
7642,1000000,122900
7643,791557,20980
7644,791557,14480
7645,791557,1000
7646,791557,3800
7647,791557,1860
7648,791557,2240
7649,791557,14440
7650,791557,4600
7651,791557,12020
7652,791557,11980
7653,1000000,57520
7654,791557,2100
7655,791557,4760
7656,791557,2200
7657,791557,1930
7658,791557,2560
7659,791557,3640
7660,791557,1040
7661,1000000,78480
7662,791557,16680
7663,1000000,75510
7664,791557,1820
7665,791557,1000
7666,791557,6960
7667,1000000,152060
7668,791557,1320
7669,791557,13920
7670,791557,22860
7671,1000000,106420
7672,791557,14390
7673,791557,4590
7674,1000000,71660
7675,791557,5060
7676,791557,4120
7677,791557,14730
7678,791557,1940
7679,791557,2060
7680,791557,11500
7681,791557,6220
7682,1000000,41260
7683,791557,7070
7684,791557,22920
7685,791557,17520
7686,1000000,141560
7687,791557,1000
7688,791557,8880
7689,791557,2300
7690,791557,9640
7691,791557,5580
7692,791557,2860
7693,1000000,110250
7694,791557,13180
7695,1000000,83060
7696,791557,1690
7697,1000000,37840
7698,791557,3060
7699,791557,3660
7700,791557,7130
7701,791557,23000
7702,791557,13240
7703,791557,5710
7704,791557,6140
7705,791557,10980
7706,1000000,141040
7707,791557,9000
7708,791557,26640
7709,791557,21880
7710,791557,14680
7711,791557,1000
7712,791557,18130
7713,791557,4180
7714,791557,19380
7715,791557,4060
7716,791557,27340
7717,1000000,51400
7718,1000000,69560
7719,791557,11620
7720,791557,11140
7721,1000000,42680
7722,791557,1000
7723,1000000,41880
7724,791557,28420
7725,1000000,54770
7726,791557,2320
7727,791557,1040
7728,1000000,255840
7729,1000000,37920
7730,791557,3290
7731,791557,10260
7732,791557,13480
7733,791557,6230
7734,791557,7360
7735,791557,2130
7736,791557,20530
7737,791557,1590
7738,791557,6050
7739,791557,14060
7740,791557,5620
7741,791557,6540
7742,791557,2110
7743,791557,1460
7744,1000000,30240
7745,791557,22400
7746,1000000,129640
7747,791557,15440
7748,1000000,52370
7749,791557,15340
7750,1000000,49860
7751,791557,7140
7752,791557,2180
7753,791557,2980
7754,1000000,31780
7755,791557,3950
7756,1000000,159880
7757,791557,11860
7758,1000000,184740
7759,1000000,138710
7760,791557,26210
7761,791557,27860
7762,791557,1460
7763,791557,20260
7764,1000000,30500
7765,791557,2200
7766,791557,7320
7767,791557,6420
7768,791557,1700
7769,791557,15040
7770,791557,3740
7771,791557,8960
7772,791557,3860
7773,1000000,48000
7774,791557,1000
7775,791557,1500
7776,791557,22780
7777,1000000,37540
7778,791557,7280
7779,791557,23660
7780,791557,4750
7781,1000000,123960
7782,791557,18290
7783,791557,3420
7784,791557,3660
7785,791557,8120
7786,791557,7780
7787,791557,4640
7788,1000000,203300
7789,791557,4020
7790,791557,2320
7791,791557,1000
7792,791557,3380
7793,791557,3370
7794,791557,1160
7795,791557,2860
7796,791557,19340
7797,1000000,59880
7798,791557,3040
7799,791557,1000
7800,1000000,55790
7801,1000000,429620
7802,791557,2630
7803,1000000,35180
7804,1000000,45790
7805,791557,5440
7806,1000000,94800
7807,791557,20700
7808,791557,8460
7809,791557,1000
7810,791557,1000
7811,791557,3710
7812,791557,3980
7813,791557,10940
7814,791557,6280
7815,791557,11880
7816,791557,5860
7817,791557,5780
7818,791557,7370
7819,791557,9900
7820,1000000,106800
7821,791557,8760
7822,1000000,84630
7823,791557,1210
7824,1000000,41760
7825,791557,7840
7826,791557,6300
7827,1000000,114560
7828,791557,2360
7829,791557,1000
7830,791557,17220
7831,791557,23710
7832,791557,5420
7833,791557,6360
7834,1000000,41620
7835,791557,1000
7836,791557,25900
7837,791557,25370
7838,791557,21220
7839,791557,3580
7840,791557,5020
7841,1000000,304670
7842,1000000,84920
7843,791557,4020
7844,791557,11290
7845,1000000,30160
7846,791557,18880
7847,791557,1360
7848,791557,25980
7849,791557,3120
7850,791557,1000
7851,791557,2140
7852,791557,5000
7853,791557,1980
7854,791557,3640
7855,791557,1160
7856,791557,6060
7857,791557,10360
7858,791557,4580
7859,791557,3280
7860,1000000,32560
7861,791557,1990
7862,791557,6740
7863,1000000,30640
7864,1000000,81520
7865,1000000,49020
7866,791557,7680
7867,791557,7210
7868,791557,14270
7869,791557,3680
7870,791557,23040
7871,791557,1040
7872,791557,5480
7873,1000000,151620
7874,791557,4870
7875,791557,18940
7876,791557,16220
7877,791557,5160
7878,791557,2220
7879,791557,21040
7880,791557,4360
7881,791557,2580
7882,791557,4260
7883,791557,10110
7884,791557,8730
7885,1000000,48060
7886,791557,7300
7887,791557,1000
7888,791557,2290
7889,791557,10100
7890,1000000,53700
7891,791557,15660
7892,791557,2880
7893,791557,12010
7894,791557,2640
7895,791557,5520
7896,1000000,55860
7897,791557,1630
7898,791557,4900
7899,791557,6740
7900,791557,4640
7901,791557,13160
7902,791557,3130
7903,791557,1760
7904,791557,16400
7905,791557,4950
7906,791557,11000
7907,791557,2600
7908,1000000,39140
7909,791557,21520
7910,791557,5700
7911,791557,6510
7912,791557,4340
7913,791557,2480
7914,791557,5940
7915,791557,1420
7916,1000000,37540
7917,791557,7560
7918,791557,24140
7919,1000000,30420
7920,791557,5960
7921,791557,3380
7922,791557,3120
7923,1000000,75960
7924,791557,12700
7925,791557,2420
7926,791557,2240
7927,791557,4640
7928,791557,4600
7929,791557,5800
7930,1000000,486820
7931,791557,4630
7932,791557,1340
7933,1000000,80900
7934,791557,8480
7935,791557,3640
7936,791557,5560
7937,791557,6260
7938,1000000,175680
7939,791557,14080
7940,1000000,98340
7941,791557,6680
7942,1000000,61940
7943,791557,14180
7944,791557,2840
7945,791557,1140
7946,791557,3290
7947,791557,1620
7948,791557,7360
7949,791557,4350
7950,791557,1000
7951,791557,3440
7952,791557,4480
7953,791557,18800
7954,1000000,50520
7955,1000000,47400
7956,791557,5990
7957,1000000,118060
7958,791557,1360
7959,791557,2660
7960,791557,15960
7961,791557,28340
7962,791557,7940
7963,791557,3480
7964,791557,4320
7965,791557,1140
7966,791557,5590
7967,791557,15380
7968,791557,7490
7969,791557,1040
7970,791557,26400
7971,791557,6060
7972,791557,12000
7973,791557,1900
7974,1000000,70940
7975,791557,2880
7976,791557,5580
7977,1000000,405500
7978,791557,2760
7979,1000000,49150
7980,791557,1120
7981,791557,1040
7982,791557,4230
7983,791557,1840
7984,791557,5280
7985,1000000,33420
7986,791557,11700
7987,791557,2510
7988,791557,4040
7989,1000000,465600
7990,791557,7220
7991,791557,3690
7992,1000000,46320
7993,791557,1030
7994,791557,12410
7995,1000000,46880
7996,791557,8560
7997,791557,15200
7998,1000000,51320
7999,791557,6450
8000,791557,24700
8001,1000000,78250
8002,791557,2040
8003,1000000,277360
8004,791557,29340
8005,1000000,125170
8006,791557,6960
8007,1000000,131100
8008,791557,2000
8009,791557,3420
8010,791557,6160
8011,791557,1000
8012,791557,5700
8013,1000000,38580
8014,791557,3400
8015,1000000,81540
8016,791557,19540
8017,791557,13140
8018,791557,1320
8019,791557,6820
8020,791557,3240
8021,791557,6220
8022,791557,1220
8023,1000000,150020
8024,791557,12400
8025,791557,1790
8026,1000000,59340
8027,791557,4660
8028,791557,1010
8029,791557,4670
8030,791557,7200
8031,791557,5180
8032,791557,3870
8033,791557,17440
8034,791557,2110
8035,791557,1690
8036,791557,4020
8037,791557,7440
8038,1000000,85080
8039,791557,2760
8040,791557,26360
8041,791557,8940
8042,791557,1320
8043,1000000,38220
8044,791557,8260
8045,791557,1000
8046,1000000,404760
8047,791557,13740
8048,1000000,73160
8049,1000000,72540
8050,791557,2750
8051,791557,1360
8052,1000000,195760
8053,791557,1880
8054,791557,10550
8055,791557,5680
8056,791557,1220
8057,791557,7700
8058,791557,10160
8059,791557,13700
8060,791557,6800
8061,791557,1160
8062,791557,2600
8063,791557,3160
8064,1000000,38680
8065,1000000,62160
8066,1000000,37400
8067,1000000,42780
8068,791557,3320
8069,1000000,418140
8070,791557,4160
8071,791557,1000
8072,1000000,39260
8073,791557,4380
8074,1000000,41740
8075,791557,3680
8076,1000000,100100
8077,791557,2440
8078,791557,3380
8079,791557,29730
8080,791557,6500
8081,1000000,148390
8082,791557,4740
8083,791557,9850
8084,791557,27770
8085,1000000,36800
8086,1000000,40940
8087,791557,10210
8088,791557,2920
8089,791557,8240
8090,791557,9050
8091,791557,2180
8092,791557,18720
8093,791557,1540
8094,1000000,62820
8095,791557,21780
8096,791557,2060
8097,791557,1000
8098,791557,2560
8099,791557,8780
8100,1000000,30260
8101,791557,3200
8102,791557,9140
8103,791557,1500
8104,791557,1100
8105,1000000,215920
8106,791557,2700
8107,791557,4290
8108,791557,4460
8109,791557,6900
8110,791557,2410
8111,791557,23480
8112,791557,2560
8113,1000000,387580
8114,1000000,30660
8115,1000000,46500
8116,791557,14720
8117,791557,5120
8118,791557,3210
8119,791557,2760
8120,791557,1440
8121,791557,18530
8122,1000000,94300
8123,1000000,37340
8124,791557,2460
8125,791557,2260
8126,1000000,56480
8127,791557,19250
8128,791557,2100
8129,791557,14200
8130,791557,1380
8131,791557,3860
8132,791557,26320
8133,791557,1760
8134,791557,12940
8135,791557,1000
8136,791557,13320
8137,791557,1460
8138,791557,6300
8139,791557,7380
8140,791557,4080
8141,1000000,31370
8142,791557,24880
8143,791557,3560
8144,791557,1000
8145,791557,2890
8146,791557,1620
8147,791557,7220
8148,791557,13620
8149,1000000,100400
8150,1000000,47510
8151,1000000,117200
8152,1000000,38420
8153,1000000,33260
8154,791557,2420
8155,791557,10490
8156,791557,22290
8157,791557,2520
8158,791557,7700
8159,791557,2500
8160,791557,18120
8161,791557,9080
8162,1000000,63680
8163,1000000,37860
8164,791557,5000
8165,791557,8320
8166,791557,1070
8167,791557,1400
8168,791557,5790
8169,1000000,74200
8170,1000000,99950
8171,791557,11440
8172,1000000,301100
8173,1000000,68860
8174,1000000,32610
8175,791557,10750
8176,791557,16580
8177,791557,5240
8178,791557,3650
8179,1000000,40840
8180,791557,5240
8181,791557,1020
8182,1000000,53590
8183,791557,4720
8184,791557,10920
8185,791557,1910
8186,791557,3220
8187,1000000,118400
8188,1000000,31240
8189,791557,3020
8190,791557,2160
8191,791557,12800
8192,791557,13740
8193,791557,1000
8194,1000000,60320
8195,791557,3300
8196,791557,2870
8197,791557,15340
8198,791557,1000
8199,791557,4560
8200,791557,4280
8201,791557,21800
8202,791557,1000
8203,1000000,84680
8204,791557,6270
8205,791557,2840
8206,791557,6720
8207,791557,4120
8208,791557,1020
8209,791557,16290
8210,791557,4350
8211,791557,19060
8212,1000000,51400
8213,791557,1300
8214,1000000,42780
8215,791557,5240
8216,1000000,316320
8217,791557,4060
8218,791557,5240
8219,791557,7770
8220,791557,6920
8221,791557,8400
8222,791557,2030
8223,1000000,68140
8224,791557,7660
8225,791557,1040
8226,791557,3110
8227,1000000,35340
8228,1000000,82120
8229,1000000,54500
8230,791557,4250
8231,1000000,550290
8232,1000000,249960
8233,1000000,64920
8234,791557,1870
8235,1000000,42730
8236,791557,5360
8237,791557,2960
8238,791557,3120
8239,791557,2400
8240,791557,4040
8241,791557,18900
8242,791557,2520
8243,791557,6040
8244,791557,4600
8245,791557,5220
8246,791557,3570
8247,791557,2540
8248,791557,22540
8249,791557,10560
8250,1000000,78200
8251,791557,4240
8252,791557,6020
8253,791557,5840
8254,1000000,32580
8255,791557,29670
8256,1000000,41420
8257,1000000,120160
8258,791557,2780
8259,791557,4460
8260,1000000,45360
8261,1000000,215280
8262,791557,8580
8263,791557,9620
8264,791557,1000
8265,791557,19040
8266,791557,9780
8267,1000000,32220
8268,78892,2006100
8269,791557,16140
8270,1000000,99700
8271,1000000,149040
8272,1000000,129100
8273,791557,10500
8274,1000000,53440
8275,791557,6140
8276,791557,2440
8277,1000000,68720
8278,1000000,147020
8279,791557,3540
8280,1000000,108500
8281,791557,2850
8282,791557,10590
8283,1000000,102460
8284,791557,5250
8285,791557,9070
8286,791557,2800
8287,1000000,137580
8288,791557,1000
8289,791557,6340
8290,791557,2820
8291,1000000,44810
8292,791557,6340
8293,791557,14660
8294,791557,9760
8295,791557,6460
8296,791557,22320
8297,791557,7500
8298,791557,3860
8299,791557,3480
8300,791557,4380
8301,791557,7260
8302,791557,4800
8303,791557,2200
8304,791557,1000
8305,1000000,59640
8306,791557,4950
8307,1000000,49470
8308,791557,6580
8309,791557,3560
8310,1000000,42730
8311,791557,1000
8312,791557,2040
8313,791557,15920
8314,791557,2830
8315,791557,6590
8316,791557,4020
8317,791557,1900
8318,791557,1700
8319,791557,1000
8320,791557,1000
8321,791557,22460
8322,791557,1000
8323,791557,1010
8324,791557,3460
8325,791557,4050
8326,791557,3830
8327,1000000,68580
8328,791557,4540
8329,791557,7340
8330,791557,26190
8331,791557,1540
8332,791557,1980
8333,791557,4620
8334,791557,6700
8335,1000000,60630
8336,791557,1320
8337,791557,1400
8338,791557,6350
8339,1000000,45460
8340,791557,5320
8341,791557,6220
8342,791557,1000
8343,791557,17500
8344,791557,14440
8345,791557,20380
8346,791557,5080
8347,791557,1050
8348,791557,11600
8349,791557,2940
8350,1000000,60980
8351,791557,1070
8352,791557,8130
8353,791557,1420
8354,1000000,62780
8355,791557,4140
8356,791557,4390
8357,791557,1000
8358,791557,4380
8359,791557,2040
8360,791557,15720
8361,791557,2880
8362,1000000,36950
8363,791557,9240
8364,791557,1050
8365,791557,12860
8366,791557,1000
8367,791557,4400
8368,791557,15620
8369,1000000,42120
8370,791557,3870
8371,791557,26240
8372,1000000,51410
8373,791557,3300
8374,1000000,69600
8375,791557,2100
8376,791557,2180
8377,1000000,58680
8378,791557,2860
8379,791557,1440
8380,791557,1940
8381,791557,4220
8382,78892,1161040
8383,791557,1000
8384,791557,15480
8385,1000000,52380
8386,1000000,57960
8387,791557,4250
8388,791557,2100
8389,791557,14320
8390,791557,5040
8391,791557,21720
8392,791557,17960
8393,1000000,46040
8394,791557,5310
8395,791557,2080
8396,791557,2140
8397,791557,7580
8398,1000000,98880
8399,791557,1000
8400,791557,3240
8401,1000000,110100
8402,1000000,92300
8403,791557,15510
8404,791557,8520
8405,791557,2120
8406,791557,7400
8407,791557,29330
8408,791557,1980
8409,791557,7680
8410,791557,9610
8411,1000000,54180
8412,791557,2000
8413,1000000,121320
8414,791557,7320
8415,1000000,159000
8416,791557,2120
8417,791557,1280
8418,1000000,64480
8419,791557,1120
8420,791557,11100
8421,791557,4860
8422,791557,1000
8423,791557,4040
8424,1000000,125800
8425,791557,4340
8426,791557,1000
8427,1000000,45560
8428,791557,1000
8429,1000000,268240
8430,791557,1560
8431,791557,4180
8432,791557,1130
8433,791557,3160
8434,1000000,99880
8435,791557,1000
8436,791557,7460
8437,791557,1800
8438,791557,2420
8439,791557,3840
8440,1000000,30380
8441,791557,1020
8442,791557,12920
8443,791557,29930
8444,791557,27520
8445,1000000,51150
8446,791557,1010
8447,791557,7590
8448,791557,2190
8449,791557,15880
8450,791557,16540
8451,791557,4500
8452,791557,9080
8453,1000000,69540
8454,791557,19280
8455,791557,16080
8456,1000000,48940
8457,791557,28580
8458,791557,9160
8459,791557,1740
8460,791557,12360
8461,1000000,35380
8462,791557,7620
8463,791557,4210
8464,791557,1000
8465,791557,7900
8466,791557,7440
8467,791557,4520
8468,791557,9300
8469,791557,2720
8470,791557,2420
8471,1000000,36160
8472,791557,5040
8473,791557,4380
8474,791557,6900
8475,791557,11200
8476,791557,3940
8477,791557,4820
8478,791557,4630
8479,791557,9570
8480,791557,7500
8481,791557,4600
8482,1000000,50420
8483,791557,15800
8484,1000000,31290
8485,791557,11170
8486,791557,13990
8487,791557,1200
8488,1000000,44820
8489,791557,27580
8490,791557,2230
8491,791557,5980
8492,1000000,79480
8493,1000000,107240
8494,791557,11480
8495,791557,2420
8496,791557,6580
8497,1000000,30200
8498,791557,1790
8499,791557,23260
8500,791557,1400
8501,791557,8300
8502,791557,5920
8503,791557,3300
8504,791557,3080
8505,791557,11590
8506,1000000,44760
8507,791557,9880
8508,1000000,41600
8509,1000000,39800
8510,791557,22940
8511,791557,1000
8512,791557,4040
8513,1000000,94580
8514,791557,1410
8515,1000000,724600
8516,791557,2620
8517,1000000,76610
8518,791557,16140
8519,791557,3880
8520,791557,1000
8521,791557,2880
8522,791557,2180
8523,791557,7620
8524,791557,5330
8525,791557,6240
8526,1000000,108320
8527,1000000,32720
8528,791557,5640
8529,791557,2380
8530,1000000,85700
8531,791557,7820
8532,791557,3650
8533,791557,21960
8534,791557,4320
8535,791557,25600
8536,791557,8370
8537,791557,17540
8538,791557,2760
8539,791557,3200
8540,1000000,42610
8541,791557,1000
8542,791557,3660
8543,791557,8370
8544,791557,18120
8545,791557,4560
8546,791557,6260
8547,791557,16590
8548,791557,3600
8549,791557,1000
8550,791557,12120
8551,1000000,90140
8552,791557,8270
8553,791557,10530
8554,791557,2960
8555,791557,1040
8556,791557,7220
8557,791557,13780
8558,1000000,225280
8559,1000000,135060
8560,1000000,59380
8561,791557,8060
8562,791557,3030
8563,791557,1700
8564,791557,1000
8565,791557,3200
8566,791557,3460
8567,791557,13290
8568,1000000,71860
8569,791557,7980
8570,791557,7620
8571,1000000,39700
8572,791557,3400
8573,1000000,84020
8574,1000000,31360
8575,791557,1520
8576,791557,2260
8577,791557,2900
8578,791557,2660
8579,791557,3640
8580,791557,14480
8581,791557,8080
8582,791557,4560
8583,791557,2810
8584,791557,9980
8585,791557,9260
8586,791557,2250
8587,791557,3780
8588,791557,2300
8589,791557,7940
8590,791557,2620
8591,791557,6220
8592,1000000,116720
8593,791557,16140
8594,1000000,81040
8595,1000000,47190
8596,791557,1000
8597,791557,17500
8598,791557,12780
8599,791557,13720
8600,1000000,226160
8601,791557,2060
8602,791557,10130
8603,791557,5800
8604,791557,9980
8605,791557,3460
8606,791557,23840
8607,1000000,85900
8608,791557,26440
8609,791557,3170
8610,791557,22500
8611,1000000,34120
8612,791557,3040
8613,791557,9340
8614,791557,8960
8615,1000000,38390
8616,791557,14740
8617,791557,3120
8618,791557,7850
8619,791557,4940
8620,791557,6140
8621,791557,5120
8622,1000000,115000
8623,791557,15780
8624,791557,6710
8625,791557,27180
8626,791557,5840
8627,791557,5060
8628,791557,1200
8629,791557,3200
8630,791557,2560
8631,791557,9090
8632,791557,6060
8633,791557,1800
8634,1000000,59660
8635,791557,4100
8636,791557,4720
8637,791557,22560
8638,791557,26620
8639,791557,2540
8640,791557,3160
8641,1000000,34610
8642,791557,10780
8643,791557,26140
8644,791557,1600
8645,791557,11940
8646,791557,3280
8647,791557,6480
8648,791557,3780
8649,791557,1000
8650,791557,5540
8651,791557,12440
8652,791557,1000
8653,791557,9280
8654,1000000,36020
8655,1000000,116800
8656,1000000,97960
8657,791557,5560
8658,791557,7040
8659,1000000,34440
8660,1000000,36720
8661,1000000,231360
8662,791557,19140
8663,1000000,76120
8664,791557,7460
8665,791557,1740
8666,1000000,62280
8667,791557,14400
8668,1000000,77790
8669,791557,1320
8670,791557,7440
8671,1000000,152280
8672,1000000,202540
8673,2504,2500000
8674,791557,8340
8675,791557,27700
8676,791557,1900
8677,1000000,137760
8678,791557,19000
8679,791557,8280
8680,791557,1220
8681,791557,3980
8682,791557,4680
8683,791557,4490
8684,791557,15010
8685,791557,6180
8686,791557,7100
8687,791557,1700
8688,1000000,70220
8689,791557,9300
8690,791557,5110
8691,791557,21370
8692,791557,2820
8693,791557,10730
8694,791557,4120
8695,791557,20770
8696,791557,2100
8697,791557,4520
8698,791557,2920
8699,791557,5960
8700,791557,6320
8701,791557,2820
8702,1000000,43890
8703,791557,17220
8704,791557,1480
8705,791557,4780
8706,791557,4500
8707,1000000,105440
8708,1000000,93740
8709,791557,1000
8710,791557,2860
8711,791557,6870
8712,791557,20190
8713,1000000,36890
8714,791557,6800
8715,791557,10320
8716,791557,2800
8717,791557,10260
8718,791557,11020
8719,791557,1040
8720,791557,7500
8721,1000000,52720
8722,791557,23520
8723,1000000,30640
8724,791557,3640
8725,791557,3920
8726,791557,1270
8727,791557,7440
8728,791557,2150
8729,791557,10510
8730,791557,2220
8731,1000000,94480
8732,791557,3650
8733,1000000,32790
8734,791557,7760
8735,791557,29640
8736,791557,1000
8737,791557,5360
8738,791557,7140
8739,791557,18070
8740,791557,2660
8741,1000000,32060
8742,791557,3960
8743,791557,3380
8744,791557,3070
8745,1000000,538120
8746,1000000,358220
8747,791557,17240
8748,791557,1610
8749,1000000,54640
8750,791557,13440
8751,791557,5580
8752,791557,12140
8753,1000000,192580
8754,791557,2800
8755,791557,6980
8756,791557,7080
8757,791557,4280
8758,791557,5020
8759,791557,1000
8760,791557,4600
8761,791557,20720
8762,791557,1020
8763,791557,19200
8764,791557,1020
8765,791557,2020
8766,791557,14790
8767,791557,10120
8768,1000000,553000
8769,791557,2680
8770,791557,3180
8771,791557,4230
8772,791557,9460
8773,791557,4600
8774,791557,2960
8775,791557,7520
8776,791557,7840
8777,791557,2120
8778,791557,29600
8779,791557,1020
8780,791557,13990
8781,791557,28020
8782,1000000,48660
8783,791557,19220
8784,791557,8760
8785,791557,2280
8786,1000000,121020
8787,791557,17090
8788,791557,1270
8789,791557,1320
8790,791557,19400
8791,791557,4440
8792,791557,2520
8793,791557,14120
8794,1000000,103200
8795,791557,1000
8796,791557,3640
8797,791557,21120
8798,791557,1200
8799,1000000,170700
8800,791557,10800
8801,791557,2700
8802,791557,4860
8803,791557,18570
8804,1000000,124060
8805,791557,6290
8806,791557,11400
8807,791557,16900
8808,1000000,52180
8809,1000000,70860
8810,791557,21450
8811,1000000,125040
8812,791557,8070
8813,791557,16560
8814,791557,24140
8815,791557,8040
8816,791557,14490
8817,791557,10260
8818,791557,7540
8819,791557,5700
8820,791557,6040
8821,791557,3900
8822,791557,3060
8823,791557,13720
8824,1000000,88720
8825,791557,3440
8826,791557,1450
8827,791557,24700
8828,791557,6260
8829,791557,12390
8830,1000000,189650
8831,791557,7240
8832,791557,1000
8833,791557,7920
8834,791557,14780
8835,791557,5160
8836,791557,8120
8837,791557,3340
8838,791557,7200
8839,791557,4780
8840,1000000,41260
8841,1000000,104460
8842,791557,6770
8843,791557,3020
8844,2504,2500000
8845,791557,4000
8846,791557,2700
8847,791557,2780
8848,78892,1032840
8849,1000000,50440
8850,791557,12960
8851,1000000,215860
8852,791557,1650
8853,1000000,34060
8854,791557,3980
8855,791557,9590
8856,791557,5580
8857,791557,2020
8858,791557,1040
8859,791557,8460
8860,791557,3360
8861,791557,2500
8862,791557,5000
8863,1000000,80820
8864,1000000,53200
8865,791557,6520
8866,791557,5740
8867,791557,8600
8868,791557,7720
8869,1000000,87460
8870,791557,5220
8871,791557,17550
8872,1000000,89420
8873,791557,12280
8874,791557,21970
8875,791557,5500
8876,1000000,33400
8877,791557,1360
8878,791557,1280
8879,1000000,61900
8880,1000000,32770
8881,791557,4040
8882,791557,4430
8883,791557,28340
8884,791557,1420
8885,791557,2170
8886,791557,7040
8887,1000000,37560
8888,791557,1000
8889,791557,4400
8890,791557,1250
8891,791557,17220
8892,791557,7080
8893,791557,4720
8894,791557,4380
8895,791557,2420
8896,1000000,144720
8897,791557,6220
8898,791557,10940
8899,1000000,158080
8900,791557,2230
8901,791557,14420
8902,1000000,38560
8903,1000000,134200
8904,1000000,121740
8905,791557,2640
8906,791557,1100
8907,791557,8920
8908,791557,3760
8909,791557,8060
8910,791557,10500
8911,791557,2000
8912,791557,5580
8913,791557,28800
8914,791557,18760
8915,791557,1040
8916,791557,3260
8917,791557,27400
8918,1000000,62080
8919,791557,10640
8920,791557,8610
8921,791557,1260
8922,791557,4520
8923,791557,11980
8924,791557,4000
8925,791557,5060
8926,1000000,41220
8927,791557,3300
8928,791557,1060
8929,791557,1200
8930,791557,5500
8931,791557,11220
8932,1000000,36680
8933,1000000,39270
8934,791557,15740
8935,791557,4660
8936,791557,3220
8937,791557,2700
8938,791557,5680
8939,1000000,74600
8940,791557,4090
8941,791557,5000
8942,791557,25580
8943,1000000,47200
8944,791557,2540
8945,791557,5520
8946,791557,2140
8947,791557,10480
8948,1000000,174450
8949,1000000,109680
8950,1000000,30780
8951,791557,3870
8952,791557,5950
8953,791557,8470
8954,791557,1140
8955,791557,1580
8956,1000000,69100
8957,791557,1790
8958,791557,13220
8959,1000000,61440
8960,791557,21870
8961,791557,12180
8962,791557,1210
8963,791557,13960
8964,791557,7160
8965,791557,13290
8966,791557,7280
8967,791557,20420
8968,1000000,61380
8969,791557,4130
8970,791557,16400
8971,791557,3600
8972,1000000,79840
8973,791557,11880
8974,791557,1000
8975,1000000,105980
8976,791557,17360
8977,791557,1820
8978,791557,2160
8979,1000000,86280
8980,791557,1230
8981,791557,1070
8982,791557,3060
8983,791557,3060
8984,791557,14710
8985,791557,1240
8986,791557,4480
8987,791557,7900
8988,791557,11580
8989,791557,7020
8990,1000000,49500
8991,791557,4320
8992,1000000,56330
8993,791557,2560
8994,791557,8120
8995,1000000,50940
8996,791557,2420
8997,791557,3110
8998,791557,2980
8999,791557,13150
9000,791557,2420
9001,1000000,71720
9002,791557,9860
9003,791557,2860
9004,791557,19610
9005,791557,4900
9006,791557,19930
9007,1000000,105440
9008,791557,3860
9009,791557,9320
9010,791557,3260
9011,1000000,33570
9012,791557,25660
9013,1000000,30270
9014,791557,17870
9015,1000000,30720
9016,791557,5580
9017,791557,5100
9018,791557,15220
9019,791557,3610
9020,791557,16440
9021,791557,2420
9022,791557,2760
9023,791557,7380
9024,791557,1540
9025,791557,12850
9026,1000000,97620
9027,1000000,118460
9028,791557,20760
9029,791557,3480
9030,1000000,93280
9031,791557,5640
9032,791557,1030
9033,791557,4740
9034,791557,3240
9035,2504,2500000
9036,1000000,83860
9037,791557,2420
9038,1000000,61400
9039,791557,3700
9040,791557,24700
9041,791557,10020
9042,791557,17660
9043,791557,3760
9044,791557,5220
9045,1000000,32320
9046,1000000,48710
9047,791557,3360
9048,791557,2140
9049,1000000,53840
9050,791557,1000
9051,791557,4200
9052,791557,1890
9053,791557,2140
9054,791557,10260
9055,791557,1180
9056,791557,5480
9057,791557,11710
9058,1000000,40040
9059,791557,3840
9060,791557,4820
9061,791557,1120
9062,791557,8600
9063,791557,2840
9064,1000000,93180
9065,791557,8680
9066,791557,3400
9067,791557,4140
9068,791557,6840
9069,791557,13280
9070,791557,1200
9071,791557,3080
9072,791557,5660
9073,791557,1020
9074,791557,3400
9075,1000000,31420
9076,791557,2350
9077,791557,4960
9078,1000000,100720
9079,1000000,47620
9080,791557,2360
9081,791557,24820
9082,1000000,54220
9083,791557,2860
9084,791557,14660
9085,791557,28780
9086,1000000,80890
9087,1000000,52460
9088,791557,2820
9089,791557,12970
9090,791557,10680
9091,1000000,185420
9092,791557,1070
9093,791557,17760
9094,791557,7290
9095,791557,2860
9096,791557,2780
9097,791557,3700
9098,1000000,62200
9099,791557,3980
9100,791557,6420
9101,791557,7480
9102,791557,20280
9103,791557,1000
9104,1000000,33210
9105,1000000,100920
9106,1000000,74260
9107,1000000,43020
9108,1000000,30450
9109,791557,3540
9110,791557,3280
9111,1000000,82640
9112,1000000,50730
9113,791557,4280
9114,791557,8400
9115,791557,8420
9116,791557,9220
9117,791557,7540
9118,1000000,49540
9119,791557,2870
9120,1000000,75030
9121,791557,7660
9122,791557,8120
9123,791557,2650
9124,791557,1020
9125,1000000,43820
9126,1000000,46760
9127,1000000,86620
9128,791557,18400
9129,791557,16600
9130,791557,1100
9131,791557,1050
9132,1000000,31120
9133,791557,1980
9134,791557,4240
9135,791557,1010
9136,791557,3930
9137,791557,3750
9138,1000000,55240
9139,791557,10460
9140,791557,8640
9141,791557,19140
9142,1000000,45640
9143,791557,4430
9144,791557,9470
9145,791557,1000
9146,791557,1180
9147,791557,3340
9148,791557,20380
9149,1000000,39060
9150,791557,3880
9151,1000000,118550
9152,791557,4800
9153,791557,1000
9154,791557,12080
9155,791557,22760
9156,1000000,41600
9157,791557,9150
9158,791557,2160
9159,791557,4860
9160,791557,3540
9161,791557,11880
9162,1000000,71800
9163,791557,8720
9164,791557,1150
9165,791557,3500
9166,791557,4220
9167,1000000,104400
9168,791557,3240
9169,791557,3340
9170,791557,6330
9171,791557,8000
9172,791557,16720
9173,791557,4540
9174,791557,5640
9175,791557,1980
9176,1000000,108460
9177,791557,3620
9178,791557,10600
9179,1000000,38710
9180,1000000,74270
9181,791557,6900
9182,1000000,282160
9183,1000000,115210
9184,791557,9070
9185,1000000,102120
9186,791557,3750
9187,791557,3260
9188,1000000,78180
9189,791557,6020
9190,791557,1980
9191,791557,11660
9192,791557,1280
9193,791557,7060
9194,791557,6670
9195,791557,10420
9196,791557,14660
9197,791557,2860
9198,791557,2280
9199,1000000,65120
9200,1000000,101880
9201,791557,2020
9202,791557,24390
9203,791557,12920
9204,791557,12640
9205,791557,15840
9206,791557,14540
9207,1000000,50080
9208,791557,11650
9209,1000000,82960
9210,791557,2140
9211,1000000,95140
9212,791557,14080
9213,791557,3500
9214,1000000,53870
9215,791557,16240
9216,791557,3840
9217,791557,7580
9218,791557,2900
9219,1000000,44480
9220,791557,1500
9221,1000000,34560
9222,791557,11300
9223,791557,14460
9224,791557,6040
9225,791557,1560
9226,1000000,53280
9227,791557,2400
9228,1000000,32920
9229,791557,1740
9230,791557,2420
9231,791557,3680
9232,1000000,60060
9233,1000000,41200
9234,791557,2240
9235,791557,3580
9236,791557,4360
9237,791557,13610
9238,1000000,422440
9239,1000000,83860
9240,791557,1740
9241,791557,3360
9242,791557,1820
9243,791557,29720
9244,791557,1000
9245,791557,2530
9246,791557,8500
9247,791557,4180
9248,791557,1600
9249,791557,9560
9250,791557,7420
9251,791557,1130
9252,791557,11640
9253,791557,25980
9254,791557,3900
9255,791557,1900
9256,791557,2400
9257,1000000,77560
9258,791557,9220
9259,1000000,379120
9260,791557,13780
9261,791557,4500
9262,791557,5240
9263,791557,6540
9264,791557,3620
9265,791557,3760
9266,791557,7280
9267,791557,9700
9268,791557,3600
9269,791557,2940
9270,791557,19700
9271,791557,3620
9272,1000000,105560
9273,791557,2180
9274,791557,3560
9275,791557,4540
9276,791557,2500
9277,791557,17490
9278,791557,3110
9279,1000000,78860
9280,1000000,104760
9281,791557,5460
9282,791557,1980
9283,791557,5090
9284,791557,1150
9285,791557,26740
9286,791557,10340
9287,1000000,30210
9288,791557,3600
9289,791557,10140
9290,791557,28110
9291,791557,23360
9292,791557,1240
9293,1000000,338610
9294,1000000,135400
9295,1000000,152800
9296,1000000,67700
9297,791557,19480
9298,791557,12200
9299,1000000,204450
9300,791557,1000
9301,791557,4680
9302,791557,5280
9303,791557,3320
9304,791557,10560
9305,791557,11500
9306,791557,2600
9307,791557,3680
9308,791557,6660
9309,791557,6670
9310,1000000,266370
9311,791557,6970
9312,791557,9810
9313,791557,1630
9314,791557,7820
9315,791557,1820
9316,791557,1880
9317,791557,6480
9318,1000000,88860
9319,791557,3540
9320,791557,3340
9321,791557,14860
9322,791557,27000
9323,791557,3380
9324,791557,1220
9325,791557,4890
9326,1000000,137380
9327,791557,9500
9328,791557,3240
9329,1000000,240380
9330,791557,20040
9331,791557,11210
9332,1000000,41040
9333,791557,7200
9334,791557,4780
9335,1000000,115520
9336,791557,12980
9337,791557,1700
9338,791557,7800
9339,791557,13520
9340,791557,1000
9341,791557,4240
9342,791557,2400
9343,791557,29860
9344,1000000,32740
9345,791557,14580
9346,791557,2160
9347,791557,1090
9348,791557,1000
9349,1000000,63720
9350,791557,4200
9351,791557,4180
9352,1000000,132840
9353,791557,4320
9354,791557,9350
9355,791557,3200
9356,791557,2080
9357,791557,19840
9358,791557,6340
9359,791557,22120
9360,791557,28400
9361,791557,6760
9362,791557,9260
9363,791557,6300
9364,791557,2640
9365,1000000,91520
9366,791557,9620
9367,1000000,55400
9368,791557,11820
9369,791557,11920
9370,791557,1900
9371,791557,1120
9372,791557,2560
9373,791557,17560
9374,791557,2440
9375,791557,2270
9376,1000000,147160
9377,791557,5720
9378,791557,6040
9379,1000000,97320
9380,791557,3240
9381,1000000,68200
9382,791557,1660
9383,791557,5240
9384,791557,1020
9385,791557,1740
9386,791557,7840
9387,791557,9860
9388,791557,1620
9389,791557,1020
9390,791557,1000
9391,1000000,37980
9392,791557,21760
9393,791557,7760
9394,791557,17440
9395,791557,12600
9396,791557,14520
9397,1000000,74820
9398,791557,8800
9399,2504,2500000
9400,791557,2100
9401,791557,1030
9402,791557,4960
9403,791557,10820
9404,791557,1920
9405,1000000,31940
9406,791557,29140
9407,1000000,169110
9408,791557,4310
9409,791557,29140
9410,791557,3520
9411,791557,1400
9412,791557,4680
9413,791557,7170
9414,1000000,38380
9415,1000000,40560
9416,791557,4500
9417,791557,6000
9418,791557,3080
9419,791557,6090
9420,791557,13560
9421,791557,13020
9422,791557,11140
9423,791557,3720
9424,1000000,88090
9425,791557,16630
9426,791557,1000
9427,791557,1940
9428,791557,8310
9429,791557,4380
9430,791557,1720
9431,791557,2940
9432,791557,9760
9433,791557,3450
9434,791557,1050
9435,791557,4860
9436,791557,1860
9437,791557,1780
9438,791557,8020
9439,791557,4620
9440,791557,2640
9441,791557,2720
9442,791557,14800
9443,791557,1160
9444,791557,3480
9445,791557,23580
9446,791557,29160
9447,791557,1120
9448,791557,27600
9449,791557,2980
9450,1000000,56720
9451,791557,4900
9452,791557,4680
9453,1000000,208810
9454,791557,3060
9455,791557,1000
9456,791557,15590
9457,791557,1420
9458,1000000,87400
9459,1000000,45800
9460,791557,7280
9461,791557,27870
9462,791557,2440
9463,791557,5400
9464,791557,2220
9465,791557,12940
9466,791557,3440
9467,791557,1500
9468,791557,1540
9469,791557,5060
9470,791557,3320
9471,791557,3350
9472,791557,11020
9473,791557,9860
9474,1000000,292620
9475,1000000,175880
9476,1000000,35640
9477,791557,13600
9478,791557,8990
9479,791557,4180
9480,791557,11400
9481,1000000,35180
9482,791557,11280
9483,791557,1780
9484,791557,2100
9485,791557,2120
9486,791557,5430
9487,1000000,101280
9488,791557,11360
9489,1000000,33240
9490,1000000,268690
9491,791557,2140
9492,791557,9840
9493,791557,8220
9494,791557,7620
9495,791557,9240
9496,1000000,35120
9497,791557,1920
9498,791557,2520
9499,791557,6990
9500,1000000,51580
9501,1000000,45720
9502,791557,10910
9503,791557,27900
9504,791557,12880
9505,1000000,45340
9506,791557,4420
9507,791557,1020
9508,1000000,54950
9509,791557,16860
9510,791557,3480
9511,1000000,63180
9512,791557,4340
9513,791557,10160
9514,791557,18560
9515,791557,9540
9516,791557,13640
9517,791557,4610
9518,791557,22340
9519,791557,28340
9520,791557,2580
9521,791557,2810
9522,791557,16240
9523,791557,10330
9524,791557,2980
9525,1000000,215540
9526,791557,1160
9527,791557,1800
9528,791557,14420
9529,791557,5020
9530,791557,4040
9531,791557,1000
9532,791557,2510
9533,791557,23840
9534,791557,2470
9535,791557,12120
9536,1000000,48440
9537,791557,8600
9538,791557,2520
9539,791557,15960
9540,791557,8600
9541,791557,20140
9542,791557,8920
9543,791557,2040
9544,791557,4210
9545,791557,13660
9546,1000000,42840
9547,791557,9080
9548,791557,8520
9549,791557,6740
9550,791557,4580
9551,791557,1000
9552,791557,14100
9553,791557,4440
9554,791557,1210
9555,791557,2480
9556,791557,6720
9557,1000000,165660
9558,791557,3300
9559,791557,6540
9560,791557,4640
9561,791557,6110
9562,791557,12500
9563,1000000,100760
9564,1000000,114420
9565,791557,19760
9566,1000000,63600
9567,791557,11100
9568,791557,1020
9569,791557,1000
9570,791557,5400
9571,791557,1000
9572,791557,6840
9573,791557,1040
9574,1000000,51370
9575,791557,3780
9576,1000000,296290
9577,791557,11340
9578,1000000,91100
9579,791557,3720
9580,791557,8590
9581,791557,5930
9582,791557,7620
9583,1000000,59040
9584,791557,14320
9585,1000000,291780
9586,791557,19780
9587,1000000,172570
9588,1000000,42670
9589,791557,10400
9590,1000000,31140
9591,791557,1920
9592,1000000,56500
9593,791557,6820
9594,791557,4420
9595,791557,27560
9596,1000000,76980
9597,791557,20720
9598,791557,3140
9599,791557,2140
9600,791557,10220
9601,791557,9480
9602,791557,2320
9603,791557,1030
9604,791557,3400
9605,791557,23860
9606,791557,1950
9607,1000000,255120
9608,791557,8980
9609,791557,9860
9610,791557,5100
9611,791557,1320
9612,1000000,53800
9613,791557,1280
9614,791557,11320
9615,791557,3120
9616,791557,8600
9617,791557,6270
9618,791557,12200
9619,791557,1320
9620,791557,2080
9621,791557,9320
9622,791557,11520
9623,1000000,80780
9624,791557,18140
9625,1000000,134220
9626,791557,1880
9627,791557,18060
9628,791557,7250
9629,791557,4050
9630,1000000,93040
9631,791557,7100
9632,791557,1200
9633,791557,14380
9634,791557,20680
9635,791557,6560
9636,1000000,52310
9637,791557,3580
9638,791557,8200
9639,791557,3240
9640,791557,13520
9641,791557,8320
9642,791557,4080
9643,791557,8800
9644,791557,2040
9645,791557,2620
9646,791557,3800
9647,791557,4340
9648,791557,4400
9649,791557,1560
9650,791557,2720
9651,791557,16520
9652,791557,10920
9653,791557,4120
9654,1000000,375260
9655,791557,8230
9656,791557,11540
9657,791557,4900
9658,791557,27440
9659,791557,3160
9660,791557,4480
9661,1000000,33220
9662,791557,25420
9663,791557,11400
9664,791557,12940
9665,791557,3750
9666,791557,5850
9667,1000000,87720
9668,791557,9970
9669,1000000,51340
9670,791557,9820
9671,791557,4110
9672,1000000,53360
9673,791557,5480
9674,791557,27080
9675,791557,19630
9676,791557,5020
9677,791557,5040
9678,791557,17360
9679,791557,2080
9680,791557,9400
9681,791557,3970
9682,791557,6300
9683,791557,11850
9684,791557,6280
9685,1000000,310340
9686,791557,1080
9687,791557,16520
9688,791557,1000
9689,791557,8560
9690,791557,2780
9691,791557,1930
9692,791557,20020
9693,1000000,39940
9694,791557,3500
9695,791557,8120
9696,791557,9120
9697,791557,5160
9698,1000000,194140
9699,1000000,478980
9700,1000000,166520
9701,1000000,113520
9702,791557,5130
9703,791557,1000
9704,791557,11200
9705,791557,21380
9706,791557,6580
9707,791557,2140
9708,791557,6810
9709,791557,29110
9710,791557,18630
9711,791557,3400
9712,1000000,125460
9713,1000000,285000
9714,1000000,87860
9715,1000000,43780
9716,1000000,50500
9717,1000000,71760
9718,1000000,37200
9719,791557,1900
9720,791557,2760
9721,791557,5200
9722,791557,2140
9723,791557,10040
9724,791557,1180
9725,791557,1820
9726,1000000,176920
9727,791557,29660
9728,791557,5910
9729,791557,3140
9730,1000000,37820
9731,1000000,79000
9732,1000000,33830
9733,1000000,109040
9734,791557,21640
9735,791557,5340
9736,791557,24560
9737,791557,6460
9738,791557,8350
9739,791557,8620
9740,791557,3460
9741,791557,2940
9742,791557,4210
9743,791557,1000
9744,791557,3130
9745,791557,1660
9746,1000000,34800
9747,1000000,97680
9748,791557,1420
9749,1000000,46540
9750,791557,14380
9751,791557,6620
9752,791557,1540
9753,791557,6100
9754,1000000,67720
9755,791557,1070
9756,791557,7120
9757,791557,5680
9758,791557,1180
9759,791557,3080
9760,791557,8660
9761,791557,1000
9762,1000000,30740
9763,791557,22140
9764,791557,5300
9765,791557,2560
9766,791557,3020
9767,791557,3900
9768,791557,7720
9769,791557,3500
9770,791557,3480
9771,791557,23720
9772,791557,5160
9773,1000000,37100
9774,791557,18320
9775,791557,2860
9776,791557,16060
9777,791557,22060
9778,791557,6820
9779,791557,1000
9780,791557,2520
9781,791557,4860
9782,791557,3270
9783,791557,1020
9784,791557,3840
9785,1000000,59720
9786,791557,7880
9787,791557,16340
9788,791557,7610
9789,1000000,30860
9790,1000000,48340
9791,791557,5760
9792,1000000,80260
9793,791557,15160
9794,791557,23960
9795,791557,4510
9796,1000000,107560
9797,791557,8220
9798,791557,4720
9799,791557,4830
9800,791557,21040
9801,791557,1900
9802,791557,12190
9803,791557,4590
9804,791557,8000
9805,791557,6720
9806,1000000,142500
9807,791557,12180
9808,791557,3690
9809,791557,1590
9810,791557,5900
9811,791557,1870
9812,791557,11620
9813,791557,1440
9814,791557,7200
9815,791557,7240
9816,791557,2280
9817,791557,2860
9818,791557,12920
9819,791557,12340
9820,791557,12140
9821,1000000,65800
9822,1000000,106440
9823,791557,8300
9824,791557,2840
9825,791557,1890
9826,791557,2360
9827,791557,3600
9828,791557,23660
9829,791557,3120
9830,1000000,66580
9831,791557,1570
9832,791557,5050
9833,791557,6880
9834,791557,7550
9835,791557,14670
9836,791557,4460
9837,791557,4500
9838,1000000,31420
9839,791557,3080
9840,791557,1340
9841,791557,3880
9842,1000000,288740
9843,791557,11380
9844,791557,16240
9845,1000000,92210
9846,791557,6880
9847,791557,3320
9848,791557,1210
9849,791557,7810
9850,791557,1030
9851,791557,14440
9852,791557,13720
9853,791557,7150
9854,791557,7120
9855,791557,8170
9856,791557,1280
9857,791557,4810
9858,791557,2460
9859,791557,1720
9860,791557,7980
9861,1000000,31880
9862,791557,11880
9863,791557,1000
9864,791557,2700
9865,791557,5810
9866,791557,2660
9867,791557,1020
9868,791557,8880
9869,1000000,289720
9870,791557,1000
9871,791557,2380
9872,791557,1620
9873,791557,3880
9874,791557,7720
9875,791557,3040
9876,791557,8560
9877,1000000,34920
9878,791557,2160
9879,1000000,64660
9880,1000000,42500
9881,791557,4800
9882,1000000,31020
9883,1000000,266420
9884,791557,29580
9885,791557,1320
9886,791557,5940
9887,791557,11520
9888,791557,6640
9889,791557,12980
9890,791557,3060
9891,1000000,140450
9892,791557,25420
9893,791557,5990
9894,791557,5220
9895,791557,3760
9896,791557,5580
9897,791557,2980
9898,791557,6690
9899,791557,4200
9900,791557,3120
9901,1000000,59080
9902,791557,3860
9903,791557,1570
9904,791557,25240
9905,791557,13930
9906,1000000,96140
9907,1000000,32160
9908,1000000,185480
9909,791557,1050
9910,791557,8340
9911,791557,2660
9912,791557,3890
9913,791557,6660
9914,791557,7450
9915,1000000,77260
9916,791557,20200
9917,1000000,202260
9918,791557,10640
9919,791557,13600
9920,791557,13560
9921,1000000,49940
9922,1000000,515040
9923,791557,8800
9924,791557,2510
9925,791557,5540
9926,791557,18680
9927,791557,15740
9928,791557,4000
9929,791557,2680
9930,1000000,50460
9931,791557,2800
9932,791557,16510
9933,791557,5940
9934,791557,8920
9935,1000000,213490
9936,791557,1320
9937,1000000,128040
9938,1000000,39360
9939,791557,15180
9940,791557,1070
9941,791557,2040
9942,791557,12160
9943,791557,2900
9944,1000000,30850
9945,791557,13900
9946,791557,5740
9947,791557,2580
9948,791557,9200
9949,791557,3340
9950,791557,5190
9951,791557,1000
9952,791557,1990
9953,791557,21520
9954,791557,3130
9955,791557,3380
9956,791557,1080
9957,791557,1380
9958,791557,1060
9959,1000000,59340
9960,791557,5620
9961,791557,13840
9962,791557,2790
9963,791557,3080
9964,1000000,142590
9965,1000000,35150
9966,791557,2280
9967,791557,26240
9968,791557,2120
9969,791557,22720
9970,791557,10110
9971,791557,4090
9972,1000000,41000
9973,791557,2800
9974,791557,4040
9975,791557,1620
9976,791557,2190
9977,791557,9260
9978,791557,1200
9979,791557,1400
9980,791557,29680
9981,791557,3620
9982,791557,17660
9983,791557,12780
9984,791557,11320
9985,791557,1000
9986,791557,2940
9987,1000000,116930
9988,791557,3220
9989,791557,2260
9990,1000000,34660
9991,791557,13010
9992,1000000,39980
9993,791557,2420
9994,791557,4560
9995,791557,3560
9996,791557,3680
9997,791557,7400
9998,1000000,570780
9999,791557,5210
10000,1000000,38000
10001,791557,2480
10002,1000000,68860
10003,791557,3800
10004,791557,1000
10005,791557,2100
10006,791557,4460
10007,1000000,250380
10008,791557,1520
10009,1000000,74560
10010,791557,5960
10011,1000000,38520
10012,791557,8660
10013,791557,4140
10014,791557,1000
10015,791557,9620
10016,791557,2600
10017,791557,4750
10018,1000000,34640
10019,791557,23840
10020,791557,5320
10021,791557,1560
10022,1000000,69260
10023,791557,9040
10024,791557,1040
10025,791557,3740
10026,1000000,119760
10027,791557,5740
10028,1000000,34580
10029,791557,25970
10030,791557,5860
10031,791557,6680
10032,791557,23730
10033,791557,1930
10034,1000000,31740
10035,791557,10650
10036,791557,6470
10037,791557,2680
10038,791557,14160
10039,791557,2840
10040,1000000,54400
10041,1000000,34180
10042,791557,9260
10043,1000000,133180
10044,1000000,61500
10045,2504,2500000
10046,791557,6680
10047,791557,2920
10048,791557,17460
10049,791557,3870
10050,1000000,75030
10051,791557,3260
10052,791557,8460
10053,791557,25800
10054,791557,1020
10055,791557,1340
10056,791557,1000
10057,791557,4200
10058,1000000,121240
10059,791557,11720
10060,1000000,113910
10061,791557,1360
10062,1000000,152900
10063,791557,28120
10064,1000000,153000
10065,791557,2680
10066,791557,29620
10067,1000000,116760
10068,791557,3040
10069,791557,16280
10070,791557,7920
10071,791557,2840
10072,791557,6790
10073,791557,10180
10074,791557,18900
10075,791557,3810
10076,1000000,185860
10077,791557,15570
10078,791557,4760
10079,791557,1010
10080,791557,24640
10081,791557,3440
10082,791557,5280
10083,791557,3260
10084,791557,5980
10085,791557,3860
10086,1000000,39500
10087,791557,1700
10088,1000000,32100
10089,791557,15220
10090,791557,1480
10091,1000000,102620
10092,791557,1040
10093,1000000,81340
10094,791557,8280
10095,791557,1740
10096,791557,6440
10097,791557,3280
10098,791557,14360
10099,791557,7500
10100,791557,1100
10101,791557,7600
10102,791557,3160
10103,791557,3420
10104,791557,8410
10105,791557,5200
10106,791557,2160
10107,791557,2440
10108,791557,9440
10109,791557,13720
10110,1000000,98720
10111,791557,13490
10112,791557,28420
10113,791557,3240
10114,791557,1000
10115,791557,11860
10116,791557,6250
10117,791557,9210
10118,791557,13050
10119,791557,6280
10120,1000000,84510
10121,791557,5720
10122,791557,11260
10123,1000000,142880
10124,1000000,31340
10125,791557,10250
10126,791557,9560
10127,1000000,40400
10128,791557,4520
10129,1000000,43350
10130,791557,11720
10131,791557,4320
10132,791557,6960
10133,1000000,199130
10134,791557,3970
10135,1000000,146460
10136,791557,4400
10137,791557,6240
10138,791557,12140
10139,791557,2360
10140,1000000,35900
10141,1000000,114470
10142,791557,4360
10143,1000000,67200
10144,791557,23040
10145,791557,15820
10146,791557,2900
10147,791557,13720
10148,1000000,56800
10149,791557,2120
10150,791557,4020
10151,791557,15420
10152,791557,1060
10153,1000000,58240
10154,791557,8000
10155,791557,1000
10156,791557,29240
10157,1000000,133660
10158,791557,6450
10159,791557,6200
10160,1000000,31120
10161,1000000,70360
10162,791557,1680
10163,1000000,30120
10164,791557,8620
10165,791557,3540
10166,791557,5580
10167,1000000,174400
10168,791557,4300
10169,1000000,256880
10170,791557,4850
10171,791557,3060
10172,791557,4990
10173,791557,5560
10174,791557,6440
10175,791557,14120
10176,791557,3680
10177,1000000,49390
10178,791557,21550
10179,791557,24140
10180,1000000,219720
10181,791557,8610
10182,791557,4300
10183,791557,20180
10184,791557,6640
10185,791557,8860
10186,1000000,43500
10187,791557,12880
10188,791557,14440
10189,791557,2810
10190,1000000,60180
10191,791557,9100
10192,791557,1070
10193,791557,2220
10194,791557,12040
10195,791557,4090
10196,791557,11020
10197,791557,11420
10198,791557,1900
10199,791557,6870
10200,791557,1240
10201,1000000,88900
10202,1000000,53740
10203,791557,1000
10204,791557,15260
10205,1000000,41020
10206,791557,13380
10207,791557,10020
10208,1000000,52460
10209,791557,1000
10210,791557,1220
10211,791557,1720
10212,791557,3070
10213,1000000,82880
10214,791557,23520
10215,791557,5340
10216,1000000,42300
10217,791557,5200
10218,791557,1600
10219,791557,5020
10220,791557,5510
10221,1000000,44730
10222,791557,15460
10223,791557,14560
10224,791557,1580
10225,791557,2260
10226,791557,1000
10227,791557,3790
10228,1000000,48900
10229,1000000,164270
10230,791557,5480
10231,791557,5320
10232,791557,4390
10233,791557,4060
10234,791557,2920
10235,791557,1380
10236,791557,1880
10237,791557,7760
10238,1000000,106810
10239,1000000,48140
10240,791557,6720
10241,1000000,151380
10242,791557,1000
10243,1000000,38240
10244,791557,1950
10245,791557,5600
10246,791557,1840
10247,791557,15280
10248,791557,1000
10249,791557,5300
10250,791557,18100
10251,791557,2700
10252,791557,6480
10253,791557,4440
10254,791557,2400
10255,1000000,61860
10256,1000000,63960
10257,791557,11100
10258,791557,5480
10259,791557,6140
10260,791557,2000
10261,791557,4560
10262,791557,2080
10263,791557,8400
10264,791557,1540
10265,791557,3440
10266,791557,1320
10267,1000000,49960
10268,1000000,50470
10269,791557,10840
10270,791557,1060
10271,791557,6620
10272,791557,3930
10273,791557,5880
10274,791557,3210
10275,791557,13820
10276,791557,4860
10277,791557,12560
10278,2504,2500000
10279,791557,5140
10280,791557,3130
10281,791557,6540
10282,791557,9360
10283,1000000,62840
10284,1000000,109080
10285,791557,1040
10286,791557,1000
10287,1000000,61820
10288,791557,18160
10289,791557,8130
10290,791557,7280
10291,791557,1800
10292,791557,20160
10293,1000000,188780
10294,791557,19980
10295,791557,1840
10296,1000000,67320
10297,1000000,37530
10298,791557,7340
10299,791557,19400
10300,791557,9920
10301,791557,2220
10302,1000000,60420
10303,791557,2600
10304,791557,3990
10305,791557,2380
10306,791557,2060
10307,791557,4220
10308,791557,2390
10309,791557,1640
10310,791557,6980
10311,791557,1000
10312,791557,26500
10313,791557,8620
10314,791557,24300
10315,791557,6840
10316,1000000,164840
10317,791557,4380
10318,791557,20900
10319,1000000,108500
10320,1000000,221400
10321,791557,8750
10322,791557,12260
10323,791557,1000
10324,791557,6880
10325,791557,9860
10326,791557,5600
10327,791557,6640
10328,1000000,45860
10329,791557,2540
10330,791557,19140
10331,791557,6160
10332,791557,9300
10333,791557,11220
10334,791557,2670
10335,1000000,37780
10336,791557,27720
10337,791557,4520
10338,791557,2340
10339,1000000,46900
10340,791557,7820
10341,791557,4340
10342,791557,3270
10343,791557,12360
10344,791557,3950
10345,791557,10540
10346,791557,1000
10347,791557,2600
10348,791557,2110
10349,791557,3680
10350,1000000,64160
10351,791557,2820
10352,791557,2560
10353,791557,9480
10354,791557,1560
10355,791557,11460
10356,791557,20280
10357,1000000,52220
10358,791557,13940
10359,791557,5960
10360,1000000,64080
10361,791557,4960
10362,791557,10300
10363,791557,1970
10364,791557,5080
10365,791557,1000
10366,1000000,112860
10367,1000000,110070
10368,791557,11900
10369,791557,3800
10370,791557,3360
10371,791557,1000
10372,791557,7160
10373,1000000,298380
10374,791557,2420
10375,791557,4910
10376,1000000,72620
10377,791557,4440
10378,791557,6360
10379,791557,19100
10380,1000000,73020
10381,791557,3820
10382,791557,2260
10383,791557,2440
10384,1000000,32430
10385,791557,2320
10386,791557,11880
10387,1000000,182400
10388,791557,1940
10389,791557,1520
10390,1000000,284440
10391,1000000,39040
10392,791557,15840
10393,791557,2300
10394,791557,4640
10395,791557,2120
10396,791557,3190
10397,1000000,66760
10398,791557,9240
10399,791557,7330
10400,791557,2490
10401,1000000,40520
10402,1000000,245200
10403,791557,2060
10404,791557,3350
10405,791557,2720
10406,1000000,121920
10407,1000000,34560
10408,791557,1000
10409,791557,5980
10410,791557,4180
10411,791557,8520
10412,791557,1020
10413,791557,23560
10414,791557,12070
10415,1000000,200660
10416,1000000,123080
10417,1000000,152210
10418,791557,1790
10419,791557,5120
10420,791557,3550
10421,791557,9660
10422,791557,19580
10423,791557,6060
10424,791557,3600
10425,791557,2820
10426,791557,2260
10427,791557,9020
10428,1000000,41240
10429,791557,15100
10430,791557,1730
10431,791557,12830
10432,791557,9160
10433,1000000,58050
10434,791557,6120
10435,791557,16460
10436,791557,4340
10437,1000000,68450
10438,791557,2530
10439,791557,7520
10440,791557,20280
10441,791557,5720
10442,791557,2160
10443,791557,20170
10444,791557,9160
10445,1000000,268210
10446,791557,1000
10447,1000000,86180
10448,791557,7140
10449,791557,11340
10450,791557,15900
10451,1000000,41360
10452,791557,6820
10453,791557,2320
10454,791557,6650
10455,791557,1220
10456,791557,24580
10457,2504,2500000
10458,791557,9180
10459,1000000,38670
10460,791557,3620
10461,1000000,38820
10462,791557,2860
10463,791557,19200
10464,791557,2710
10465,791557,8400
10466,1000000,54500
10467,791557,1040
10468,791557,7740
10469,791557,11440
10470,791557,1980
10471,791557,4660
10472,791557,2130
10473,1000000,53980
10474,1000000,66060
10475,791557,27860
10476,791557,11460
10477,791557,5200
10478,791557,14560
10479,791557,14380
10480,1000000,31860
10481,791557,4440
10482,791557,13760
10483,1000000,38640
10484,791557,1700
10485,791557,4340
10486,791557,23640
10487,791557,4800
10488,1000000,52780
10489,791557,1910
10490,791557,2760
10491,791557,22690
10492,791557,9760
10493,791557,26360
10494,791557,7700
10495,791557,2040
10496,791557,2240
10497,791557,12540
10498,791557,13470
10499,1000000,88680
10500,791557,1960
10501,791557,14400
10502,791557,11280
10503,791557,1570
10504,791557,7120
10505,791557,5320
10506,791557,26440
10507,791557,4980
10508,791557,1000
10509,791557,7680
10510,1000000,33740
10511,791557,8860
10512,791557,2160
10513,791557,4720
10514,791557,1000
10515,791557,6120
10516,791557,1720
10517,791557,6480
10518,791557,9810
10519,791557,1020
10520,791557,11580
10521,791557,9540
10522,1000000,33340
10523,1000000,109280
10524,791557,3280
10525,791557,15990
10526,791557,4100
10527,791557,4110
10528,791557,8260
10529,791557,10300
10530,791557,1760
10531,791557,2560
10532,791557,4390
10533,791557,2560
10534,791557,1240
10535,791557,4800
10536,791557,8300
10537,1000000,48720
10538,791557,4200
10539,791557,7700
10540,791557,14000
10541,791557,6630
10542,1000000,63020
10543,791557,3520
10544,1000000,64840
10545,1000000,44560
10546,1000000,177840
10547,791557,1070
10548,1000000,65170
10549,1000000,52860
10550,791557,2300
10551,791557,15560
10552,791557,2160
10553,791557,1800
10554,791557,14140
10555,1000000,48370
10556,1000000,65260
10557,791557,3840
10558,791557,10130
10559,791557,3700
10560,791557,1000
10561,791557,7280
10562,791557,17520
10563,791557,6280
10564,1000000,42660
10565,791557,5290
10566,791557,2340
10567,791557,13060
10568,791557,10640
10569,791557,4180
10570,1000000,32980
10571,1000000,43660
10572,791557,2240
10573,791557,2640
10574,791557,5180
10575,1000000,75700
10576,791557,1780
10577,791557,4020
10578,1000000,33560
10579,791557,6520
10580,791557,6780
10581,791557,6840
10582,1000000,63820
10583,791557,18720
10584,791557,3960
10585,1000000,41110
10586,1000000,50240
10587,791557,1460
10588,791557,19000
10589,791557,9690
10590,791557,2290
10591,791557,2400
10592,791557,9640
10593,791557,9840
10594,791557,5760
10595,791557,2150
10596,791557,13740
10597,791557,1180
10598,791557,12000
10599,791557,4520
10600,791557,8160
10601,1000000,82640
10602,791557,8200
10603,1000000,317630
10604,791557,12200
10605,791557,5860
10606,791557,13700
10607,791557,2000
10608,791557,3800
10609,791557,2580
10610,791557,7560
10611,1000000,50400
10612,791557,1900
10613,1000000,42740
10614,791557,8520
10615,791557,5560
10616,1000000,141860
10617,791557,9360
10618,1000000,79900
10619,791557,2580
10620,791557,3280
10621,791557,5120
10622,791557,23080
10623,791557,4960
10624,791557,3420
10625,791557,4280
10626,1000000,46560
10627,791557,5940
10628,791557,3390
10629,791557,6290
10630,791557,2520
10631,1000000,57850
10632,791557,7740
10633,1000000,68740
10634,791557,1000
10635,791557,2230
10636,791557,1780
10637,791557,1500
10638,1000000,129380
10639,791557,5580
10640,791557,12860
10641,791557,8340
10642,1000000,86520
10643,791557,29780
10644,791557,27320
10645,1000000,88090
10646,791557,4840
10647,791557,7580
10648,791557,6460
10649,791557,1320
10650,791557,1150
10651,791557,5520
10652,1000000,46740
10653,791557,13720
10654,791557,5000
10655,791557,2740
10656,791557,2700
10657,791557,17220
10658,1000000,48540
10659,791557,7890
10660,791557,3200
10661,791557,20690
10662,791557,2280
10663,791557,11700
10664,791557,2240
10665,791557,3180
10666,791557,3940
10667,791557,3560
10668,791557,1540
10669,791557,8120
10670,791557,1160
10671,791557,1350
10672,791557,1540
10673,791557,4660
10674,791557,4460
10675,791557,6010
10676,791557,3260
10677,791557,23820
10678,791557,18880
10679,791557,14760
10680,791557,3790
10681,791557,3180
10682,791557,15360
10683,791557,17980
10684,1000000,47710
10685,791557,1780
10686,791557,1560
10687,791557,13910
10688,791557,1900
10689,791557,1840
10690,791557,4680
10691,791557,1910
10692,1000000,75980
10693,791557,2500
10694,791557,2940
10695,1000000,68440
10696,791557,7040
10697,791557,2000
10698,791557,8120
10699,791557,4460
10700,791557,1660
10701,791557,6260
10702,791557,5200
10703,1000000,164390
10704,1000000,34440
10705,1000000,51380
10706,791557,11180
10707,791557,8820
10708,791557,19780
10709,1000000,372180
10710,791557,1640
10711,791557,1000
10712,791557,13480
10713,791557,2480
10714,791557,4260
10715,791557,5280
10716,1000000,106760
10717,791557,3520
10718,1000000,48700
10719,791557,15940
10720,791557,1050
10721,1000000,81100
10722,791557,8340
10723,791557,5590
10724,791557,1920
10725,791557,1320
10726,1000000,82380
10727,791557,7170
10728,791557,1420
10729,791557,1600
10730,791557,1780
10731,1000000,42320
10732,1000000,94350
10733,791557,2540
10734,1000000,225880
10735,791557,1000
10736,1000000,61410
10737,791557,1560
10738,791557,2700
10739,791557,1340
10740,791557,15320
10741,791557,27640
10742,791557,2310
10743,791557,6880
10744,791557,5920
10745,791557,4200
10746,791557,28230
10747,791557,9360
10748,791557,6320
10749,791557,5400
10750,1000000,42180
10751,791557,9340
10752,791557,4660
10753,791557,1160
10754,791557,1240
10755,791557,1000
10756,791557,1520
10757,791557,4020
10758,1000000,270700
10759,791557,5140
10760,791557,8100
10761,1000000,33980
10762,791557,6340
10763,791557,7760
10764,791557,1000
10765,791557,1020
10766,791557,7220
10767,791557,3320
10768,791557,6980
10769,791557,2400
10770,791557,18820
10771,791557,17690
10772,791557,8780
10773,1000000,38400
10774,791557,17820
10775,791557,6300
10776,791557,4960
10777,791557,6320
10778,791557,2920
10779,1000000,47620
10780,791557,1000
10781,791557,21100
10782,1000000,56600
10783,791557,2620
10784,791557,2380
10785,791557,4760
10786,791557,3920
10787,791557,5100
10788,1000000,70540
10789,791557,1020
10790,791557,1860
10791,791557,1530
10792,791557,2880
10793,791557,7520
10794,1000000,54180
10795,1000000,69040
10796,791557,1030
10797,791557,2440
10798,791557,2100
10799,791557,9920
10800,1000000,67450
10801,791557,1220
10802,791557,11520
10803,791557,6200
10804,791557,7080
10805,1000000,79020
10806,791557,1500
10807,791557,2220
10808,2504,2500000
10809,791557,8140
10810,1000000,32840
10811,1000000,47080
10812,791557,6240
10813,791557,12940
10814,791557,5360
10815,791557,25860
10816,791557,3080
10817,791557,6300
10818,791557,14460
10819,791557,6730
10820,791557,3040
10821,791557,2440
10822,1000000,101580
10823,791557,18160
10824,791557,5210
10825,791557,1000
10826,791557,4560
10827,791557,1940
10828,791557,5180
10829,791557,2030
10830,791557,6960
10831,791557,8720
10832,791557,4800
10833,791557,3960
10834,791557,1000
10835,791557,6760
10836,791557,3740
10837,791557,19680
10838,791557,6620
10839,791557,5320
10840,791557,5370
10841,1000000,64160
10842,791557,3310
10843,791557,4720
10844,791557,1240
10845,791557,6380
10846,1000000,64140
10847,791557,8600
10848,791557,1220
10849,791557,6380
10850,791557,1800
10851,791557,25560
10852,791557,4600
10853,791557,6050
10854,791557,10360
10855,1000000,88520
10856,791557,1220
10857,791557,9140
10858,791557,4840
10859,1000000,80660
10860,791557,5620
10861,791557,11780
10862,791557,5160
10863,791557,14960
10864,1000000,43980
10865,791557,9800
10866,791557,9820
10867,791557,4410
10868,791557,3960
10869,791557,8560
10870,1000000,49340
10871,791557,6260
10872,791557,2260
10873,791557,6560
10874,791557,7030
10875,791557,5950
10876,791557,7080
10877,791557,6040
10878,791557,6350
10879,791557,8130
10880,791557,28600
10881,791557,1220
10882,791557,4060
10883,791557,9160
10884,791557,2120
10885,791557,5240
10886,791557,1840
10887,791557,7420
10888,791557,8910
10889,791557,1010
10890,791557,6020
10891,791557,7840
10892,791557,4640
10893,791557,1980
10894,791557,7660
10895,791557,10630
10896,791557,7660
10897,791557,8700
10898,791557,1540
10899,791557,4820
10900,1000000,102300
10901,791557,3050
10902,1000000,119930
10903,791557,1000
10904,1000000,71380
10905,791557,13970
10906,791557,6360
10907,1000000,48980
10908,1000000,37750
10909,791557,4660
10910,791557,11980
10911,1000000,41740
10912,791557,3020
10913,1000000,71820
10914,791557,1000
10915,1000000,43500
10916,791557,5840
10917,791557,1480
10918,791557,29980
10919,791557,3850
10920,791557,1020
10921,791557,3760
10922,1000000,205840
10923,791557,8520
10924,791557,1200
10925,791557,2220
10926,791557,1880
10927,1000000,49740
10928,791557,1000
10929,791557,9300
10930,791557,5080
10931,791557,1000
10932,791557,1310
10933,791557,7120
10934,791557,4020
10935,791557,24600
10936,791557,3170
10937,791557,4200
10938,791557,1050
10939,791557,6660
10940,791557,3680
10941,791557,1000
10942,791557,6100
10943,791557,10160
10944,791557,19500
10945,791557,12760
10946,791557,2520
10947,791557,1000
10948,791557,3880
10949,791557,3240
10950,791557,1540
10951,791557,20880
10952,791557,5140
10953,791557,2060
10954,791557,2000
10955,791557,4520
10956,791557,2580
10957,791557,1970
10958,1000000,30900
10959,791557,3080
10960,791557,29000
10961,791557,7880
10962,791557,5200
10963,791557,14560
10964,791557,3010
10965,791557,3540
10966,791557,8300
10967,791557,1000
10968,791557,1000
10969,791557,1000
10970,791557,1380
10971,791557,6080
10972,791557,3460
10973,791557,6660
10974,791557,16910
10975,791557,1060
10976,791557,1430
10977,791557,3060
10978,791557,1060
10979,791557,2700
10980,791557,1040
10981,791557,4670
10982,1000000,132000
10983,791557,25350
10984,791557,12830
10985,791557,4500
10986,791557,13220
10987,791557,27860
10988,791557,1940
10989,791557,19340
10990,791557,9700
10991,791557,2600
10992,1000000,39960
10993,791557,10360
10994,791557,1810
10995,791557,3760
10996,2504,2500000
10997,791557,7050
10998,1000000,48550
10999,791557,3120
11000,791557,25360
11001,791557,6300
11002,791557,14360
11003,791557,4530
11004,791557,2720
11005,791557,4120
11006,791557,19300
11007,1000000,31140
11008,791557,1440
11009,791557,28080
11010,1000000,49160
11011,791557,7020
11012,791557,1030
11013,791557,8100
11014,1000000,33060
11015,791557,10760
11016,1000000,64730
11017,791557,2360
11018,791557,3340
11019,791557,3320
11020,791557,5640
11021,791557,1860
11022,791557,2500
11023,791557,2180
11024,791557,18030
11025,791557,4120
11026,791557,6080
11027,791557,3320
11028,791557,3140
11029,791557,4470
11030,1000000,45330
11031,791557,29960
11032,791557,8300
11033,791557,16640
11034,791557,1480
11035,1000000,168540
11036,791557,8330
11037,791557,1000
11038,791557,5640
11039,1000000,89300
11040,791557,4220
11041,791557,4080
11042,1000000,41280
11043,791557,2620
11044,791557,7160
11045,791557,3220
11046,791557,12020
11047,791557,2080
11048,791557,1300
11049,791557,4160
11050,791557,8220
11051,791557,9870
11052,1000000,190840
11053,791557,3640
11054,791557,1900
11055,1000000,45180
11056,791557,3100
11057,791557,9770
11058,791557,3000
11059,1000000,110930
11060,791557,7760
11061,1000000,60160
11062,791557,2830
11063,791557,8100
11064,791557,3900
11065,1000000,152020
11066,791557,1760
11067,791557,13840
11068,791557,10360
11069,791557,5200
11070,1000000,87140
11071,791557,1000
11072,791557,1120
11073,791557,3800
11074,1000000,325520
11075,791557,3540
11076,791557,13230
11077,1000000,140140
11078,791557,3890
11079,1000000,49480
11080,791557,5300
11081,791557,3520
11082,1000000,33420
11083,791557,12360
11084,791557,3040
11085,791557,4680
11086,791557,6800
11087,791557,14760
11088,791557,15340
11089,791557,2860
11090,1000000,305120
11091,791557,1600
11092,1000000,158600
11093,791557,20880
11094,791557,4930
11095,791557,1040
11096,791557,5120
11097,791557,14020
11098,791557,9180
11099,791557,2160
11100,791557,3400
11101,791557,3740
11102,791557,1080
11103,791557,5460
11104,791557,10120
11105,1000000,59440
11106,791557,2340
11107,1000000,63500
11108,1000000,88000
11109,791557,6100
11110,1000000,73640
11111,791557,1840
11112,791557,1020
11113,1000000,33760
11114,791557,5300
11115,791557,14000
11116,791557,3540
11117,791557,24300
11118,791557,12920
11119,791557,3550
11120,791557,6930
11121,791557,10100
11122,791557,2080
11123,1000000,30750
11124,791557,22180
11125,791557,3180
11126,791557,1120
11127,791557,2940
11128,791557,1460
11129,791557,6500
11130,791557,2080
11131,791557,6160
11132,1000000,39840
11133,791557,2760
11134,791557,7440
11135,791557,20880
11136,791557,5590
11137,791557,8280
11138,791557,12500
11139,791557,1800
11140,791557,1720
11141,791557,2140
11142,791557,9800
11143,1000000,54820
11144,791557,2160
11145,791557,14100
11146,1000000,37040
11147,791557,4440
11148,1000000,216490
11149,1000000,32240
11150,791557,1000
11151,1000000,93560
11152,1000000,37640
11153,791557,7280
11154,1000000,178850
11155,1000000,41680
11156,791557,13900
11157,791557,1030
11158,791557,12280
11159,791557,17140
11160,1000000,56640
11161,791557,2520
11162,1000000,41860
11163,791557,1550
11164,1000000,34890
11165,791557,4580
11166,791557,4620
11167,791557,1780
11168,791557,11660
11169,791557,11520
11170,791557,7820
11171,791557,1030
11172,791557,4370
11173,791557,5060
11174,791557,3800
11175,791557,1000
11176,1000000,58800
11177,791557,25320
11178,791557,2780
11179,791557,11300
11180,791557,1320
11181,791557,4550
11182,791557,1000
11183,791557,1660
11184,791557,6500
11185,791557,10020
11186,1000000,94680
11187,791557,3700
11188,791557,6440
11189,791557,17100
11190,791557,19060
11191,791557,8900
11192,791557,3720
11193,791557,2210
11194,791557,16920
11195,791557,6320
11196,791557,4660
11197,791557,11940
11198,791557,10420
11199,1000000,98680
11200,791557,5600
11201,791557,7980
11202,791557,13790
11203,791557,1000
11204,791557,3380
11205,1000000,65860
11206,791557,4600
11207,791557,4440
11208,791557,4690
11209,1000000,61240
11210,791557,4580
11211,791557,8620
11212,791557,1860
11213,791557,16000
11214,791557,6550
11215,791557,4330
11216,791557,17720
11217,791557,8770
11218,791557,8100
11219,791557,13200
11220,791557,7020
11221,791557,12560
11222,791557,7760
11223,791557,4640
11224,791557,9800
11225,791557,3340
11226,791557,15520
11227,791557,4450
11228,791557,11640
11229,1000000,57230
11230,791557,19160
11231,1000000,79300
11232,791557,22860
11233,791557,20420
11234,791557,19300
11235,791557,6940
11236,1000000,58560
11237,791557,3850
11238,791557,3120
11239,791557,1300
11240,791557,7020
11241,791557,1000
11242,791557,9980
11243,1000000,38640
11244,791557,19310
11245,791557,4810
11246,791557,6330
11247,791557,27220
11248,791557,4020
11249,791557,1020
11250,791557,10210
11251,791557,13200
11252,1000000,63800
11253,791557,1000
11254,791557,5460
11255,1000000,64880
11256,791557,6310
11257,1000000,61930
11258,791557,5520
11259,791557,26940
11260,791557,6150
11261,1000000,54470
11262,791557,21880
11263,791557,2220
11264,791557,7200
11265,791557,2580
11266,791557,2880
11267,791557,15260
11268,791557,9780
11269,791557,9400
11270,791557,3440
11271,1000000,45060
11272,791557,1000
11273,1000000,113280
11274,791557,1010
11275,791557,2480
11276,791557,27710
11277,791557,12860
11278,1000000,61340
11279,791557,1000
11280,791557,3820
11281,791557,28220
11282,791557,4000
11283,791557,5160
11284,791557,1580
11285,791557,6500
11286,791557,8930
11287,1000000,216280
11288,791557,4180
11289,791557,3520
11290,791557,1800
11291,1000000,33470
11292,791557,6130
11293,791557,13520
11294,791557,7210
11295,791557,2810
11296,1000000,77260
11297,791557,9360
11298,791557,2130
11299,1000000,34170
11300,791557,21520
11301,791557,26740
11302,791557,29510
11303,791557,8620
11304,1000000,97320
11305,791557,5880
11306,791557,5110
11307,791557,1000
11308,791557,3000
11309,791557,1100
11310,1000000,329440
11311,1000000,52260
11312,1000000,105580
11313,791557,5140
11314,791557,8520
11315,1000000,105600
11316,791557,1910
11317,791557,7060
11318,1000000,64360
11319,791557,3000
11320,791557,22120
11321,791557,3480
11322,1000000,49500
11323,791557,8960
11324,791557,17520
11325,791557,6470
11326,791557,23120
11327,791557,1040
11328,791557,1000
11329,791557,2840
11330,791557,25390
11331,1000000,37360
11332,1000000,121580
11333,791557,9340
11334,791557,6880
11335,791557,5760
11336,791557,7970
11337,791557,3680
11338,791557,13140
11339,791557,14820
11340,791557,6820
11341,791557,6710
11342,791557,5720
11343,791557,12620
11344,1000000,244280
11345,791557,29860
11346,791557,10480
11347,791557,2320
11348,791557,1900
11349,791557,1000
11350,791557,2120
11351,791557,5360
11352,791557,23400
11353,791557,3200
11354,791557,2480
11355,791557,25420
11356,791557,27040
11357,791557,11740
11358,791557,4080
11359,791557,9000
11360,791557,9660
11361,791557,7420
11362,1000000,108040
11363,791557,3020
11364,791557,6820
11365,791557,2300
11366,1000000,36410
11367,791557,2540
11368,791557,6320
11369,791557,3640
11370,1000000,112460
11371,791557,12020
11372,1000000,51880
11373,791557,3120
11374,791557,1440
11375,791557,7540
11376,791557,12940
11377,791557,1290
11378,791557,1000
11379,791557,1020
11380,791557,5040
11381,1000000,56560
11382,791557,7550
11383,791557,1700
11384,791557,5450
11385,791557,16660
11386,1000000,68260
11387,791557,14100
11388,791557,11910
11389,791557,4110
11390,791557,13680
11391,791557,9090
11392,1000000,128640
11393,791557,5470
11394,1000000,54700
11395,791557,9000
11396,791557,29040
11397,791557,2820
11398,791557,1010
11399,791557,11060
11400,791557,8740
11401,791557,3390
11402,791557,3220
11403,791557,15260
11404,791557,4020
11405,791557,3580
11406,791557,1000
11407,791557,23280
11408,791557,6200
11409,791557,5010
11410,791557,6080
11411,791557,12660
11412,1000000,103460
11413,791557,3560
11414,1000000,67100
11415,791557,3720
11416,791557,2720
11417,1000000,45960
11418,791557,17370
11419,1000000,58680
11420,791557,1000
11421,791557,1000
11422,791557,1130
11423,791557,1660
11424,791557,4140
11425,791557,7980
11426,791557,2780
11427,791557,2120
11428,1000000,38880
11429,791557,2920
11430,791557,1010
11431,791557,2870
11432,1000000,32140
11433,791557,2080
11434,791557,1720
11435,791557,2620
11436,791557,2910
11437,791557,4220
11438,791557,4980
11439,791557,8020
11440,791557,1000
11441,1000000,92040
11442,791557,6320
11443,1000000,694990
11444,791557,29880
11445,1000000,40410
11446,791557,2720
11447,791557,20900
11448,791557,5140
11449,791557,9770
11450,791557,11000
11451,791557,3880
11452,791557,16240
11453,791557,2180
11454,1000000,76800
11455,791557,6700
11456,791557,4660
11457,1000000,35840
11458,1000000,170780
11459,791557,1000
11460,791557,5840
11461,1000000,102690
11462,791557,1000
11463,791557,10180
11464,791557,2000
11465,791557,7480
11466,791557,3580
11467,791557,1480
11468,791557,3120
11469,791557,6420
11470,791557,26540
11471,1000000,34660
11472,791557,8280
11473,791557,5170
11474,791557,20400
11475,791557,10940
11476,791557,21860
11477,1000000,193100
11478,791557,21150
11479,791557,2140
11480,791557,1800
11481,791557,7900
11482,791557,1000
11483,1000000,91920
11484,791557,1220
11485,791557,24300
11486,1000000,42480
11487,791557,7450
11488,791557,12180
11489,791557,8200
11490,791557,1080
11491,791557,14190
11492,791557,7170
11493,791557,4740
11494,791557,12220
11495,1000000,50360
11496,1000000,42780
11497,791557,11020
11498,791557,17620
11499,1000000,85400
11500,791557,2500
11501,791557,10370
11502,791557,15840
11503,1000000,105430
11504,791557,6860
11505,791557,6280
11506,791557,2840
11507,1000000,30480
11508,791557,1890
11509,791557,2580
11510,791557,6540
11511,791557,2190
11512,791557,2840
11513,1000000,70620
11514,791557,13710
11515,791557,10560
11516,791557,5160
11517,791557,21960
11518,791557,5300
11519,1000000,86160
11520,791557,3910
11521,791557,3060
11522,1000000,92140
11523,1000000,32700
11524,791557,3880
11525,791557,7520
11526,791557,2780
11527,791557,13590
11528,791557,4260
11529,791557,4160
11530,791557,11610
11531,791557,1480
11532,791557,8160
11533,1000000,57040
11534,791557,2110
11535,791557,14690
11536,791557,11100
11537,791557,1480
11538,1000000,105020
11539,791557,3540
11540,791557,6070
11541,791557,1220
11542,791557,12480
11543,791557,6740
11544,791557,10520
11545,791557,3160
11546,791557,5640
11547,791557,1680
11548,791557,2300
11549,791557,9220
11550,791557,3680
11551,791557,6700
11552,791557,1120
11553,791557,3100
11554,791557,5830
11555,791557,15780
11556,791557,5180
11557,791557,5440
11558,791557,2920
11559,791557,11600
11560,1000000,121320
11561,791557,1000
11562,1000000,42980
11563,791557,1590
11564,1000000,37980
11565,791557,2400
11566,791557,9270
11567,1000000,171480
11568,791557,5460
11569,1000000,180180
11570,1000000,73880
11571,791557,3500
11572,1000000,94730
11573,791557,2120
11574,791557,8360
11575,791557,6900
11576,791557,8040
11577,791557,6080
11578,791557,6440
11579,1000000,53340
11580,791557,2940
11581,791557,4800
11582,791557,3080
11583,791557,23340
11584,791557,1260
11585,791557,29020
11586,1000000,54730
11587,791557,1000
11588,791557,4740
11589,1000000,260340
11590,791557,1440
11591,791557,3780
11592,1000000,46560
11593,791557,13500
11594,791557,25660
11595,791557,1000
11596,791557,10860
11597,791557,5540
11598,791557,1950
11599,791557,16540
11600,791557,21530
11601,791557,1920
11602,1000000,56310
11603,1000000,76300
11604,791557,18120
11605,791557,18720
11606,791557,7220
11607,791557,5680
11608,791557,15380
11609,1000000,277180
11610,791557,7440
11611,791557,14220
11612,791557,15060
11613,1000000,81240
11614,791557,22460
11615,791557,15280
11616,791557,2450
11617,791557,4000
11618,791557,3430
11619,791557,1790
11620,791557,7860
11621,791557,2140
11622,791557,9480
11623,791557,6980
11624,791557,1540
11625,791557,18200
11626,791557,1940
11627,791557,13200
11628,1000000,36560
11629,791557,2340
11630,791557,8340
11631,791557,3010
11632,791557,6000
11633,791557,4760
11634,791557,3340
11635,791557,23840
11636,791557,3400
11637,791557,2240
11638,1000000,43480
11639,791557,19690
11640,791557,2620
11641,791557,1980
11642,791557,3900
11643,1000000,242270
11644,791557,2900
11645,791557,4220
11646,791557,1860
11647,791557,13520
11648,791557,3220
11649,791557,6650
11650,791557,2400
11651,791557,18920
11652,791557,2600
11653,791557,6470
11654,1000000,109770
11655,791557,1110
11656,791557,13670
11657,1000000,47840
11658,791557,1580
11659,791557,9750
11660,791557,28280
11661,791557,9290
11662,791557,9050
11663,791557,3110
11664,791557,2900
11665,791557,3970
11666,791557,9740
11667,791557,25980
11668,1000000,30020
11669,791557,6640
11670,1000000,126270
11671,791557,21660
11672,791557,1360
11673,791557,6340
11674,791557,8040
11675,791557,12480
11676,791557,20520
11677,791557,1260
11678,1000000,84300
11679,1000000,83600
11680,791557,11070
11681,791557,2390
11682,791557,8000
11683,791557,1000
11684,791557,21160
11685,791557,27560
11686,791557,1440
11687,791557,15040
11688,791557,7860
11689,791557,4410
11690,791557,4960
11691,791557,4120
11692,791557,6280
11693,791557,7020
11694,791557,9800
11695,791557,2360
11696,791557,11180
11697,791557,8020
11698,791557,19820
11699,1000000,273220
11700,1000000,56690
11701,791557,2500
11702,1000000,43820
11703,791557,2680
11704,791557,2170
11705,1000000,66120
11706,791557,10500
11707,791557,7480
11708,791557,11160
11709,791557,20180
11710,791557,14860
11711,1000000,131700
11712,1000000,90740
11713,791557,7220
11714,1000000,171900
11715,791557,21020
11716,1000000,260880
11717,791557,7960
11718,1000000,62540
11719,791557,2540
11720,791557,6540
11721,791557,24540
11722,791557,5140
11723,1000000,66920
11724,791557,5690
11725,791557,6720
11726,791557,5460
11727,791557,17440
11728,791557,3020
11729,791557,1030
11730,791557,1780
11731,791557,20180
11732,1000000,113360
11733,791557,1000
11734,1000000,71140
11735,791557,4420
11736,791557,3480
11737,1000000,87950
11738,791557,9720
11739,791557,28040
11740,791557,10470
11741,1000000,83100
11742,791557,3460
11743,791557,2700
11744,791557,4100
11745,1000000,40480
11746,791557,3980
11747,1000000,106240
11748,791557,19440
11749,791557,2520
11750,791557,3360
11751,791557,2860
11752,1000000,68800
11753,1000000,54090
11754,791557,19820
11755,791557,7680
11756,791557,5060
11757,791557,4350
11758,791557,3750
11759,1000000,91820
11760,791557,7300
11761,791557,3640
11762,791557,1740
11763,1000000,31410
11764,791557,13720
11765,791557,12630
11766,791557,3760
11767,791557,3990
11768,791557,3770
11769,791557,8440
11770,791557,1130
11771,791557,15390
11772,791557,5300
11773,791557,4600
11774,791557,4540
11775,791557,9400
11776,791557,1000
11777,791557,5140
11778,1000000,82660
11779,791557,2460
11780,791557,10750
11781,791557,3460
11782,791557,6760
11783,791557,1580
11784,791557,13840
11785,791557,10710
11786,791557,4340
11787,791557,3900
11788,791557,5280
11789,1000000,30340
11790,791557,8210
11791,791557,4260
11792,791557,29520
11793,791557,1000
11794,1000000,114580
11795,791557,6030
11796,791557,17680
11797,791557,6960
11798,791557,1000
11799,791557,1240
11800,791557,2500
11801,791557,16180
11802,791557,4680
11803,1000000,39820
11804,1000000,32940
11805,791557,7960
11806,791557,10170
11807,1000000,56680
11808,791557,1220
11809,791557,4640
11810,791557,1000
11811,791557,1420
11812,791557,1460
11813,791557,4580
11814,791557,4860
11815,1000000,58900
11816,791557,8020
11817,791557,3200
11818,1000000,63300
11819,1000000,160220
11820,791557,12660
11821,1000000,495660
11822,791557,2790
11823,791557,1480
11824,791557,12560
11825,791557,6440
11826,791557,9360
11827,791557,1520
11828,791557,1300
11829,791557,2100
11830,791557,10320
11831,791557,2200
11832,791557,1580
11833,791557,4330
11834,791557,2340
11835,791557,13200
11836,791557,5460
11837,791557,2280
11838,791557,4280
11839,1000000,77470
11840,791557,26580
11841,791557,15760
11842,791557,9520
11843,791557,5900
11844,791557,13800
11845,1000000,38700
11846,791557,1040
11847,791557,4940
11848,791557,5230
11849,791557,3380
11850,2504,2500000
11851,791557,13730
11852,1000000,116860
11853,791557,10720
11854,1000000,56100
11855,791557,10130
11856,791557,6020
11857,791557,1210
11858,791557,10760
11859,791557,3280
11860,791557,1480
11861,1000000,121780
11862,791557,29120
11863,791557,2290
11864,791557,3020
11865,791557,6290
11866,791557,2910
11867,791557,11770
11868,791557,11500
11869,1000000,45020
11870,791557,1000
11871,791557,2600
11872,791557,20220
11873,1000000,71190
11874,791557,21700
11875,1000000,40000
11876,791557,2160
11877,791557,15960
11878,791557,12620
11879,791557,1000
11880,791557,5670
11881,791557,1000
11882,1000000,63040
11883,791557,3820
11884,791557,16160
11885,791557,2040
11886,791557,3940
11887,791557,14940
11888,791557,24020
11889,1000000,63130
11890,791557,1600
11891,1000000,79600
11892,1000000,32060
11893,791557,3200
11894,1000000,39300
11895,791557,9440
11896,791557,6860
11897,791557,3820
11898,791557,21380
11899,791557,1040
11900,791557,1140
11901,1000000,46930
11902,1000000,135500
11903,791557,2160
11904,791557,8680
11905,1000000,117480
11906,791557,1100
11907,1000000,64500
11908,791557,2500
11909,791557,6080
11910,791557,4800
11911,791557,20710
11912,1000000,66220
11913,791557,14140
11914,791557,5880
11915,791557,3460
11916,791557,1040
11917,791557,3990
11918,791557,1000
11919,1000000,68770
11920,791557,4450
11921,791557,5110
11922,1000000,109860
11923,791557,8720
11924,791557,2390
11925,1000000,170910
11926,791557,5350
11927,791557,6620
11928,791557,4200
11929,791557,5410
11930,791557,17150
11931,791557,3090
11932,791557,3440
11933,1000000,94200
11934,791557,6140
11935,791557,1700
11936,791557,8760
11937,791557,5780
11938,791557,9620
11939,791557,3580
11940,1000000,107380
11941,791557,1090
11942,791557,6260
11943,1000000,37080
11944,791557,6560
11945,791557,4580
11946,791557,12820
11947,791557,8300
11948,791557,12940
11949,791557,1000
11950,791557,1000
11951,791557,2560
11952,791557,25620
11953,791557,1020
11954,791557,1040
11955,791557,1080
11956,791557,12520
11957,1000000,140200
11958,1000000,44520
11959,791557,17360
11960,791557,2340
11961,791557,4230
11962,791557,22820
11963,791557,6010
11964,791557,4500
11965,791557,3020
11966,1000000,45640
11967,791557,11520
11968,791557,6580
11969,1000000,36520
11970,791557,7670
11971,791557,4080
11972,791557,9820
11973,791557,2560
11974,791557,2800
11975,791557,6590
11976,791557,1860
11977,791557,8720
11978,791557,1130
11979,791557,6490
11980,1000000,57480
11981,791557,9560
11982,791557,1000
11983,791557,13160
11984,791557,7500
11985,1000000,64080
11986,791557,19480
11987,1000000,88930
11988,791557,7340
11989,791557,4800
11990,1000000,33540
11991,791557,9400
11992,791557,7520
11993,1000000,47220
11994,791557,7420
11995,791557,3430
11996,791557,2040
11997,791557,2100
11998,791557,23840
11999,1000000,105780
12000,1000000,62300
12001,791557,2260
12002,791557,2840
12003,791557,3950
12004,1000000,39650
12005,1000000,116660
12006,791557,3890
12007,791557,6500
12008,791557,1000
12009,791557,1440
12010,1000000,32190
12011,791557,5950
12012,791557,3200
12013,1000000,112200
12014,791557,3040
12015,791557,1970
12016,1000000,47160
12017,791557,4330
12018,791557,1600
12019,791557,6360
12020,791557,12740
12021,791557,1820
12022,791557,2880
12023,791557,9240
12024,1000000,32360
12025,791557,8800
12026,791557,9220
12027,1000000,366660
12028,1000000,182940
12029,1000000,84840
12030,791557,12040
12031,791557,2080
12032,791557,10580
12033,791557,5300
12034,791557,13860
12035,791557,12780
12036,1000000,75480
12037,791557,2120
12038,791557,9140
12039,1000000,64420
12040,791557,18220
12041,791557,7220
12042,791557,2920
12043,791557,11600
12044,791557,3720
12045,791557,3580
12046,791557,10440
12047,791557,4340
12048,791557,2520
12049,791557,2940
12050,791557,4460
12051,1000000,80000
12052,791557,5420
12053,791557,2440
12054,1000000,100040
12055,791557,3280
12056,791557,1840
12057,791557,1000
12058,791557,11200
12059,791557,1000
12060,791557,23010
12061,2504,2500000
12062,791557,15110
12063,791557,4700
12064,1000000,47960
12065,791557,5360
12066,791557,1300
12067,791557,1600
12068,791557,5500
12069,1000000,39960
12070,791557,2500
12071,1000000,84920
12072,791557,7380
12073,791557,3640
12074,791557,3790
12075,791557,3160
12076,791557,28160
12077,1000000,53940
12078,1000000,63110
12079,791557,6660
12080,791557,5120
12081,791557,9700
12082,791557,4320
12083,791557,1010
12084,1000000,48840
12085,791557,22000
12086,791557,1760
12087,791557,14270
12088,791557,1800
12089,791557,5360
12090,791557,1000
12091,791557,3120
12092,791557,8440
12093,791557,4080
12094,791557,12400
12095,791557,5160
12096,791557,1100
12097,791557,7490
12098,791557,4560
12099,791557,1030
12100,791557,6690
12101,791557,2960
12102,791557,13960
12103,791557,1060
12104,1000000,73210
12105,791557,4740
12106,791557,1020
12107,1000000,58330
12108,791557,1000
12109,791557,10000
12110,791557,4810
12111,791557,6780
12112,791557,7700
12113,791557,2300
12114,791557,3530
12115,791557,1000
12116,791557,6160
12117,791557,19120
12118,791557,4900
12119,791557,1010
12120,791557,5530
12121,791557,1780
12122,791557,1400
12123,1000000,63650
12124,791557,18750
12125,791557,3600
12126,791557,5860
12127,791557,7690
12128,791557,4780
12129,791557,7900
12130,791557,1020
12131,1000000,53040
12132,791557,9300
12133,791557,3080
12134,1000000,295500
12135,2504,2500000
12136,791557,2040
12137,791557,1040
12138,791557,3540
12139,1000000,98460
12140,791557,4980
12141,1000000,95080
12142,791557,1050
12143,791557,2960
12144,791557,3000
12145,791557,6640
12146,791557,1000
12147,791557,9140
12148,1000000,90340
12149,791557,1000
12150,791557,5400
12151,791557,2520
12152,791557,2330
12153,791557,5360
12154,791557,1570
12155,791557,6720
12156,791557,8280
12157,791557,4460
12158,791557,1300
12159,791557,3620
12160,791557,3640
12161,791557,1280
12162,791557,15140
12163,791557,1240
12164,791557,3000
12165,791557,15360
12166,791557,8580
12167,791557,11480
12168,791557,3500
12169,791557,4880
12170,791557,23220
12171,1000000,59310
12172,1000000,72620
12173,1000000,65490
12174,791557,1940
12175,791557,22940
12176,791557,1940
12177,791557,4880
12178,791557,1140
12179,791557,20240
12180,1000000,32520
12181,791557,21600
12182,791557,4020
12183,791557,3260
12184,791557,29460
12185,791557,2830
12186,791557,6350
12187,791557,5580
12188,791557,6220
12189,791557,10500
12190,791557,2160
12191,791557,3160
12192,1000000,31720
12193,791557,10480
12194,791557,10200
12195,791557,7380
12196,791557,5160
12197,1000000,101500
12198,791557,1000
12199,1000000,59500
12200,791557,3700
12201,791557,2180
12202,791557,3900
12203,791557,4020
12204,791557,7930
12205,791557,28800
12206,791557,17520
12207,791557,3350
12208,1000000,75200
12209,791557,5280
12210,791557,2600
12211,791557,13580
12212,1000000,204400
12213,791557,14300
12214,791557,17420
12215,791557,7720
12216,791557,6020
12217,791557,7100
12218,791557,1600
12219,791557,7140
12220,791557,2940
12221,791557,27040
12222,1000000,87820
12223,791557,3440
12224,1000000,75480
12225,791557,1200
12226,791557,1740
12227,1000000,73280
12228,1000000,51280
12229,791557,5060
12230,791557,2510
12231,791557,3590
12232,791557,15620
12233,791557,3020
12234,791557,9120
12235,791557,18300
12236,791557,2700
12237,791557,1600
12238,791557,1000
12239,791557,22720
12240,791557,1180
12241,791557,1820
12242,791557,5600
12243,791557,9750
12244,791557,7100
12245,791557,1040
12246,791557,5180
12247,1000000,95360
12248,791557,21240
12249,791557,1000
12250,791557,1720
12251,791557,1000
12252,1000000,104380
12253,791557,6430
12254,1000000,50440
12255,1000000,441600
12256,791557,26180
12257,791557,1360
12258,791557,22300
12259,1000000,45980
12260,791557,6740
12261,791557,2240
12262,791557,9740
12263,791557,4680
12264,791557,29660
12265,791557,16210
12266,1000000,67200
12267,791557,5340
12268,791557,8800
12269,791557,4020
12270,1000000,42920
12271,791557,1020
12272,791557,13150
12273,1000000,75420
12274,791557,7660
12275,791557,13200
12276,791557,6580
12277,791557,11920
12278,791557,3220
12279,791557,1350
12280,791557,1110
12281,791557,10940
12282,791557,5820
12283,1000000,41650
12284,791557,8920
12285,1000000,89480
12286,791557,2910
12287,791557,1000
12288,1000000,45780
12289,791557,15830
12290,791557,1880
12291,791557,2740
12292,791557,5220
12293,791557,6820
12294,791557,7800
12295,791557,8080
12296,791557,12220
12297,1000000,97980
12298,791557,1260
12299,791557,2130
12300,791557,2120
12301,1000000,54220
12302,791557,1010
12303,1000000,49400
12304,791557,1480
12305,791557,6240
12306,1000000,71010
12307,791557,2900
12308,1000000,85080
12309,791557,2580
12310,791557,9700
12311,791557,3020
12312,791557,5680
12313,1000000,80200
12314,791557,2980
12315,1000000,38920
12316,791557,3540
12317,1000000,61060
12318,1000000,184720
12319,791557,25770
12320,791557,2580
12321,791557,2340
12322,791557,3500
12323,791557,6640
12324,791557,27600
12325,791557,6380
12326,1000000,37200
12327,1000000,80140
12328,1000000,70780
12329,791557,1500
12330,1000000,56790
12331,791557,5640
12332,791557,2300
12333,1000000,57740
12334,791557,4460
12335,791557,2340
12336,1000000,87340
12337,791557,1400
12338,791557,5200
12339,791557,23520
12340,791557,13800
12341,791557,2360
12342,791557,4000
12343,791557,6080
12344,791557,2830
12345,1000000,41710
12346,791557,7450
12347,791557,18580
12348,791557,3360
12349,791557,10440
12350,791557,12300
12351,1000000,51820
12352,791557,9680
12353,791557,1000
12354,791557,14880
12355,791557,5620
12356,791557,1310
12357,791557,4060
12358,791557,3800
12359,791557,2280
12360,791557,16450
12361,791557,13900
12362,791557,28820
12363,791557,3900
12364,791557,5590
12365,791557,9400
12366,791557,3620
12367,791557,22480
12368,791557,10270
12369,791557,3180
12370,791557,1000
12371,791557,4500
12372,791557,1000
12373,791557,6870
12374,791557,6060
12375,791557,4600
12376,1000000,35700
12377,791557,1720
12378,791557,4360
12379,791557,6500
12380,791557,2600
12381,791557,3820
12382,791557,5140
12383,1000000,41060
12384,791557,3200
12385,791557,1820
12386,1000000,72720
12387,1000000,67580
12388,791557,1000
12389,791557,13560
12390,1000000,60840
12391,791557,12320
12392,1000000,52690
12393,791557,1060
12394,791557,12000
12395,791557,3200
12396,791557,2780
12397,791557,3420
12398,791557,4380
12399,791557,4680
12400,1000000,102180
12401,791557,5620
12402,791557,1310
12403,791557,2070
12404,791557,1560
12405,791557,6670
12406,791557,3200
12407,1000000,53280
12408,791557,11940
12409,791557,27600
12410,791557,10720
12411,791557,2000
12412,791557,6860
12413,791557,1000
12414,791557,19340
12415,791557,7180
12416,1000000,198210
12417,791557,16450
12418,1000000,54260
12419,791557,19920
12420,791557,1760
12421,791557,4320
12422,791557,1120
12423,791557,10360
12424,791557,3170
12425,1000000,119460
12426,791557,24300
12427,791557,4900
12428,791557,8260
12429,791557,6800
12430,791557,2120
12431,791557,1010
12432,1000000,34530
12433,791557,2650
12434,791557,9380
12435,791557,3900
12436,791557,13010
12437,791557,1280
12438,791557,1100
12439,791557,20360
12440,791557,5160
12441,791557,5720
12442,1000000,112760
12443,791557,2240
12444,791557,6520
12445,791557,14420
12446,791557,3410
12447,791557,7020
12448,1000000,79080
12449,791557,5980
12450,791557,10000
12451,791557,5130
12452,791557,1520
12453,791557,29040
12454,791557,3080
12455,791557,7210
12456,1000000,30480
12457,791557,8480
12458,791557,12130
12459,1000000,110030
12460,791557,10360
12461,791557,5900
12462,791557,13740
12463,1000000,166480
12464,791557,3200
12465,791557,1000
12466,791557,22020
12467,791557,1560
12468,1000000,35800
12469,791557,5620
12470,791557,1340
12471,791557,1410
12472,791557,5900
12473,791557,1800
12474,791557,6820
12475,1000000,43460
12476,791557,2660
12477,791557,10000
12478,791557,5160
12479,791557,5900
12480,791557,4380
12481,1000000,42200
12482,791557,1200
12483,1000000,72440
12484,791557,3260
12485,1000000,162320
12486,1000000,102800
12487,791557,3420
12488,791557,17500
12489,791557,4700
12490,791557,7770
12491,791557,2550
12492,791557,1000
12493,1000000,140580
12494,791557,10660
12495,791557,1450
12496,791557,4640
12497,791557,6850
12498,791557,1820
12499,791557,14400
12500,791557,12690
12501,791557,3660
12502,791557,1680
12503,791557,3200
12504,1000000,56500
12505,791557,1540
12506,791557,4680
12507,791557,8780
12508,791557,8920
12509,791557,3450
12510,1000000,62220
12511,791557,11370
12512,791557,4050
12513,791557,4020
12514,791557,5670
12515,791557,4790
12516,791557,16600
12517,791557,2800
12518,791557,24980
12519,791557,1000
12520,791557,29200
12521,1000000,55420
12522,791557,7390
12523,791557,2160
12524,791557,8170
12525,791557,16680
12526,791557,2590
12527,791557,1700
12528,791557,12240
12529,1000000,260040
12530,791557,8560
12531,791557,9120
12532,791557,2230
12533,791557,4540
12534,791557,23980
12535,791557,20230
12536,791557,7160
12537,791557,4440
12538,791557,4710
12539,791557,1740
12540,791557,2180
12541,791557,2300
12542,791557,27980
12543,791557,12380
12544,791557,4340
12545,791557,29640
12546,1000000,62950
12547,791557,10580
12548,791557,1300
12549,791557,4780
12550,791557,8120
12551,791557,8060
12552,791557,1400
12553,1000000,41980
12554,791557,1360
12555,791557,2920
12556,791557,6280
12557,791557,15520
12558,791557,3380
12559,791557,7600
12560,791557,2620
12561,1000000,36360
12562,791557,14190
12563,791557,1000
12564,791557,3460
12565,791557,1080
12566,791557,1000
12567,791557,6610
12568,1000000,37740
12569,1000000,96410
12570,791557,4660
12571,791557,10700
12572,791557,2960
12573,791557,2020
12574,791557,5020
12575,791557,9120
12576,791557,6580
12577,791557,1680
12578,1000000,214820
12579,791557,10620
12580,791557,7240
12581,1000000,58760
12582,791557,3880
12583,791557,3440
12584,791557,1820
12585,791557,8940
12586,791557,4430
12587,1000000,216920
12588,791557,3070
12589,791557,2700
12590,791557,6020
12591,791557,5190
12592,791557,1000
12593,791557,14680
12594,791557,5990
12595,791557,22000
12596,791557,1880
12597,791557,7800
12598,791557,3300
12599,791557,26880
12600,791557,6080
12601,791557,2640
12602,791557,5860
12603,1000000,134380
12604,791557,7360
12605,791557,4820
12606,1000000,30080
12607,791557,6360
12608,1000000,51080
12609,791557,5330
12610,791557,21020
12611,791557,17480
12612,791557,7340
12613,791557,9340
12614,791557,8040
12615,791557,2740
12616,791557,1000
12617,791557,2660
12618,791557,5840
12619,791557,3600
12620,1000000,52620
12621,791557,1870
12622,791557,5160
12623,1000000,127560
12624,791557,14330
12625,791557,1040
12626,1000000,71700
12627,791557,3650
12628,791557,8840
12629,1000000,144740
12630,791557,5120
12631,791557,3640
12632,791557,23320
12633,791557,3940
12634,1000000,82040
12635,791557,11200
12636,791557,4890
12637,791557,14170
12638,1000000,127870
12639,1000000,34180
12640,791557,6640
12641,791557,6500
12642,1000000,32240
12643,791557,5070
12644,791557,3230
12645,791557,13280
12646,791557,5330
12647,791557,2020
12648,1000000,197620
12649,791557,2040
12650,791557,5250
12651,791557,8450
12652,791557,1540
12653,791557,14690
12654,791557,1000
12655,791557,3700
12656,791557,4840
12657,1000000,431650
12658,1000000,142940
12659,791557,6760
12660,791557,6760
12661,791557,6240
12662,791557,14800
12663,791557,9690
12664,791557,7740
12665,1000000,41040
12666,791557,1020
12667,791557,26990
12668,791557,6740
12669,791557,2180
12670,791557,22200
12671,791557,16760
12672,1000000,64500
12673,791557,5370
12674,791557,3440
12675,791557,10340
12676,791557,5720
12677,1000000,198500
12678,1000000,59930
12679,791557,7620
12680,791557,1000
12681,791557,2160
12682,791557,11720
12683,791557,13120
12684,791557,12380
12685,791557,3360
12686,791557,4520
12687,791557,4460
12688,791557,12240
12689,791557,2920
12690,791557,7380
12691,791557,10560
12692,791557,19140
12693,791557,1030
12694,1000000,35100
12695,791557,1880
12696,791557,11960
12697,791557,1700
12698,791557,1000
12699,791557,8680
12700,791557,1090
12701,791557,1050
12702,791557,1120
12703,791557,3050
12704,1000000,40120
12705,791557,22720
12706,1000000,57120
12707,791557,7820
12708,791557,1020
12709,791557,6500
12710,791557,4660
12711,1000000,40640
12712,1000000,146040
12713,791557,7900
12714,791557,22580
12715,791557,26540
12716,791557,1980
12717,791557,1000
12718,1000000,92960
12719,791557,1280
12720,791557,5800
12721,791557,2180
12722,1000000,118530
12723,1000000,30880
12724,791557,2140
12725,791557,7560
12726,791557,8470
12727,791557,4620
12728,791557,1300
12729,791557,1000
12730,791557,4330
12731,791557,14460
12732,1000000,65240
12733,791557,5560
12734,791557,1780
12735,791557,11100
12736,1000000,98900
12737,1000000,74360
12738,791557,1020
12739,791557,11680
12740,791557,1080
12741,1000000,34620
12742,791557,1790
12743,791557,6910
12744,791557,2200
12745,791557,6400
12746,791557,4580
12747,1000000,125940
12748,791557,18260
12749,1000000,117540
12750,791557,1620
12751,791557,5680
12752,791557,1260
12753,791557,4120
12754,1000000,39340
12755,791557,4760
12756,1000000,97180
12757,791557,20980
12758,791557,2260
12759,791557,11480
12760,791557,3980
12761,791557,7760
12762,791557,8680
12763,1000000,606080
12764,791557,6360
12765,791557,3140
12766,791557,28820
12767,791557,3960
12768,791557,14960
12769,791557,1420
12770,1000000,43120
12771,791557,5200
12772,791557,27580
12773,791557,3120
12774,791557,7330
12775,791557,7400
12776,1000000,45280
12777,791557,14420
12778,791557,2450
12779,2504,2500000
12780,1000000,172400
12781,791557,5850
12782,791557,11900
12783,791557,1260
12784,791557,1040
12785,791557,5800
12786,1000000,34980
12787,791557,1100
12788,791557,8160
12789,791557,2950
12790,791557,4280
12791,791557,1000
12792,1000000,52240
12793,791557,5320
12794,791557,12400
12795,791557,3880
12796,791557,1020
12797,791557,2620
12798,791557,13020
12799,791557,6440
12800,791557,12850
12801,791557,13390
12802,791557,1320
12803,791557,3580
12804,791557,1880
12805,791557,2510
12806,791557,3790
12807,1000000,34460
12808,1000000,37040
12809,791557,2960
12810,791557,6660
12811,791557,5320
12812,791557,21660
12813,791557,1560
12814,1000000,77160
12815,791557,10400
12816,1000000,163000
12817,791557,10300
12818,791557,3770
12819,791557,6700
12820,791557,11660
12821,791557,8000
12822,791557,4220
12823,791557,1000
12824,1000000,54330
12825,791557,1560
12826,791557,1000
12827,791557,20010
12828,791557,10200
12829,791557,4120
12830,791557,2620
12831,1000000,57420
12832,791557,3480
12833,1000000,41140
12834,791557,4310
12835,791557,1010
12836,791557,16680
12837,1000000,34080
12838,791557,3150
12839,791557,11180
12840,791557,3780
12841,791557,3040
12842,1000000,60480
12843,791557,8220
12844,1000000,90340
12845,1000000,31300
12846,791557,1000
12847,1000000,37840
12848,1000000,202360
12849,1000000,73980
12850,791557,3200
12851,791557,3860
12852,791557,1860
12853,1000000,51870
12854,1000000,42460
12855,791557,1790
12856,791557,2860
12857,791557,12940
12858,791557,7960
12859,791557,5040
12860,791557,11940
12861,791557,15360
12862,791557,2940
12863,791557,8380
12864,791557,18630
12865,791557,1970
12866,791557,10780
12867,791557,3420
12868,791557,1010
12869,791557,1000
12870,1000000,72640
12871,791557,6080
12872,1000000,84990
12873,1000000,70570
12874,1000000,88800
12875,791557,2940
12876,791557,2880
12877,1000000,46370
12878,791557,19340
12879,791557,1180
12880,1000000,234200
12881,1000000,165760
12882,791557,1000
12883,791557,8400
12884,791557,19840
12885,1000000,121940
12886,791557,14200
12887,1000000,41460
12888,791557,1030
12889,1000000,154980
12890,791557,16800
12891,791557,8560
12892,791557,3640
12893,791557,9800
12894,791557,1000
12895,1000000,53660
12896,791557,3000
12897,791557,7850
12898,791557,2810
12899,791557,9740
12900,1000000,73460
12901,791557,12310
12902,791557,7540
12903,791557,6420
12904,791557,6640
12905,791557,1000
12906,791557,7440
12907,791557,6700
12908,791557,2920
12909,1000000,36860
12910,791557,4180
12911,791557,3000
12912,791557,8660
12913,791557,3620
12914,791557,11260
12915,791557,1540
12916,1000000,34390
12917,791557,3360
12918,1000000,105560
12919,791557,2260
12920,791557,5410
12921,1000000,71900
12922,791557,3250
12923,791557,5060
12924,791557,2500
12925,791557,3940
12926,791557,3420
12927,791557,1800
12928,791557,6120
12929,791557,6000
12930,791557,17440
12931,791557,19960
12932,791557,5040
12933,791557,1800
12934,791557,4140
12935,791557,2200
12936,791557,9200
12937,791557,1140
12938,791557,3360
12939,791557,1880
12940,791557,11620
12941,791557,6440
12942,791557,4990
12943,791557,1840
12944,1000000,106060
12945,791557,5740
12946,791557,1820
12947,1000000,45080
12948,1000000,134980
12949,791557,24880
12950,791557,5480
12951,791557,1080
12952,791557,12780
12953,791557,18360
12954,791557,5850
12955,791557,9940
12956,791557,8620
12957,791557,4900
12958,2504,2500000
12959,791557,8170
12960,791557,5640
12961,791557,7470
12962,791557,6820
12963,791557,5320
12964,791557,3300
12965,791557,18270
12966,1000000,59880
12967,791557,10400
12968,1000000,46240
12969,791557,14860
12970,791557,13390
12971,791557,4860
12972,791557,10700
12973,791557,6960
12974,791557,8040
12975,1000000,132670
12976,791557,1020
12977,791557,6580
12978,791557,7280
12979,791557,4680
12980,791557,10960
12981,791557,1070
12982,791557,29020
12983,791557,1820
12984,791557,3980
12985,791557,21200
12986,791557,7550
12987,791557,9900
12988,791557,4260
12989,791557,8960
12990,1000000,43200
12991,791557,7820
12992,791557,1000
12993,791557,1820
12994,791557,1000
12995,791557,1000
12996,791557,1010
12997,791557,1020
12998,791557,5160
12999,791557,7680
13000,791557,7430
13001,791557,10000
13002,1000000,56540
13003,1000000,58580
13004,1000000,176240
13005,791557,1000
13006,791557,5300
13007,791557,2910
13008,791557,1950
13009,791557,8740
13010,1000000,35930
13011,791557,2140
13012,1000000,402760
13013,791557,4700
13014,791557,5600
13015,791557,12060
13016,791557,2200
13017,1000000,84100
13018,791557,27540
13019,791557,1410
13020,791557,16540
13021,791557,14860
13022,791557,1000
13023,791557,3110
13024,791557,4600
13025,791557,2190
13026,791557,2010
13027,791557,3420
13028,791557,4560
13029,1000000,294500
13030,791557,3160
13031,791557,27320
13032,1000000,63680
13033,791557,1480
13034,791557,16610
13035,791557,1950
13036,791557,8780
13037,791557,1520
13038,791557,4510
13039,791557,6760
13040,791557,21110
13041,791557,8560
13042,791557,11300
13043,1000000,82360
13044,791557,4060
13045,1000000,84840
13046,791557,1300
13047,791557,16480
13048,791557,1030
13049,791557,1000
13050,791557,17390
13051,791557,15880
13052,791557,10420
13053,791557,19120
13054,791557,5480
13055,791557,5920
13056,791557,10400
13057,791557,2940
13058,791557,3140
13059,791557,3160
13060,1000000,519160
13061,791557,2320
13062,791557,4520
13063,791557,4790
13064,791557,28180
13065,791557,4300
13066,791557,2740
13067,791557,19320
13068,791557,4260
13069,1000000,32100
13070,791557,16260
13071,791557,7440
13072,1000000,109130
13073,791557,12620
13074,791557,3760
13075,1000000,47240
13076,791557,1180
13077,791557,20150
13078,791557,11060
13079,1000000,77980
13080,791557,7620
13081,791557,4000
13082,791557,1000
13083,791557,12480
13084,791557,8210
13085,791557,5600
13086,1000000,145520
13087,791557,4500
13088,791557,8060
13089,791557,12960
13090,791557,3240
13091,1000000,207380
13092,791557,6880
13093,791557,1940
13094,791557,15940
13095,791557,4700
13096,791557,6880
13097,791557,8940
13098,791557,2280
13099,1000000,42470
13100,791557,3580
13101,791557,5160
13102,791557,1000
13103,791557,15750
13104,791557,1000
13105,791557,7910
13106,791557,20840
13107,791557,7890
13108,791557,1000
13109,791557,4960
13110,791557,2660
13111,1000000,54760
13112,791557,2380
13113,791557,4320
13114,791557,1180
13115,791557,6840
13116,791557,8900
13117,791557,3420
13118,791557,1000
13119,791557,13320
13120,1000000,34000
13121,791557,2560
13122,791557,24880
13123,1000000,152150
13124,1000000,40940
13125,1000000,41500
13126,791557,9700
13127,791557,23500
13128,791557,4140
13129,1000000,110600
13130,1000000,35120
13131,791557,4840
13132,791557,20280
13133,791557,3320
13134,791557,17800
13135,1000000,116360
13136,791557,9220
13137,791557,28560
13138,791557,3000
13139,791557,6700
13140,791557,28400
13141,791557,9310
13142,791557,5200
13143,791557,19100
13144,791557,14180
13145,1000000,87080
13146,791557,17460
13147,791557,6670
13148,791557,6180
13149,791557,2040
13150,791557,6200
13151,791557,1440
13152,1000000,120280
13153,791557,1270
13154,791557,5000
13155,1000000,104660
13156,791557,6620
13157,791557,5140
13158,1000000,45650
13159,791557,2380
13160,791557,27500
13161,791557,1600
13162,1000000,44880
13163,1000000,62240
13164,1000000,38260
13165,1000000,34580
13166,791557,4100
13167,791557,11640
13168,791557,7720
13169,791557,4520
13170,791557,11900
13171,791557,2140
13172,791557,7060
13173,791557,1000
13174,791557,6760
13175,791557,17030
13176,791557,9820
13177,791557,25920
13178,791557,27140
13179,791557,24680
13180,791557,3780
13181,1000000,38220
13182,791557,15420
13183,791557,8640
13184,1000000,48590
13185,791557,1470
13186,791557,7660
13187,791557,28550
13188,791557,9990
13189,791557,15620
13190,791557,15200
13191,791557,2510
13192,791557,4240
13193,791557,13110
13194,791557,1000
13195,791557,1010
13196,791557,1800
13197,791557,1140
13198,791557,5580
13199,1000000,114570
13200,791557,4600
13201,791557,1080
13202,791557,3230
13203,1000000,114390
13204,791557,2820
13205,791557,19500
13206,791557,9720
13207,1000000,72860
13208,791557,4120
13209,791557,19790
13210,791557,10400
13211,791557,4820
13212,791557,14260
13213,791557,1660
13214,791557,5620
13215,791557,8060
13216,791557,5180
13217,791557,12620
13218,791557,2720
13219,1000000,99180
13220,791557,4000
13221,791557,9280
13222,791557,2490
13223,1000000,85820
13224,791557,7700
13225,791557,1320
13226,791557,4240
13227,1000000,110100
13228,791557,8320
13229,791557,7480
13230,791557,1000
13231,1000000,74720
13232,791557,2680
13233,791557,5900
13234,1000000,34120
13235,791557,3380
13236,791557,1150
13237,791557,21600
13238,791557,5580
13239,791557,11380
13240,791557,13740
13241,791557,6040
13242,791557,1000
13243,791557,1800
13244,1000000,37460
13245,791557,2600
13246,1000000,88630
13247,791557,2160
13248,791557,12160
13249,791557,13820
13250,791557,28200
13251,1000000,105650
13252,791557,1170
13253,791557,1010
13254,791557,19180
13255,791557,10480
13256,1000000,47220
13257,791557,11700
13258,791557,9960
13259,791557,1160
13260,1000000,59920
13261,791557,4080
13262,791557,10240
13263,791557,14140
13264,791557,8340
13265,1000000,109430
13266,791557,7480
13267,1000000,41180
13268,791557,3520
13269,791557,2620
13270,791557,25920
13271,1000000,70090
13272,791557,4710
13273,791557,1200
13274,791557,1030
13275,791557,2240
13276,791557,6980
13277,1000000,132770
13278,791557,7800
13279,791557,14460
13280,791557,27660
13281,791557,3980
13282,1000000,39300
13283,791557,6380
13284,1000000,147240
13285,791557,9040
13286,791557,12720
13287,791557,1020
13288,1000000,33880
13289,1000000,95900
13290,791557,6270
13291,791557,3940
13292,791557,23790
13293,791557,1860
13294,791557,15240
13295,791557,5640
13296,791557,14320
13297,791557,1960
13298,791557,7110
13299,791557,3620
13300,791557,1160
13301,1000000,46160
13302,1000000,34700
13303,1000000,42140
13304,791557,3060
13305,791557,3020
13306,791557,21400
13307,791557,22180
13308,791557,4260
13309,791557,7700
13310,791557,2240
13311,791557,2330
13312,1000000,155140
13313,791557,1000
13314,791557,7880
13315,791557,3520
13316,791557,2280
13317,791557,1320
13318,1000000,40560
13319,791557,21730
13320,1000000,54880
13321,791557,23760
13322,791557,2600
13323,791557,3800
13324,791557,2180
13325,1000000,44010
13326,791557,6080
13327,791557,2560
13328,1000000,41410
13329,791557,17820
13330,791557,2500
13331,791557,7560
13332,791557,12400
13333,1000000,36400
13334,791557,5390
13335,1000000,61200
13336,1000000,116070
13337,791557,7500
13338,791557,7450
13339,791557,18060
13340,791557,19320
13341,1000000,72720
13342,791557,8980
13343,1000000,39860
13344,791557,17000
13345,791557,5880
13346,791557,3760
13347,791557,12020
13348,791557,1680
13349,791557,12050
13350,791557,1280
13351,791557,26220
13352,791557,1010
13353,1000000,41470
13354,1000000,73160
13355,1000000,48540
13356,791557,3920
13357,791557,2400
13358,791557,2560
13359,1000000,57100
13360,791557,2840
13361,1000000,78920
13362,791557,2420
13363,791557,13090
13364,791557,1000
13365,1000000,634150
13366,791557,2360
13367,1000000,67840
13368,791557,10480
13369,1000000,107300
13370,791557,5360
13371,791557,15780
13372,1000000,49630
13373,791557,3300
13374,791557,4240
13375,791557,10180
13376,1000000,57520
13377,791557,8740
13378,791557,8640
13379,791557,17810
13380,791557,2980
13381,791557,1000
13382,791557,2380
13383,791557,4320
13384,1000000,51980
13385,791557,9140
13386,791557,3040
13387,1000000,43180
13388,791557,7880
13389,791557,1660
13390,791557,18630
13391,791557,16160
13392,791557,1390
13393,791557,2300
13394,791557,17080
13395,791557,10030
13396,791557,2120
13397,791557,13030
13398,1000000,140700
13399,791557,2160
13400,791557,8520
13401,791557,4320
13402,1000000,47120
13403,791557,12660
13404,791557,2140
13405,791557,3080
13406,791557,3780
13407,1000000,31690
13408,791557,10540
13409,791557,2460
13410,1000000,35540
13411,791557,4500
13412,791557,8440
13413,791557,2600
13414,1000000,59800
13415,791557,10820
13416,791557,1580
13417,791557,25600
13418,1000000,31280
13419,791557,4780
13420,791557,3660
13421,791557,3180
13422,791557,1920
13423,791557,1660
13424,791557,11400
13425,1000000,45480
13426,791557,5680
13427,791557,6140
13428,791557,3540
13429,791557,4930
13430,791557,5070
13431,791557,7760
13432,791557,22040
13433,791557,2880
13434,791557,3260
13435,791557,2240
13436,1000000,52600
13437,1000000,84620
13438,791557,2280
13439,1000000,55000
13440,791557,1980
13441,791557,4520
13442,791557,17940
13443,1000000,130280
13444,791557,21100
13445,791557,4020
13446,1000000,44350
13447,1000000,35160
13448,791557,10280
13449,791557,15140
13450,791557,3160
13451,791557,6500
13452,1000000,52910
13453,1000000,76170
13454,791557,12000
13455,791557,14180
13456,791557,3100
13457,791557,4090
13458,791557,5160
13459,791557,1020
13460,1000000,32280
13461,791557,2120
13462,791557,1240
13463,791557,1940
13464,791557,10140
13465,791557,3200
13466,791557,2100
13467,791557,15440
13468,1000000,58060
13469,791557,6980
13470,791557,5100
13471,791557,17040
13472,791557,6500
13473,791557,1000
13474,1000000,70910
13475,791557,11640
13476,791557,24940
13477,791557,2390
13478,791557,2280
13479,791557,7900
13480,791557,8640
13481,791557,1920
13482,791557,5220
13483,791557,16200
13484,791557,10160
13485,791557,1940
13486,791557,10340
13487,791557,4620
13488,791557,16000
13489,791557,1000
13490,791557,4310
13491,791557,4560
13492,791557,13880
13493,791557,8800
13494,791557,1490
13495,791557,2540
13496,791557,1780
13497,791557,14480
13498,1000000,99380
13499,791557,2840
13500,791557,21820
13501,791557,3880
13502,791557,1000
13503,791557,5570
13504,791557,7820
13505,791557,23300
13506,791557,1740
13507,791557,1620
13508,791557,1020
13509,791557,8120
13510,791557,16240
13511,791557,6020
13512,791557,1100
13513,791557,6280
13514,791557,22680
13515,791557,20620
13516,791557,3640
13517,791557,2060
13518,791557,4600
13519,791557,7340
13520,791557,15140
13521,1000000,60660
13522,791557,7780
13523,791557,8540
13524,791557,2400
13525,791557,21960
13526,791557,3940
13527,791557,8160
13528,791557,24200
13529,1000000,103780
13530,791557,1000
13531,791557,4960
13532,791557,1020
13533,791557,5600
13534,1000000,55320
13535,1000000,86260
13536,791557,11280
13537,1000000,31960
13538,791557,3180
13539,791557,5960
13540,791557,3860
13541,791557,2300
13542,1000000,129750
13543,791557,5120
13544,1000000,46820
13545,791557,1060
13546,1000000,51200
13547,791557,8240
13548,791557,1980
13549,791557,1930
13550,791557,4480
13551,791557,1000
13552,791557,1990
13553,791557,3630
13554,791557,4140
13555,1000000,42550
13556,1000000,108020
13557,791557,6480
13558,791557,1000
13559,791557,1020
13560,791557,1860
13561,791557,9420
13562,791557,8860
13563,791557,1660
13564,791557,19110
13565,791557,4500
13566,791557,7160
13567,1000000,121240
13568,791557,1240
13569,791557,23320
13570,791557,7490
13571,791557,3360
13572,791557,18350
13573,791557,2120
13574,791557,26080
13575,1000000,35230
13576,791557,4680
13577,791557,3400
13578,791557,5880
13579,791557,3480
13580,791557,1020
13581,791557,11980
13582,1000000,124540
13583,791557,17540
13584,1000000,51020
13585,791557,6450
13586,791557,3580
13587,791557,28510
13588,791557,6320
13589,1000000,63040
13590,791557,4900
13591,791557,19380
13592,791557,6850
13593,1000000,247580
13594,791557,18620
13595,791557,1080
13596,1000000,65540
13597,791557,2650
13598,791557,6240
13599,791557,16760
13600,791557,1000
13601,1000000,65940
13602,791557,4260
13603,791557,4370
13604,1000000,45000
13605,791557,17100
13606,791557,2960
13607,791557,27600
13608,791557,2020
13609,1000000,154200
13610,791557,1810
13611,791557,4820
13612,791557,4530
13613,791557,27630
13614,791557,7320
13615,791557,24140
13616,791557,9420
13617,791557,1300
13618,791557,3510
13619,791557,10040
13620,1000000,30220
13621,1000000,150780
13622,791557,7280
13623,791557,2200
13624,791557,3520
13625,791557,4810
13626,791557,1840
13627,791557,1650
13628,791557,4020
13629,791557,11740
13630,791557,1060
13631,791557,9670
13632,791557,4460
13633,791557,10940
13634,791557,6060
13635,791557,3460
13636,791557,8880
13637,791557,3960
13638,791557,10500
13639,791557,9080
13640,791557,1680
13641,791557,4180
13642,791557,1770
13643,791557,2800
13644,791557,3330
13645,1000000,105220
13646,1000000,80520
13647,791557,8450
13648,791557,11050
13649,1000000,31400
13650,791557,1880
13651,791557,3380
13652,1000000,79140
13653,791557,4100
13654,791557,1940
13655,791557,13820
13656,791557,2760
13657,791557,8410
13658,791557,6090
13659,791557,5140
13660,1000000,36750
13661,791557,1280
13662,791557,1000
13663,791557,4640
13664,791557,25340
13665,1000000,46580
13666,791557,4040
13667,791557,4480
13668,791557,8340
13669,791557,14590
13670,791557,20580
13671,1000000,55560
13672,791557,1500
13673,791557,1200
13674,1000000,69880
13675,791557,3280
13676,1000000,365000
13677,791557,8180
13678,791557,11860
13679,791557,14520
13680,791557,15820
13681,1000000,64280
13682,791557,1000
13683,791557,1040
13684,791557,5500
13685,791557,2730
13686,791557,11870
13687,791557,8810
13688,791557,19080
13689,791557,6240
13690,791557,5140
13691,791557,1000
13692,791557,1840
13693,791557,16080
13694,1000000,44140
13695,1000000,76510
13696,791557,4860
13697,791557,1480
13698,791557,4000
13699,1000000,47340
13700,1000000,58650
13701,791557,11660
13702,791557,2680
13703,1000000,38980
13704,791557,1400
13705,791557,2540
13706,1000000,97000
13707,1000000,73320
13708,791557,5900
13709,1000000,34300
13710,791557,24800
13711,791557,1900
13712,791557,1680
13713,791557,3540
13714,791557,5320
13715,791557,1580
13716,791557,5000
13717,791557,1070
13718,791557,1000
13719,1000000,52200
13720,1000000,99240
13721,791557,1000
13722,791557,3000
13723,791557,2770
13724,791557,3820
13725,791557,3380
13726,791557,1760
13727,791557,1680
13728,1000000,37280
13729,791557,6270
13730,791557,5640
13731,791557,7540
13732,791557,10140
13733,791557,6380
13734,791557,21860
13735,791557,5420
13736,791557,6480
13737,791557,3240
13738,791557,22720
13739,791557,1260
13740,791557,9220
13741,1000000,139780
13742,791557,26520
13743,791557,27020
13744,791557,4540
13745,791557,1780
13746,1000000,248460
13747,791557,1420
13748,791557,3380
13749,791557,2960
13750,791557,1420
13751,791557,7280
13752,791557,2800
13753,791557,15520
13754,791557,4600
13755,791557,8220
13756,791557,2330
13757,791557,8360
13758,791557,16700
13759,791557,1040
13760,791557,6240
13761,791557,7100
13762,791557,14360
13763,1000000,40780
13764,791557,15360
13765,1000000,130700
13766,791557,2400
13767,791557,29140
13768,1000000,67200
13769,791557,2540
13770,1000000,78240
13771,791557,5180
13772,791557,25880
13773,1000000,67420
13774,1000000,30780
13775,791557,1000
13776,791557,10940
13777,791557,1010
13778,791557,7770
13779,791557,1860
13780,791557,7420
13781,791557,6170
13782,791557,1540
13783,791557,15830
13784,791557,1000
13785,1000000,108320
13786,791557,13590
13787,1000000,105100
13788,791557,4960
13789,791557,7500
13790,791557,5220
13791,791557,5560
13792,791557,8620
13793,791557,18240
13794,791557,1620
13795,791557,1000
13796,1000000,36240
13797,791557,4070
13798,791557,25840
13799,791557,2510
13800,791557,14790
13801,1000000,74920
13802,1000000,92920
13803,1000000,32720
13804,791557,18180
13805,791557,1940
13806,791557,22840
13807,791557,7860
13808,791557,5360
13809,791557,5440
13810,791557,1080
13811,791557,21500
13812,791557,4540
13813,1000000,53380
13814,791557,17880
13815,791557,2800
13816,791557,10170
13817,791557,2740
13818,791557,5710
13819,791557,15140
13820,791557,8540
13821,1000000,101520
13822,791557,13940
13823,791557,29520
13824,1000000,34100
13825,791557,1720
13826,1000000,58280
13827,791557,2790
13828,791557,16280
13829,791557,4480
13830,791557,13440
13831,791557,1720
13832,791557,6490
13833,791557,1160
13834,1000000,119060
13835,791557,7560
13836,791557,2540
13837,1000000,72570
13838,791557,2680
13839,1000000,37560
13840,791557,6790
13841,791557,26010
13842,1000000,224800
13843,791557,23120
13844,791557,5290
13845,791557,25140
13846,791557,11240
13847,1000000,177460
13848,791557,8160
13849,791557,3220
13850,791557,5660
13851,791557,1210
13852,791557,1090
13853,791557,12560
13854,791557,7060
13855,791557,3420
13856,791557,5920
13857,1000000,35160
13858,1000000,74500
13859,1000000,50900
13860,791557,1380
13861,791557,10570
13862,791557,3140
13863,791557,1030
13864,791557,1380
13865,791557,2280
13866,791557,1000
13867,791557,24180
13868,1000000,52680
13869,791557,3860
13870,791557,9760
13871,791557,19120
13872,791557,7900
13873,791557,21420
13874,791557,7900
13875,791557,2200
13876,791557,4960
13877,791557,5250
13878,791557,2800
13879,791557,3260
13880,1000000,55670
13881,791557,1000
13882,1000000,36560
13883,791557,3840
13884,791557,3700
13885,1000000,71780
13886,791557,9160
13887,791557,12970
13888,791557,2080
13889,791557,5680
13890,791557,2400
13891,791557,4300
13892,791557,2880
13893,791557,2560
13894,791557,6380
13895,791557,3180
13896,791557,2760
13897,1000000,131440
13898,791557,1000
13899,791557,12440
13900,791557,3540
13901,791557,10980
13902,791557,4140
13903,791557,5750
13904,791557,14160
13905,1000000,47640
13906,791557,6240
13907,791557,18820
13908,791557,7010
13909,791557,20480
13910,791557,7090
13911,791557,4680
13912,791557,2580
13913,791557,3500
13914,791557,6670
13915,791557,3740
13916,1000000,161690
13917,791557,1000
13918,791557,2600
13919,791557,1200
13920,791557,1600
13921,791557,3900
13922,791557,1000
13923,791557,3220
13924,791557,2460
13925,791557,9800
13926,791557,16140
13927,791557,1000
13928,791557,1620
13929,791557,1840
13930,791557,9340
13931,791557,5220
13932,791557,15640
13933,791557,3120
13934,791557,3160
13935,791557,5580
13936,791557,5520
13937,1000000,39340
13938,791557,15170
13939,791557,1220
13940,791557,6300
13941,791557,9880
13942,791557,16120
13943,791557,14560
13944,791557,1920
13945,791557,14930
13946,791557,23180
13947,791557,25040
13948,791557,1970
13949,791557,2280
13950,791557,1210
13951,791557,1840
13952,791557,16820
13953,1000000,40180
13954,1000000,30710
13955,791557,5300
13956,791557,3420
13957,791557,3700
13958,791557,7580
13959,791557,1000
13960,1000000,53320
13961,791557,6920
13962,791557,9080
13963,791557,2990
13964,791557,1000
13965,791557,4500
13966,791557,2050
13967,791557,8980
13968,791557,6940
13969,791557,6340
13970,791557,2450
13971,791557,2800
13972,791557,23200
13973,791557,3180
13974,791557,2900
13975,791557,8540
13976,791557,1880
13977,791557,1400
13978,791557,8620
13979,791557,15980
13980,1000000,39310
13981,791557,1060
13982,791557,14840
13983,791557,3300
13984,791557,1300
13985,791557,2440
13986,791557,2030
13987,791557,5530
13988,791557,22680
13989,791557,7940
13990,791557,6320
13991,791557,14620
13992,1000000,33520
13993,791557,1700
13994,791557,2500
13995,791557,9560
13996,791557,2260
13997,791557,2660
13998,1000000,57960
13999,791557,5410
14000,1000000,85370
14001,791557,2780
14002,791557,6800
14003,1000000,203900
14004,791557,3480
14005,791557,1220
14006,791557,25540
14007,791557,7040
14008,1000000,83350
14009,791557,2760
14010,791557,5540
14011,791557,14200
14012,791557,1600
14013,791557,8140
14014,1000000,32020
14015,791557,6140
14016,791557,2440
14017,791557,13850
14018,1000000,41080
14019,791557,9120
14020,1000000,66710
14021,791557,5920
14022,1000000,31860
14023,791557,6110
14024,791557,21820
14025,1000000,77650
14026,1000000,278320
14027,791557,23600
14028,791557,8700
14029,791557,8380
14030,1000000,146860
14031,791557,4130
14032,791557,7040
14033,1000000,63680
14034,791557,6020
14035,791557,10340
14036,791557,1700
14037,1000000,117310
14038,791557,3420
14039,791557,2260
14040,791557,16960
14041,791557,14580
14042,791557,1000
14043,1000000,31360
14044,791557,13920
14045,791557,16960
14046,791557,4700
14047,791557,10360
14048,791557,2560
14049,791557,5110
14050,791557,12080
14051,791557,3460
14052,1000000,36680
14053,791557,7740
14054,791557,6880
14055,791557,3480
14056,791557,3450
14057,791557,7480
14058,791557,3310
14059,791557,12300
14060,791557,5360
14061,791557,1000
14062,1000000,111080
14063,791557,13640
14064,791557,3840
14065,791557,18400
14066,791557,4560
14067,791557,2240
14068,791557,1000
14069,791557,11030
14070,1000000,83880
14071,791557,16420
14072,791557,27360
14073,1000000,56110
14074,1000000,76150
14075,791557,18120
14076,791557,19680
14077,791557,8460
14078,791557,4200
14079,791557,3790
14080,791557,2800
14081,791557,5380
14082,791557,5940
14083,791557,26870
14084,791557,2140
14085,1000000,86260
14086,791557,8160
14087,1000000,191400
14088,791557,10960
14089,791557,3940
14090,791557,5490
14091,791557,1600
14092,1000000,56240
14093,1000000,98960
14094,791557,2140
14095,1000000,56380
14096,791557,2710
14097,791557,6820
14098,791557,11880
14099,791557,7040
14100,791557,1520
14101,1000000,140180
14102,1000000,120650
14103,791557,1420
14104,1000000,208160
14105,791557,1100
14106,791557,13220
14107,791557,3480
14108,791557,7480
14109,791557,1810
14110,791557,7220
14111,791557,1320
14112,791557,1000
14113,791557,1880
14114,791557,1590
14115,1000000,32600
14116,791557,14960
14117,791557,1000
14118,1000000,45480
14119,1000000,197360
14120,791557,16200
14121,791557,1880
14122,791557,9740
14123,791557,22320
14124,1000000,207680
14125,791557,11640
14126,791557,3470
14127,791557,4160
14128,791557,9840
14129,1000000,40840
14130,1000000,41300
14131,1000000,487180
14132,1000000,165240
14133,791557,4640
14134,791557,3400
14135,791557,12160
14136,791557,2980
14137,791557,13940
14138,1000000,35030
14139,791557,9800
14140,791557,7040
14141,791557,4180
14142,1000000,36340
14143,791557,2900
14144,1000000,92060
14145,791557,6800
14146,791557,3980
14147,791557,6670
14148,791557,2580
14149,1000000,285690
14150,1000000,95900
14151,791557,1040
14152,791557,2180
14153,791557,12280
14154,791557,8460
14155,791557,12560
14156,791557,1570
14157,791557,6820
14158,1000000,67880
14159,791557,3220
14160,791557,3360
14161,791557,1700
14162,791557,2320
14163,791557,2100
14164,791557,11200
14165,1000000,62940
14166,791557,1020
14167,791557,2920
14168,791557,2080
14169,1000000,97380
14170,1000000,202620
14171,791557,1260
14172,791557,1760
14173,791557,2800
14174,1000000,51130
14175,1000000,218080
14176,791557,3860
14177,791557,15340
14178,791557,2540
14179,791557,2340
14180,1000000,78320
14181,791557,11200
14182,791557,20040
14183,791557,6640
14184,791557,2780
14185,1000000,30170
14186,791557,4680
14187,791557,13420
14188,791557,4960
14189,791557,6340
14190,791557,22820
14191,791557,5050
14192,791557,7420
14193,791557,11760
14194,1000000,89180
14195,791557,6500
14196,1000000,45120
14197,791557,11640
14198,791557,1100
14199,791557,9180
14200,791557,15680
14201,1000000,56430
14202,791557,1520
14203,791557,1760
14204,1000000,72890
14205,791557,1870
14206,791557,4210
14207,791557,19520
14208,791557,3160
14209,791557,10810
14210,1000000,53540
14211,791557,11080
14212,791557,15140
14213,791557,4700
14214,791557,25040
14215,791557,16140
14216,791557,1050
14217,791557,1920
14218,1000000,33170
14219,791557,10970
14220,791557,1000
14221,791557,1260
14222,791557,4410
14223,791557,3590
14224,791557,17070
14225,1000000,39110
14226,791557,28140
14227,791557,7670
14228,791557,8980
14229,791557,5600
14230,791557,2920
14231,791557,3500
14232,791557,2780
14233,791557,5800
14234,1000000,43900
14235,791557,3350
14236,791557,26520
14237,791557,2520
14238,791557,2740
14239,791557,5460
14240,791557,1820
14241,791557,3820
14242,791557,5020
14243,791557,1500
14244,1000000,69440
14245,791557,9920
14246,1000000,71860
14247,791557,6200
14248,791557,2260
14249,791557,2740
14250,791557,1040
14251,1000000,71240
14252,791557,4120
14253,1000000,50920
14254,1000000,148200
14255,791557,3440
14256,791557,14590
14257,791557,6310
14258,791557,1240
14259,1000000,39500
14260,791557,14900
14261,791557,11480
14262,791557,3280
14263,791557,1100
14264,791557,15720
14265,791557,4880
14266,1000000,168170
14267,1000000,50310
14268,791557,22640
14269,791557,25160
14270,791557,1880
14271,791557,1000
14272,791557,27320
14273,791557,7160
14274,791557,22580
14275,791557,3780
14276,791557,1400
14277,2504,2500000
14278,791557,3100
14279,1000000,208020
14280,791557,3310
14281,791557,4870
14282,791557,6860
14283,791557,1000
14284,791557,6770
14285,791557,3910
14286,791557,1480
14287,791557,3180
14288,1000000,57860
14289,791557,2050
14290,1000000,339220
14291,791557,4220
14292,791557,1280
14293,791557,2220
14294,791557,3080
14295,791557,15080
14296,1000000,50060
14297,1000000,98920
14298,791557,12800
14299,791557,6860
14300,1000000,102220
14301,1000000,30820
14302,791557,8740
14303,791557,1150
14304,791557,10540
14305,791557,1000
14306,791557,2500
14307,1000000,30650
14308,791557,2560
14309,791557,1540
14310,791557,4810
14311,1000000,62120
14312,791557,2400
14313,791557,4610
14314,791557,1450
14315,791557,4030
14316,1000000,68720
14317,791557,11500
14318,1000000,164880
14319,791557,5360
14320,791557,1030
14321,791557,6520
14322,791557,4500
14323,791557,6070
14324,791557,23300
14325,791557,1500
14326,1000000,33980
14327,1000000,33720
14328,791557,6880
14329,791557,9600
14330,791557,10300
14331,791557,3520
14332,791557,3820
14333,791557,2680
14334,791557,2440
14335,791557,7500
14336,791557,5980
14337,1000000,100320
14338,1000000,82540
14339,791557,1780
14340,1000000,38040
14341,1000000,77780
14342,791557,7940
14343,791557,1300
14344,791557,14350
14345,791557,16100
14346,791557,1000
14347,791557,7120
14348,1000000,34580
14349,791557,3820
14350,791557,22720
14351,791557,3340
14352,791557,1280
14353,1000000,36820
14354,791557,4120
14355,1000000,30440
14356,791557,5160
14357,791557,5800
14358,791557,1000
14359,791557,17540
14360,791557,1010
14361,791557,2820
14362,791557,5480
14363,2504,2500000
14364,791557,9420
14365,791557,1000
14366,791557,12400
14367,791557,10880
14368,791557,1320
14369,791557,1160
14370,791557,16320
14371,791557,10880
14372,791557,18890
14373,1000000,53720
14374,791557,2340
14375,791557,6600
14376,791557,8780
14377,791557,1500
14378,791557,5900
14379,791557,11300
14380,791557,2780
14381,791557,1660
14382,791557,1000
14383,1000000,31940
14384,1000000,56240
14385,1000000,131060
14386,791557,3100
14387,791557,22400
14388,791557,5690
14389,791557,1460
14390,791557,5760
14391,1000000,38880
14392,1000000,83160
14393,791557,2460
14394,791557,16720
14395,791557,5370
14396,791557,1000
14397,791557,1080
14398,791557,27000
14399,791557,5060
14400,791557,29540
14401,791557,2320
14402,1000000,141560
14403,791557,5740
14404,791557,4220
14405,791557,5400
14406,791557,12320
14407,791557,20680
14408,791557,3740
14409,791557,1380
14410,791557,1860
14411,791557,5880
14412,791557,11090
14413,791557,1460
14414,791557,2900
14415,1000000,66570
14416,1000000,36960
14417,791557,12000
14418,791557,3790
14419,791557,1030
14420,791557,3740
14421,791557,5300
14422,791557,10430
14423,1000000,40020
14424,791557,13280
14425,791557,13580
14426,791557,3560
14427,791557,14600
14428,791557,1660
14429,791557,9860
14430,791557,7200
14431,791557,2020
14432,791557,26840
14433,1000000,83320
14434,791557,2280
14435,791557,13330
14436,791557,3200
14437,791557,3580
14438,791557,1920
14439,1000000,420680
14440,791557,3920
14441,791557,2520
14442,1000000,46660
14443,791557,2300
14444,791557,19840
14445,791557,4240
14446,791557,5480
14447,791557,3840
14448,791557,6540
14449,791557,4190
14450,1000000,69140
14451,791557,4420
14452,791557,4180
14453,791557,4450
14454,791557,12720
14455,791557,3160
14456,1000000,51760
14457,791557,1760
14458,1000000,81140
14459,791557,13000
14460,791557,9840
14461,791557,3400
14462,791557,5860
14463,791557,9300
14464,791557,7120
14465,791557,7300
14466,791557,10590
14467,1000000,42770
14468,791557,5270
14469,791557,1260
14470,791557,17100
14471,791557,1560
14472,791557,1850
14473,791557,7800
14474,791557,2640
14475,791557,2370
14476,791557,3300
14477,1000000,70440
14478,1000000,324900
14479,791557,21660
14480,1000000,67180
14481,1000000,157580
14482,791557,3040
14483,791557,25380
14484,1000000,158500
14485,791557,3180
14486,791557,4380
14487,791557,8440
14488,1000000,54700
14489,791557,10800
14490,791557,2920
14491,791557,4420
14492,791557,17830
14493,791557,2340
14494,791557,7620
14495,791557,4010
14496,791557,3080
14497,791557,1000
14498,791557,6400
14499,791557,18700
14500,791557,15460
14501,791557,27400
14502,1000000,157300
14503,791557,2560
14504,791557,2200
14505,791557,2860
14506,791557,22550
14507,791557,8500
14508,791557,8800
14509,1000000,36030
14510,791557,2440
14511,791557,1000
14512,791557,17440
14513,1000000,93880
14514,791557,10100
14515,791557,3220
14516,791557,5760
14517,791557,10270
14518,791557,6900
14519,791557,6160
14520,791557,9280
14521,791557,16600
14522,791557,8420
14523,791557,1740
14524,791557,1970
14525,791557,1080
14526,2504,2500000
14527,791557,2880
14528,791557,2580
14529,791557,10540
14530,1000000,66660
14531,791557,4290
14532,791557,7910
14533,791557,3800
14534,791557,6400
14535,1000000,34000
14536,791557,22770
14537,791557,3240
14538,791557,2260
14539,791557,6920
14540,1000000,80850
14541,791557,12120
14542,791557,3000
14543,1000000,47120
14544,791557,29500
14545,791557,11540
14546,791557,2220
14547,1000000,109460
14548,791557,3210
14549,791557,1720
14550,791557,1060
14551,1000000,189900
14552,1000000,44080
14553,791557,12280
14554,1000000,168980
14555,1000000,99580
14556,791557,9000
14557,791557,7080
14558,791557,1360
14559,791557,1720
14560,791557,21520
14561,1000000,125180
14562,791557,7780
14563,791557,1390
14564,791557,2360
14565,1000000,125820
14566,791557,10000
14567,791557,2600
14568,791557,1150
14569,1000000,74620
14570,791557,28400
14571,791557,28760
14572,791557,5560
14573,791557,2710
14574,1000000,138900
14575,791557,11210
14576,1000000,119880
14577,791557,1880
14578,791557,3580
14579,791557,5370
14580,1000000,209110
14581,791557,7940
14582,1000000,37160
14583,791557,27140
14584,791557,5150
14585,791557,2440
14586,791557,7500
14587,791557,2220
14588,791557,9780
14589,1000000,110060
14590,791557,1570
14591,791557,3310
14592,791557,6130
14593,791557,5200
14594,791557,6060
14595,791557,11990
14596,791557,1420
14597,791557,3660
14598,791557,28390
14599,791557,2940
14600,791557,4360
14601,791557,7510
14602,791557,2820
14603,791557,1730
14604,791557,2020
14605,791557,27830
14606,791557,3360
14607,1000000,77840
14608,791557,6390
14609,791557,7780
14610,791557,1020
14611,791557,10480
14612,791557,12460
14613,1000000,42380
14614,791557,7220
14615,791557,3470
14616,791557,3390
14617,791557,1260
14618,791557,2110
14619,791557,4280
14620,1000000,87640
14621,791557,3000
14622,791557,17020
14623,791557,9160
14624,791557,1900
14625,791557,3770
14626,791557,3320
14627,1000000,62200
14628,1000000,77480
14629,791557,16390
14630,791557,1320
14631,791557,2920
14632,1000000,30570
14633,791557,9090
14634,791557,10800
14635,791557,3240
14636,1000000,108850
14637,791557,23760
14638,791557,11410
14639,791557,1210
14640,791557,4600
14641,1000000,39260
14642,791557,5630
14643,791557,5620
14644,791557,4200
14645,791557,1260
14646,791557,6990
14647,791557,6680
14648,1000000,85540
14649,791557,2480
14650,791557,3640
14651,791557,1000
14652,791557,4160
14653,1000000,69920
14654,791557,3600
14655,791557,1000
14656,791557,27940
14657,1000000,80690
14658,791557,4480
14659,791557,1000
14660,791557,6470
14661,791557,4340
14662,791557,3680
14663,791557,5190
14664,791557,1690
14665,791557,20720
14666,791557,24020
14667,791557,1130
14668,791557,4700
14669,791557,19370
14670,1000000,37060
14671,791557,4600
14672,791557,2280
14673,791557,3980
14674,791557,9140
14675,1000000,318360
14676,791557,4160
14677,791557,1670
14678,791557,20500
14679,791557,10260
14680,1000000,39820
14681,791557,2960
14682,791557,27160
14683,791557,1510
14684,791557,2220
14685,791557,3120
14686,1000000,52930
14687,791557,1360
14688,791557,1000
14689,791557,1540
14690,791557,13940
14691,791557,8380
14692,791557,3640
14693,791557,2360
14694,791557,22410
14695,791557,21980
14696,791557,6920
14697,791557,1810
14698,791557,2840
14699,1000000,58140
14700,1000000,87220
14701,791557,7580
14702,791557,23900
14703,791557,17660
14704,791557,1000
14705,791557,3860
14706,1000000,166400
14707,791557,3140
14708,1000000,42480
14709,791557,2920
14710,791557,19120
14711,791557,9080
14712,791557,8480
14713,791557,8880
14714,791557,1000
14715,791557,8560
14716,791557,1000
14717,791557,4660
14718,1000000,61740
14719,791557,13560
14720,791557,7760
14721,1000000,31320
14722,791557,3760
14723,791557,2290
14724,791557,9300
14725,791557,7380
14726,791557,3860
14727,1000000,36260
14728,791557,3900
14729,1000000,56060
14730,1000000,47660
14731,791557,4380
14732,1000000,31570
14733,1000000,56600
14734,791557,3200
14735,791557,1140
14736,791557,4510
14737,791557,1000
14738,791557,12560
14739,791557,6700
14740,791557,28760
14741,791557,3360
14742,1000000,64540
14743,791557,3650
14744,1000000,275140
14745,791557,14740
14746,791557,27220
14747,791557,2340
14748,791557,11760
14749,791557,7480
14750,791557,4510
14751,791557,1010
14752,791557,1920
14753,791557,7240
14754,791557,2040
14755,791557,2660
14756,791557,2080
14757,791557,1620
14758,791557,19030
14759,791557,25160
14760,791557,7730
14761,791557,2680
14762,791557,17020
14763,791557,8960
14764,791557,22140
14765,791557,1230
14766,791557,2760
14767,1000000,120920
14768,791557,16120
14769,791557,13200
14770,791557,2080
14771,791557,2080
14772,791557,22240
14773,1000000,85820
14774,791557,6320
14775,1000000,35860
14776,791557,2420
14777,791557,18960
14778,1000000,41270
14779,791557,6100
14780,791557,13840
14781,791557,6240
14782,791557,9680
14783,1000000,100840
14784,1000000,86300
14785,791557,11600
14786,791557,7840
14787,1000000,79620
14788,791557,5760
14789,791557,3080
14790,791557,1800
14791,791557,5580
14792,791557,8360
14793,791557,3630
14794,1000000,51000
14795,791557,2420
14796,1000000,69080
14797,791557,7080
14798,1000000,66400
14799,791557,15440
14800,791557,9300
14801,791557,5880
14802,791557,2680
14803,791557,1000
14804,791557,5400
14805,791557,5640
14806,791557,3640
14807,1000000,32650
14808,1000000,122790
14809,791557,10480
14810,791557,1400
14811,791557,1580
14812,791557,2300
14813,791557,11540
14814,791557,1620
14815,791557,4240
14816,791557,3010
14817,791557,4200
14818,791557,6820
14819,791557,3200
14820,791557,20860
14821,1000000,31840
14822,791557,1620
14823,791557,22960
14824,791557,17400
14825,791557,1120
14826,791557,15720
14827,791557,6960
14828,791557,2440
14829,791557,3720
14830,791557,7120
14831,791557,5780
14832,791557,1560
14833,791557,8700
14834,791557,1460
14835,1000000,128840
14836,791557,2420
14837,791557,4280
14838,791557,1020
14839,1000000,50580
14840,791557,2720
14841,791557,5240
14842,791557,1930
14843,791557,5580
14844,1000000,204320
14845,791557,2870
14846,791557,5400
14847,791557,12040
14848,791557,10260
14849,791557,4500
14850,791557,16300
14851,791557,5310
14852,791557,8940
14853,791557,2140
14854,791557,2120
14855,791557,2960
14856,791557,5030
14857,1000000,31160
14858,1000000,217500
14859,791557,2180
14860,791557,5940
14861,1000000,66600
14862,1000000,54740
14863,791557,2430
14864,791557,2340
14865,791557,4140
14866,791557,25240
14867,791557,1020
14868,791557,4520
14869,791557,7580
14870,791557,3920
14871,791557,6440
14872,791557,11700
14873,791557,4620
14874,791557,2440
14875,791557,5960
14876,791557,7040
14877,791557,8960
14878,791557,4180
14879,791557,5260
14880,791557,24660
14881,791557,9610
14882,791557,8560
14883,791557,6940
14884,791557,2910
14885,791557,1040
14886,791557,2480
14887,1000000,78750
14888,791557,3700
14889,791557,19780
14890,1000000,81080
14891,791557,1250
14892,791557,6360
14893,791557,3960
14894,791557,2380
14895,1000000,120920
14896,1000000,168420
14897,791557,6720
14898,791557,9770
14899,791557,16220
14900,791557,20100
14901,791557,1780
14902,791557,9580
14903,791557,1760
14904,791557,7400
14905,791557,16590
14906,791557,1160
14907,791557,7150
14908,791557,6600
14909,791557,1640
14910,1000000,30000
14911,791557,5500
14912,791557,8920
14913,1000000,169840
14914,791557,2390
14915,791557,9520
14916,791557,10700
14917,791557,2540
14918,791557,1950
14919,1000000,48420
14920,1000000,91300
14921,791557,5670
14922,791557,3220
14923,791557,3760
14924,791557,5040
14925,791557,1020
14926,791557,4580
14927,791557,9880
14928,791557,5140
14929,791557,4020
14930,791557,5660
14931,791557,2600
14932,791557,4720
14933,1000000,171210
14934,791557,2100
14935,791557,5600
14936,791557,6740
14937,791557,6170
14938,1000000,50440
14939,791557,2040
14940,791557,13460
14941,1000000,186040
14942,791557,3110
14943,791557,5160
14944,791557,9920
14945,1000000,134260
14946,791557,1010
14947,791557,8740
14948,791557,3550
14949,1000000,311040
14950,791557,18520
14951,1000000,57650
14952,791557,8440
14953,1000000,57880
14954,791557,11360
14955,791557,3440
14956,1000000,42100
14957,791557,12640
14958,791557,1320
14959,791557,13200
14960,791557,1000
14961,791557,9160
14962,1000000,40700
14963,791557,6900
14964,791557,11870
14965,791557,7550
14966,791557,3460
14967,791557,4300
14968,791557,3280
14969,791557,5800
14970,1000000,49940
14971,791557,7940
14972,791557,13940
14973,791557,5230
14974,791557,19560
14975,791557,4680
14976,791557,1700
14977,1000000,142270
14978,791557,5590
14979,791557,8000
14980,791557,17780
14981,791557,4700
14982,791557,3400
14983,791557,3920
14984,791557,1000
14985,791557,16100
14986,791557,6700
14987,791557,2700
14988,791557,16980
14989,791557,5600
14990,791557,1180
14991,791557,2900
14992,791557,6920
14993,1000000,65820
14994,791557,1000
14995,791557,5040
14996,791557,1000
14997,791557,4390
14998,1000000,52880
14999,791557,19840
15000,791557,19360
15001,791557,6380
15002,791557,14420
15003,791557,5500
15004,791557,12160
15005,791557,3880
15006,791557,3680
15007,791557,1340
15008,791557,3060
15009,791557,4600
15010,791557,1740
15011,791557,2440
15012,791557,2480
15013,791557,5780
15014,791557,5420
15015,791557,4360
15016,791557,2700
15017,791557,3660
15018,1000000,55090
15019,791557,4320
15020,1000000,204720
15021,791557,2080
15022,1000000,98100
15023,1000000,91850
15024,791557,1680
15025,791557,16920
15026,791557,6880
15027,791557,3100
15028,791557,12240
15029,791557,11440
15030,791557,3080
15031,791557,3370
15032,791557,6680
15033,791557,5060
15034,791557,9420
15035,791557,2460
15036,1000000,66840
15037,791557,4000
15038,791557,25410
15039,791557,1000
15040,791557,1160
15041,791557,10820
15042,791557,6700
15043,1000000,43500
15044,791557,10520
15045,791557,1900
15046,791557,2040
15047,791557,3740
15048,791557,4540
15049,791557,9340
15050,1000000,85360
15051,791557,2500
15052,791557,1000
15053,791557,2520
15054,791557,2480
15055,791557,16810
15056,1000000,44040
15057,791557,29040
15058,791557,4520
15059,791557,5380
15060,1000000,45300
15061,791557,6880
15062,791557,14980
15063,791557,25200
15064,791557,10800
15065,791557,10680
15066,791557,1000
15067,791557,12690
15068,791557,1320
15069,791557,1380
15070,791557,1280
15071,791557,1010
15072,791557,15260
15073,791557,17960
15074,791557,6120
15075,791557,5360
15076,791557,5180
15077,791557,7920
15078,791557,7760
15079,791557,1380
15080,1000000,30640
15081,791557,2240
15082,1000000,54960
15083,791557,2250
15084,791557,5480
15085,1000000,47440
15086,1000000,63680
15087,791557,13240
15088,791557,12690
15089,791557,8580
15090,1000000,39620
15091,791557,9760
15092,1000000,71160
15093,791557,4220
15094,791557,27210
15095,791557,2620
15096,791557,4660
15097,1000000,34840
15098,1000000,49120
15099,791557,13260
15100,791557,6990
15101,791557,19840
15102,791557,8960
15103,791557,1060
15104,1000000,117540
15105,791557,6000
15106,791557,20300
15107,1000000,110150
15108,791557,3720
15109,2504,2500000
15110,791557,1020
15111,791557,25200
15112,1000000,37320
15113,791557,5020
15114,791557,11180
15115,1000000,43470
15116,791557,2540
15117,791557,8240
15118,791557,29200
15119,791557,3680
15120,791557,1540
15121,791557,1130
15122,791557,2120
15123,791557,3850
15124,791557,1480
15125,791557,21240
15126,791557,2220
15127,791557,4400
15128,791557,2620
15129,791557,3000
15130,791557,1000
15131,1000000,42760
15132,791557,15360
15133,791557,14330
15134,1000000,48850
15135,791557,8420
15136,1000000,43240
15137,791557,3020
15138,791557,2840
15139,791557,4240
15140,1000000,79980
15141,791557,12160
15142,791557,2660
15143,791557,1540
15144,1000000,53120
15145,791557,5660
15146,791557,9480
15147,791557,1000
15148,791557,7180
15149,791557,2080
15150,1000000,98840
15151,791557,13520
15152,791557,2950
15153,791557,1600
15154,1000000,180000
15155,791557,4170
15156,791557,8380
15157,791557,9220
15158,791557,15380
15159,1000000,34350
15160,791557,1000
15161,791557,7780
15162,791557,14940
15163,791557,3980
15164,791557,16240
15165,791557,5020
15166,791557,5080
15167,791557,4160
15168,1000000,58930
15169,791557,1000
15170,791557,14140
15171,791557,10840
15172,1000000,46720
15173,1000000,38000
15174,1000000,182780
15175,791557,6400
15176,791557,1580
15177,791557,3970
15178,791557,7860
15179,791557,8660
15180,791557,3540
15181,791557,9670
15182,791557,1960
15183,791557,2370
15184,791557,1640
15185,791557,23860
15186,791557,7320
15187,791557,1110
15188,791557,2760
15189,791557,1000
15190,791557,5160
15191,1000000,50560
15192,791557,5410
15193,791557,25120
15194,1000000,30920
15195,791557,1020
15196,1000000,120060
15197,791557,1000
15198,791557,10040
15199,1000000,36760
15200,791557,1040
15201,791557,3060
15202,791557,4880
15203,791557,16360
15204,791557,1780
15205,791557,6020
15206,791557,1900
15207,791557,1000
15208,791557,6850
15209,791557,3020
15210,791557,29540
15211,791557,1740
15212,791557,5620
15213,1000000,104780
15214,2504,2500000
15215,791557,6800
15216,791557,6780
15217,791557,27150
15218,791557,6940
15219,791557,1960
15220,1000000,215540
15221,1000000,253620
15222,791557,10000
15223,791557,5460
15224,1000000,338380
15225,1000000,33320
15226,1000000,91560
15227,791557,10440
15228,1000000,39320
15229,791557,5840
15230,1000000,71620
15231,791557,12580
15232,791557,6900
15233,791557,16060
15234,791557,4340
15235,791557,4560
15236,791557,1000
15237,791557,8440
15238,791557,6380
15239,791557,3380
15240,791557,18080
15241,791557,1000
15242,791557,4080
15243,791557,2490
15244,791557,14460
15245,1000000,64060
15246,791557,14830
15247,791557,16000
15248,1000000,95920
15249,791557,8500
15250,791557,9480
15251,1000000,209240
15252,791557,2320
15253,791557,5340
15254,791557,1460
15255,791557,3210
15256,791557,16140
15257,791557,2280
15258,791557,2260
15259,1000000,80420
15260,791557,1000
15261,791557,12440
15262,791557,1040
15263,791557,4020
15264,791557,1000
15265,791557,24560
15266,791557,8790
15267,791557,19040
15268,791557,1840
15269,791557,15440
15270,791557,6040
15271,791557,1030
15272,1000000,70720
15273,791557,7160
15274,1000000,91380
15275,791557,5860
15276,791557,1660
15277,791557,1040
15278,791557,1660
15279,791557,7680
15280,791557,11140
15281,1000000,33280
15282,1000000,43660
15283,791557,6760
15284,791557,13080
15285,1000000,45100
15286,791557,3260
15287,1000000,32680
15288,791557,6030
15289,791557,23440
15290,791557,1640
15291,791557,6840
15292,1000000,36640
15293,791557,5260
15294,791557,16630
15295,791557,2740
15296,791557,1000
15297,791557,19320
15298,791557,10740
15299,791557,1620
15300,1000000,60040
15301,791557,1000
15302,791557,15320
15303,1000000,51860
15304,1000000,215760
15305,791557,21700
15306,791557,22660
15307,791557,1220
15308,791557,5160
15309,791557,2400
15310,791557,4560
15311,1000000,55910
15312,791557,1480
15313,791557,8970
15314,791557,6360
15315,791557,2780
15316,791557,12400
15317,791557,16960
15318,1000000,94060
15319,1000000,115940
15320,791557,7450
15321,791557,1000
15322,791557,3620
15323,791557,22500
15324,791557,2120
15325,791557,10880
15326,791557,1030
15327,1000000,156200
15328,791557,3560
15329,791557,1980
15330,791557,10020
15331,1000000,182020
15332,1000000,215720
15333,791557,23600
15334,791557,6980
15335,791557,4810
15336,1000000,51040
15337,791557,3120
15338,1000000,257720
15339,791557,22120
15340,791557,3080
15341,791557,4870
15342,1000000,50480
15343,791557,2900
15344,1000000,38400
15345,791557,3710
15346,791557,12220
15347,791557,2720
15348,791557,6140
15349,1000000,117700
15350,1000000,69360
15351,1000000,53600
15352,791557,1600
15353,791557,11270
15354,791557,1580
15355,791557,8960
15356,791557,1560
15357,791557,3170
15358,1000000,135640
15359,791557,4120
15360,791557,2500
15361,791557,12100
15362,1000000,35940
15363,791557,11400
15364,791557,4100
15365,791557,19240
15366,791557,5900
15367,791557,2460
15368,791557,2440
15369,791557,9380
15370,791557,10680
15371,791557,3260
15372,791557,3010
15373,791557,1790
15374,791557,2480
15375,791557,5940
15376,791557,1000
15377,1000000,68810
15378,791557,3090
15379,1000000,54720
15380,791557,29020
15381,791557,14070
15382,791557,4220
15383,1000000,42160
15384,791557,14100
15385,791557,21300
15386,791557,1000
15387,791557,4200
15388,1000000,245860
15389,791557,13300
15390,791557,3300
15391,791557,3590
15392,1000000,152440
15393,791557,1000
15394,791557,1440
15395,791557,1000
15396,791557,14180
15397,1000000,48780
15398,791557,3640
15399,791557,5580
15400,791557,2350
15401,791557,1000
15402,791557,2680
15403,791557,2500
15404,791557,8480
15405,791557,14420
15406,791557,1000
15407,791557,3210
15408,791557,2220
15409,791557,3300
15410,1000000,99420
15411,791557,28040
15412,1000000,65660
15413,791557,1080
15414,791557,9260
15415,1000000,33740
15416,791557,23220
15417,1000000,97440
15418,791557,10140
15419,1000000,125900
15420,791557,1000
15421,791557,3260
15422,791557,3600
15423,1000000,45300
15424,791557,6280
15425,791557,11310
15426,1000000,44960
15427,791557,2770
15428,791557,3620
15429,1000000,39000
15430,791557,3400
15431,791557,6260
15432,791557,2360
15433,791557,2280
15434,791557,3130
15435,1000000,159820
15436,2504,2500000
15437,791557,2600
15438,1000000,89020
15439,791557,1230
15440,791557,3120
15441,791557,18260
15442,791557,2400
15443,791557,4140
15444,791557,14500
15445,791557,2680
15446,791557,3700
15447,1000000,56340
15448,1000000,42440
15449,791557,5710
15450,791557,26520
15451,791557,4710
15452,791557,6520
15453,791557,8840
15454,791557,3580
15455,1000000,33400
15456,791557,4930
15457,791557,1240
15458,791557,13480
15459,791557,3480
15460,1000000,60730
15461,1000000,44100
15462,791557,1240
15463,1000000,63260
15464,1000000,63220
15465,791557,8420
15466,1000000,52400
15467,791557,2860
15468,1000000,37820
15469,791557,2700
15470,1000000,120960
15471,791557,18240
15472,791557,1030
15473,791557,6400
15474,791557,18880
15475,791557,1180
15476,791557,3500
15477,791557,13700
15478,791557,5010
15479,791557,26040
15480,791557,21880
15481,1000000,48720
15482,791557,8160
15483,791557,9800
15484,791557,10900
15485,1000000,58580
15486,1000000,59020
15487,791557,6940
15488,791557,29210
15489,791557,8460
15490,791557,5940
15491,1000000,35350
15492,791557,20510
15493,791557,2820
15494,1000000,36760
15495,1000000,149700
15496,1000000,61300
15497,791557,1000
15498,1000000,413500
15499,1000000,83180
15500,791557,3650
15501,1000000,144480
15502,791557,3640
15503,791557,2180
15504,791557,15160
15505,791557,13140
15506,791557,7560
15507,791557,3380
15508,791557,7560
15509,1000000,46680
15510,791557,11140
15511,1000000,55370
15512,1000000,60820
15513,791557,12620
15514,791557,2330
15515,1000000,85160
15516,791557,2940
15517,791557,19940
15518,791557,9860
15519,791557,10260
15520,791557,1000
15521,791557,1000
15522,791557,1320
15523,791557,7820
15524,791557,3520
15525,1000000,58190
15526,791557,5600
15527,791557,2040
15528,1000000,43160
15529,1000000,48660
15530,791557,2840
15531,1000000,355340
15532,791557,21000
15533,1000000,62840
15534,791557,4840
15535,791557,3260
15536,791557,8360
15537,791557,1160
15538,791557,4520
15539,1000000,141420
15540,791557,3420
15541,791557,9710
15542,1000000,219560
15543,791557,2720
15544,791557,9680
15545,791557,5690
15546,791557,1040
15547,1000000,101120
15548,791557,13050
15549,791557,6620
15550,791557,12550
15551,791557,13920
15552,791557,18920
15553,791557,6460
15554,791557,9260
15555,791557,2120
15556,791557,7980
15557,791557,5680
15558,791557,2580
15559,1000000,41400
15560,791557,1360
15561,791557,1000
15562,1000000,93600
15563,791557,2090
15564,791557,3480
15565,791557,2660
15566,791557,1000
15567,791557,4940
15568,1000000,33180
15569,791557,23600
15570,1000000,71460
15571,791557,1640
15572,1000000,34810
15573,791557,6240
15574,791557,7980
15575,791557,9720
15576,791557,3240
15577,791557,12660
15578,791557,2580
15579,791557,1040
15580,791557,22160
15581,791557,4800
15582,791557,11020
15583,791557,2900
15584,791557,14510
15585,1000000,77890
15586,791557,4530
15587,791557,5060
15588,1000000,42430
15589,791557,3960
15590,1000000,91860
15591,791557,4460
15592,791557,2420
15593,791557,5580
15594,1000000,31680
15595,791557,4700
15596,791557,8590
15597,791557,11840
15598,1000000,52980
15599,791557,1000
15600,791557,4370
15601,791557,9400
15602,791557,1660
15603,791557,1000
15604,791557,5180
15605,791557,4100
15606,791557,3200
15607,791557,9760
15608,791557,2280
15609,1000000,110760
15610,791557,22050
15611,1000000,38400
15612,1000000,44890
15613,791557,5040
15614,791557,2800
15615,791557,1000
15616,791557,1660
15617,791557,2840
15618,1000000,31660
15619,791557,3540
15620,791557,3800
15621,791557,6330
15622,791557,1120
15623,791557,4800
15624,791557,1180
15625,791557,3120
15626,791557,2620
15627,791557,6120
15628,1000000,53860
15629,791557,14260
15630,791557,4240
15631,791557,1020
15632,791557,4960
15633,1000000,106020
15634,791557,1320
15635,791557,1600
15636,791557,2140
15637,1000000,32250
15638,791557,4180
15639,791557,12450
15640,791557,4240
15641,791557,1660
15642,791557,1340
15643,791557,10170
15644,791557,6700
15645,791557,7580
15646,791557,3920
15647,791557,1820
15648,791557,4620
15649,791557,5300
15650,1000000,94630
15651,1000000,104140
15652,791557,6600
15653,791557,11620
15654,1000000,34160
15655,1000000,32940
15656,791557,2580
15657,791557,23320
15658,1000000,33420
15659,791557,10740
15660,791557,4320
15661,791557,2230
15662,791557,21180
15663,1000000,104100
15664,791557,10760
15665,791557,4370
15666,791557,3500
15667,1000000,69740
15668,791557,7460
15669,791557,3400
15670,791557,4960
15671,1000000,64050
15672,791557,7480
15673,791557,2380
15674,1000000,46160
15675,791557,14020
15676,791557,4540
15677,791557,7500
15678,791557,24840
15679,791557,17100
15680,791557,3940
15681,791557,2380
15682,791557,4720
15683,1000000,35860
15684,791557,3680
15685,791557,2580
15686,791557,2840
15687,1000000,89280
15688,791557,26560
15689,791557,6280
15690,791557,16520
15691,791557,1360
15692,791557,2000
15693,791557,2720
15694,791557,10180
15695,791557,7350
15696,791557,2040
15697,791557,1660
15698,791557,6450
15699,791557,22840
15700,791557,28560
15701,1000000,84540
15702,1000000,158240
15703,1000000,55040
15704,791557,15540
15705,791557,21110
15706,791557,4150
15707,791557,23820
15708,791557,10920
15709,791557,29340
15710,1000000,41980
15711,791557,7180
15712,791557,16770
15713,791557,3340
15714,1000000,57960
15715,791557,14740
15716,791557,2400
15717,791557,1080
15718,791557,2340
15719,791557,1040
15720,791557,20840
15721,791557,6840
15722,791557,9880
15723,791557,5820
15724,791557,1000
15725,791557,4800
15726,1000000,76640
15727,791557,1610
15728,791557,26660
15729,1000000,92360
15730,791557,3500
15731,1000000,71560
15732,1000000,96920
15733,791557,1000
15734,791557,8080
15735,791557,3880
15736,791557,7220
15737,791557,3540
15738,791557,1620
15739,1000000,41820
15740,791557,4780
15741,791557,1020
15742,791557,3190
15743,791557,3120
15744,791557,6240
15745,791557,9450
15746,791557,15520
15747,791557,1020
15748,791557,8520
15749,791557,4860
15750,791557,12260
15751,791557,2260
15752,791557,6060
15753,1000000,176690
15754,791557,8740
15755,791557,4100
15756,1000000,31760
15757,791557,9640
15758,791557,5550
15759,791557,1760
15760,791557,25620
15761,791557,3350
15762,791557,12670
15763,1000000,55240
15764,791557,3110
15765,1000000,58870
15766,791557,1780
15767,791557,4300
15768,791557,10860
15769,791557,7400
15770,791557,6100
15771,1000000,155890
15772,791557,1120
15773,1000000,55780
15774,1000000,97940
15775,791557,9640
15776,1000000,72070
15777,791557,12730
15778,791557,3240
15779,791557,8580
15780,1000000,138140
15781,791557,4620
15782,1000000,32880
15783,791557,5880
15784,791557,1000
15785,791557,3540
15786,1000000,71180
15787,1000000,47730
15788,791557,7400
15789,791557,1640
15790,1000000,40660
15791,791557,1790
15792,1000000,79460
15793,791557,8840
15794,791557,3550
15795,1000000,247780
15796,791557,3860
15797,791557,13070
15798,1000000,104860
15799,1000000,40900
15800,791557,15420
15801,791557,8850
15802,1000000,63940
15803,791557,1900
15804,791557,3910
15805,791557,4460
15806,791557,10000
15807,791557,2440
15808,791557,4220
15809,791557,26320
15810,1000000,168600
15811,1000000,111560
15812,791557,11200
15813,791557,15980
15814,791557,2040
15815,791557,2280
15816,791557,3960
15817,791557,15080
15818,791557,1180
15819,791557,1020
15820,791557,1920
15821,791557,27200
15822,791557,1060
15823,791557,16180
15824,791557,2600
15825,791557,12200
15826,791557,8310
15827,1000000,30180
15828,791557,2110
15829,791557,1760
15830,791557,3900
15831,1000000,62200
15832,791557,29150
15833,791557,1010
15834,1000000,73760
15835,791557,7320
15836,791557,2340
15837,791557,3350
15838,791557,10380
15839,791557,5360
15840,791557,1000
15841,1000000,81320
15842,791557,6960
15843,791557,22720
15844,791557,4380
15845,791557,9340
15846,791557,2480
15847,1000000,97300
15848,791557,12020
15849,791557,1140
15850,791557,6580
15851,791557,9640
15852,791557,2300
15853,1000000,84120
15854,791557,10240
15855,791557,1010
15856,791557,22100
15857,791557,7220
15858,791557,6760
15859,791557,4540
15860,1000000,159760
15861,791557,5240
15862,1000000,79760
15863,791557,3740
15864,791557,16240
15865,791557,2580
15866,791557,23480
15867,791557,26940
15868,1000000,343060
15869,791557,3980
15870,791557,1000
15871,791557,1560
15872,1000000,50120
15873,791557,1740
15874,791557,2390
15875,1000000,113700
15876,791557,6580
15877,791557,18630
15878,1000000,80480
15879,1000000,48900
15880,791557,1760
15881,1000000,86570
15882,791557,9900
15883,791557,14090
15884,791557,10540
15885,791557,4120
15886,791557,14270
15887,791557,26000
15888,791557,1000
15889,1000000,50020
15890,791557,23800
15891,1000000,34140
15892,791557,27390
15893,791557,1660
15894,791557,15600
15895,791557,1000
15896,791557,20120
15897,791557,4860
15898,1000000,38120
15899,791557,3360
15900,1000000,414300
15901,1000000,40020
15902,791557,3210
15903,1000000,83180
15904,1000000,103980
15905,791557,7140
15906,791557,19400
15907,1000000,175400
15908,1000000,44780
15909,1000000,47360
15910,1000000,37960
15911,791557,4470
15912,791557,4990
15913,791557,4390
15914,791557,7220
15915,791557,3460
15916,791557,3140
15917,791557,4780
15918,791557,2880
15919,791557,20580
15920,791557,3370
15921,791557,7480
15922,791557,1320
15923,791557,7040
15924,791557,2990
15925,791557,18420
15926,791557,1780
15927,791557,29020
15928,791557,5610
15929,791557,10950
15930,1000000,100280
15931,791557,9610
15932,791557,4110
15933,791557,3620
15934,1000000,118810
15935,791557,8120
15936,1000000,150780
15937,791557,14240
15938,791557,5100
15939,791557,1220
15940,791557,2020
15941,1000000,182640
15942,791557,3900
15943,791557,21970
15944,791557,4550
15945,1000000,38500
15946,791557,3970
15947,791557,2020
15948,791557,14140
15949,791557,1750
15950,1000000,46540
15951,791557,8860
15952,1000000,109600
15953,791557,8340
15954,1000000,59240
15955,791557,23480
15956,791557,1440
15957,791557,4080
15958,791557,3300
15959,791557,5080
15960,1000000,176360
15961,791557,15620
15962,1000000,51810
15963,791557,5140
15964,1000000,44010
15965,791557,2320
15966,791557,16960
15967,791557,14400
15968,791557,2260
15969,791557,9340
15970,1000000,52280
15971,1000000,89520
15972,791557,10610
15973,791557,19390
15974,791557,15960
15975,791557,7840
15976,791557,15200
15977,791557,1000
15978,1000000,34840
15979,791557,28440
15980,1000000,59600
15981,791557,14880
15982,791557,1760
15983,791557,17980
15984,791557,18140
15985,791557,9600
15986,1000000,103100
15987,791557,7250
15988,791557,11740
15989,791557,4220
15990,791557,8860
15991,791557,14640
15992,791557,2300
15993,791557,9300
15994,1000000,167020
15995,1000000,95600
15996,1000000,38210
15997,791557,1680
15998,791557,10900
15999,791557,20040
16000,791557,26050
16001,791557,1980
16002,791557,5160
16003,791557,1590
16004,791557,7320
16005,1000000,161780
16006,791557,1500
16007,1000000,80640
16008,791557,4160
16009,791557,7440
16010,791557,3950
16011,791557,2920
16012,791557,1000
16013,791557,11180
16014,1000000,40680
16015,1000000,52540
16016,791557,6560
16017,791557,6200
16018,791557,10180
16019,791557,1200
16020,791557,8480
16021,791557,17680
16022,1000000,33440
16023,791557,17180
16024,791557,5020
16025,791557,24040
16026,791557,9610
16027,791557,24720
16028,1000000,51760
16029,791557,2640
16030,791557,2640
16031,791557,2060
16032,1000000,72980
16033,791557,4000
16034,791557,10040
16035,1000000,31580
16036,791557,9720
16037,791557,1210
16038,791557,6740
16039,1000000,48600
16040,791557,8000
16041,1000000,40860
16042,1000000,37900
16043,791557,9340
16044,791557,1230
16045,791557,5970
16046,791557,3160
16047,791557,6120
16048,791557,5680
16049,791557,1480
16050,791557,13410
16051,1000000,86520
16052,791557,1880
16053,1000000,397580
16054,791557,1000
16055,791557,16320
16056,791557,17730
16057,791557,3780
16058,791557,1820
16059,791557,17130
16060,791557,13990
16061,791557,17220
16062,791557,14600
16063,1000000,148600
16064,791557,29840
16065,791557,3160
16066,791557,22750
16067,791557,9760
16068,791557,11680
16069,791557,3520
16070,1000000,48230
16071,1000000,34640
16072,791557,2160
16073,791557,3470
16074,791557,1700
16075,791557,1180
16076,791557,2520
16077,791557,3540
16078,791557,2580
16079,1000000,51300
16080,1000000,58820
16081,1000000,50520
16082,791557,4240
16083,791557,1520
16084,2504,2500000
16085,791557,17160
16086,1000000,45220
16087,791557,3820
16088,791557,1000
16089,1000000,151200
16090,791557,6760
16091,791557,18200
16092,791557,2380
16093,791557,23360
16094,1000000,39100
16095,791557,4960
16096,791557,6640
16097,791557,1010
16098,791557,7900
16099,1000000,30340
16100,1000000,33560
16101,791557,7260
16102,791557,11480
16103,1000000,76740
16104,791557,7220
16105,791557,5840
16106,791557,12550
16107,791557,2700
16108,791557,18140
16109,791557,3130
16110,791557,8020
16111,791557,2200
16112,1000000,271590
16113,791557,2040
16114,791557,20700
16115,791557,6060
16116,791557,3240
16117,791557,3880
16118,1000000,137860
16119,791557,2420
16120,791557,3950
16121,791557,16240
16122,791557,12780
16123,791557,1200
16124,791557,1210
16125,1000000,37260
16126,791557,22980
16127,791557,1360
16128,791557,1320
16129,791557,1000
16130,1000000,34400
16131,791557,3060
16132,791557,3850
16133,791557,1000
16134,791557,6840
16135,791557,4460
16136,791557,2250
16137,1000000,63480
16138,791557,2680
16139,791557,9260
16140,791557,1780
16141,1000000,50830
16142,791557,7840
16143,791557,5820
16144,1000000,49500
16145,791557,22920
16146,1000000,134840
16147,791557,7020
16148,791557,1720
16149,791557,2100
16150,1000000,37960
16151,791557,1580
16152,791557,5220
16153,791557,1000
16154,791557,6990
16155,791557,2180
16156,791557,1580
16157,791557,13140
16158,1000000,57860
16159,791557,19260
16160,791557,2240
16161,791557,3300
16162,791557,2680
16163,791557,14520
16164,791557,18510
16165,1000000,78940
16166,1000000,54240
16167,791557,6680
16168,791557,22600
16169,791557,1260
16170,791557,18220
16171,791557,1020
16172,791557,9970
16173,791557,2000
16174,791557,14390
16175,791557,5820
16176,791557,11920
16177,791557,23860
16178,791557,1180
16179,791557,3460
16180,791557,3640
16181,791557,1600
16182,791557,2220
16183,791557,1040
16184,791557,21690
16185,791557,5240
16186,791557,10920
16187,791557,5760
16188,791557,4040
16189,791557,3090
16190,1000000,31500
16191,791557,7020
16192,791557,4470
16193,791557,1540
16194,791557,21920
16195,791557,1160
16196,791557,13720
16197,791557,1780
16198,791557,4740
16199,791557,21100
16200,791557,3110
16201,791557,23160
16202,1000000,114030
16203,791557,2040
16204,791557,6720
16205,791557,1980
16206,791557,6020
16207,1000000,188440
16208,791557,2780
16209,1000000,336180
16210,1000000,143660
16211,791557,7680
16212,791557,11990
16213,791557,4680
16214,791557,3700
16215,791557,4060
16216,791557,1400
16217,791557,1840
16218,791557,2460
16219,791557,1670
16220,791557,3590
16221,791557,1020
16222,791557,1000
16223,791557,2880
16224,791557,6390
16225,791557,5260
16226,791557,1060
16227,791557,13000
16228,1000000,134960
16229,791557,2260
16230,1000000,53100
16231,791557,1480
16232,791557,7690
16233,791557,10040
16234,791557,4550
16235,791557,1000
16236,791557,4900
16237,791557,25320
16238,791557,3660
16239,791557,4290
16240,791557,3680
16241,791557,1000
16242,791557,3080
16243,1000000,58260
16244,1000000,91240
16245,791557,12920
16246,791557,4240
16247,791557,3920
16248,791557,6300
16249,791557,14220
16250,1000000,166350
16251,791557,1020
16252,791557,1400
16253,791557,6500
16254,791557,6140
16255,1000000,64680
16256,791557,27990
16257,1000000,30820
16258,791557,8080
16259,791557,1320
16260,791557,5000
16261,791557,2280
16262,791557,11940
16263,1000000,136140
16264,791557,7810
16265,1000000,68100
16266,791557,18560
16267,791557,17840
16268,1000000,36370
16269,791557,5900
16270,1000000,40780
16271,791557,4530
16272,791557,23360
16273,1000000,40470
16274,791557,17080
16275,791557,4990
16276,791557,2140
16277,791557,20240
16278,791557,17570
16279,1000000,110820
16280,791557,23480
16281,1000000,52620
16282,791557,7000
16283,791557,11760
16284,791557,18320
16285,2504,2500000
16286,791557,4680
16287,1000000,40380
16288,791557,5360
16289,791557,6500
16290,791557,2730
16291,1000000,38380
16292,791557,4020
16293,791557,10760
16294,791557,14500
16295,791557,3540
16296,791557,12850
16297,1000000,49620
16298,791557,2080
16299,791557,7920
16300,791557,6180
16301,791557,7340
16302,791557,8710
16303,1000000,80880
16304,791557,8410
16305,791557,5910
16306,791557,11240
16307,791557,10140
16308,791557,1780
16309,1000000,110500
16310,791557,10220
16311,791557,7400
16312,1000000,107980
16313,1000000,45230
16314,791557,1000
16315,1000000,114720
16316,791557,3800
16317,791557,9100
16318,791557,5580
16319,791557,4580
16320,791557,3520
16321,1000000,42800
16322,791557,2480
16323,791557,9970
16324,1000000,88600
16325,791557,2420
16326,791557,3640
16327,1000000,31760
16328,791557,15560
16329,791557,7340
16330,791557,1800
16331,1000000,51820
16332,791557,3880
16333,791557,4510
16334,1000000,47880
16335,791557,4160
16336,1000000,48160
16337,791557,10360
16338,791557,7110
16339,791557,2460
16340,1000000,36850
16341,791557,6280
16342,791557,2780
16343,791557,3290
16344,791557,4160
16345,791557,8720
16346,791557,1120
16347,791557,3120
16348,791557,7800
16349,791557,8120
16350,791557,4600
16351,1000000,33960
16352,1000000,136600
16353,1000000,108500
16354,791557,6790
16355,791557,9380
16356,791557,27460
16357,791557,4060
16358,1000000,50240
16359,1000000,76440
16360,791557,1000
16361,791557,20760
16362,791557,2640
16363,791557,16400
16364,1000000,87180
16365,1000000,35130
16366,791557,9280
16367,791557,2140
16368,791557,2240
16369,1000000,78920
16370,791557,7600
16371,791557,3380
16372,791557,9200
16373,791557,5770
16374,791557,3630
16375,791557,20150
16376,791557,18390
16377,791557,9540
16378,1000000,88960
16379,791557,3700
16380,791557,14180
16381,791557,16190
16382,791557,1200
16383,791557,3220
16384,1000000,277320
16385,791557,6860
16386,791557,3580
16387,791557,3440
16388,791557,2700
16389,791557,10880
16390,791557,19310
16391,791557,7460
16392,791557,22460
16393,791557,7440
16394,791557,24030
16395,1000000,129420
16396,791557,2490
16397,791557,5880
16398,791557,2950
16399,1000000,44510
16400,791557,3480
16401,791557,24930
16402,791557,4540
16403,791557,27120
16404,1000000,86920
16405,791557,11330
16406,791557,7680
16407,791557,1080
16408,791557,1470
16409,791557,4500
16410,791557,1120
16411,1000000,101340
16412,791557,13280
16413,1000000,50570
16414,1000000,41760
16415,791557,1050
16416,1000000,86430
16417,791557,4360
16418,791557,9020
16419,791557,5760
16420,1000000,100120
16421,791557,12540
16422,791557,26820
16423,791557,3100
16424,791557,10220
16425,791557,10400
16426,791557,2020
16427,791557,5080
16428,791557,8300
16429,791557,2240
16430,791557,6420
16431,791557,4800
16432,791557,6740
16433,791557,1000
16434,791557,3000
16435,791557,21880
16436,1000000,140430
16437,791557,27890
16438,791557,6040
16439,791557,6780
16440,791557,8480
16441,1000000,138960
16442,791557,1720
16443,791557,4540
16444,1000000,36040
16445,1000000,36820
16446,791557,3760
16447,791557,3330
16448,791557,26800
16449,791557,2780
16450,1000000,76090
16451,2504,2500000
16452,791557,13960
16453,791557,3480
16454,1000000,44720
16455,791557,4280
16456,791557,1800
16457,791557,9420
16458,791557,2680
16459,1000000,32180
16460,1000000,75000
16461,791557,4200
16462,791557,1000
16463,791557,3910
16464,791557,6140
16465,1000000,53340
16466,791557,1820
16467,791557,11920
16468,791557,2040
16469,791557,20860
16470,1000000,70960
16471,791557,2260
16472,791557,3070
16473,791557,1310
16474,1000000,248480
16475,791557,6340
16476,1000000,67960
16477,791557,9610
16478,791557,2880
16479,791557,2840
16480,791557,6720
16481,791557,10920
16482,791557,1580
16483,791557,4700
16484,791557,6090
16485,791557,18240
16486,791557,24470
16487,791557,2120
16488,791557,5100
16489,791557,16480
16490,791557,6220
16491,791557,4690
16492,791557,7000
16493,791557,1440
16494,791557,29920
16495,791557,2820
16496,791557,2740
16497,1000000,307740
16498,791557,3430
16499,791557,5340
16500,791557,5490
16501,791557,10100
16502,791557,3980
16503,791557,1000
16504,791557,2140
16505,791557,21250
16506,791557,3600
16507,791557,1000
16508,791557,1050
16509,1000000,48020
16510,791557,1010
16511,791557,5000
16512,1000000,88180
16513,791557,5350
16514,791557,1880
16515,791557,1140
16516,791557,1000
16517,791557,2150
16518,791557,8100
16519,1000000,255340
16520,1000000,42090
16521,791557,12200
16522,791557,9520
16523,791557,7960
16524,791557,3940
16525,791557,6300
16526,1000000,43420
16527,791557,7350
16528,791557,4000
16529,791557,5340
16530,1000000,49480
16531,791557,3040
16532,791557,5800
16533,791557,9600
16534,1000000,36700
16535,791557,1030
16536,1000000,66960
16537,1000000,57480
16538,1000000,46810
16539,1000000,116770
16540,2504,2500000
16541,1000000,30480
16542,1000000,31900
16543,791557,1020
16544,791557,1020
16545,791557,1470
16546,791557,17530
16547,791557,28140
16548,791557,1550
16549,1000000,37140
16550,791557,25880
16551,791557,3920
16552,791557,3800
16553,1000000,35140
16554,791557,1000
16555,791557,12880
16556,791557,1320
16557,1000000,119540
16558,791557,13200
16559,791557,3500
16560,791557,23720
16561,1000000,31440
16562,791557,3300
16563,791557,16690
16564,791557,3880
16565,791557,16880
16566,791557,11740
16567,791557,3360
16568,791557,2940
16569,1000000,133600
16570,791557,9020
16571,791557,1520
16572,791557,16050
16573,1000000,120420
16574,791557,24960
16575,791557,1000
16576,791557,16010
16577,1000000,59160
16578,791557,15630
16579,791557,17580
16580,791557,4060
16581,1000000,50820
16582,791557,8820
16583,791557,6140
16584,791557,2670
16585,791557,16360
16586,791557,15860
16587,791557,7620
16588,1000000,76310
16589,791557,3820
16590,791557,2580
16591,791557,3800
16592,791557,9600
16593,791557,1000
16594,791557,4040
16595,791557,1000
16596,791557,1000
16597,791557,5010
16598,791557,14940
16599,791557,13440
16600,791557,7540
16601,791557,9830
16602,791557,22640
16603,1000000,30190
16604,791557,7800
16605,791557,4360
16606,791557,1000
16607,791557,11720
16608,1000000,33360
16609,791557,24460
16610,1000000,61000
16611,791557,5680
16612,791557,5110
16613,791557,3140
16614,1000000,171160
16615,791557,5190
16616,791557,6360
16617,791557,3600
16618,791557,5200
16619,1000000,123300
16620,1000000,69800
16621,791557,16440
16622,791557,1020
16623,791557,6010
16624,1000000,54560
16625,1000000,274580
16626,791557,11040
16627,1000000,80080
16628,1000000,75430
16629,791557,3600
16630,791557,4860
16631,791557,1000
16632,791557,3040
16633,1000000,474310
16634,1000000,58380
16635,791557,1520
16636,791557,2440
16637,791557,29000
16638,791557,24400
16639,1000000,96200
16640,791557,22090
16641,791557,1120
16642,1000000,158520
16643,1000000,113160
16644,1000000,78700
16645,1000000,33460
16646,791557,14420
16647,791557,3710
16648,791557,8080
16649,791557,6740
16650,791557,4960
16651,791557,1560
16652,791557,1680
16653,1000000,106780
16654,1000000,71960
16655,1000000,31960
16656,791557,2880
16657,791557,4020
16658,791557,7620
16659,791557,1570
16660,791557,6130
16661,791557,3640
16662,791557,3040
16663,791557,3360
16664,1000000,137920
16665,791557,4200
16666,791557,1800
16667,791557,4080
16668,791557,2100
16669,791557,3880
16670,2504,2500000
16671,791557,2460
16672,791557,13280
16673,791557,1080
16674,791557,1000
16675,1000000,38340
16676,791557,4160
16677,791557,8550
16678,791557,8520
16679,1000000,155960
16680,791557,3380
16681,791557,13180
16682,791557,17040
16683,1000000,51280
16684,2504,2500000
16685,791557,9740
16686,791557,9900
16687,791557,6820
16688,1000000,68100
16689,1000000,166580
16690,791557,3180
16691,791557,4100
16692,791557,2300
16693,791557,10220
16694,791557,13030
16695,791557,3020
16696,791557,1400
16697,1000000,101050
16698,1000000,41060
16699,791557,5460
16700,791557,1020
16701,791557,7580
16702,791557,4580
16703,1000000,31500
16704,1000000,78280
16705,791557,2680
16706,791557,1580
16707,791557,6520
16708,791557,4480
16709,1000000,217870
16710,791557,1550
16711,791557,11780
16712,791557,3250
16713,1000000,48280
16714,791557,14490
16715,791557,8200
16716,791557,10310
16717,1000000,184160
16718,791557,22820
16719,791557,1700
16720,1000000,33380
16721,1000000,68730
16722,791557,3200
16723,791557,1350
16724,1000000,145880
16725,1000000,115860
16726,1000000,52400
16727,791557,5900
16728,791557,29630
16729,1000000,217660
16730,791557,2000
16731,1000000,122440
16732,791557,11900
16733,791557,2660
16734,791557,28280
16735,1000000,54860
16736,791557,22300
16737,791557,24300
16738,791557,1440
16739,791557,8340
16740,791557,2140
16741,791557,1000
16742,1000000,129770
16743,1000000,40880
16744,1000000,58360
16745,791557,3070
16746,791557,4120
16747,791557,1310
16748,791557,8800
16749,791557,8030
16750,791557,29140
16751,791557,6280
16752,791557,2180
16753,1000000,143620
16754,791557,3440
16755,1000000,47960
16756,791557,3140
16757,791557,17100
16758,791557,23120
16759,1000000,116830
16760,1000000,182460
16761,791557,4140
16762,791557,24250
16763,791557,3100
16764,791557,22030
16765,791557,5060
16766,1000000,31980
16767,1000000,37400
16768,1000000,132100
16769,791557,1560
16770,791557,8220
16771,791557,8420
16772,791557,13180
16773,791557,1780
16774,1000000,38700
16775,791557,25140
16776,791557,7580
16777,791557,11000
16778,791557,1000
16779,791557,7640
16780,791557,5500
16781,791557,1580
16782,1000000,31020
16783,791557,5480
16784,791557,16420
16785,791557,6460
16786,1000000,84900
16787,791557,2800
16788,791557,4380
16789,791557,18800
16790,791557,3160
16791,791557,5460
16792,1000000,34400
16793,791557,1000
16794,2504,2500000
16795,791557,15380
16796,791557,3970
16797,791557,5500
16798,791557,2580
16799,1000000,71700
16800,791557,1540
16801,791557,29820
16802,791557,1000
16803,1000000,76020
16804,791557,1320
16805,1000000,61340
16806,791557,11520
16807,791557,5220
16808,791557,10270
16809,791557,1010
16810,791557,2140
16811,1000000,96070
16812,791557,24910
16813,791557,2200
16814,791557,3480
16815,791557,10720
16816,791557,9240
16817,791557,5480
16818,791557,22360
16819,791557,19860
16820,791557,3460
16821,791557,5960
16822,791557,12500
16823,791557,1120
16824,791557,7240
16825,791557,1820
16826,791557,18860
16827,791557,3140
16828,791557,6840
16829,791557,17020
16830,791557,26300
16831,791557,8410
16832,791557,2800
16833,791557,6120
16834,791557,9440
16835,791557,3760
16836,791557,8280
16837,791557,1440
16838,791557,5990
16839,791557,1430
16840,1000000,36660
16841,791557,6920
16842,1000000,97040
16843,791557,1010
16844,791557,3830
16845,791557,12520
16846,1000000,71780
16847,791557,10450
16848,791557,8590
16849,1000000,82740
16850,791557,1030
16851,791557,1000
16852,791557,1000
16853,791557,4780
16854,1000000,111980
16855,791557,6860
16856,1000000,70200
16857,791557,2640
16858,1000000,39320
16859,791557,4360
16860,791557,1990
16861,791557,3500
16862,1000000,30530
16863,1000000,73160
16864,791557,22990
16865,1000000,104140
16866,791557,6660
16867,791557,5100
16868,791557,6450
16869,791557,3570
16870,791557,2100
16871,791557,5100
16872,791557,22640
16873,791557,3280
16874,791557,1510
16875,791557,12060
16876,1000000,71360
16877,791557,14270
16878,791557,5960
16879,1000000,40160
16880,791557,6560
16881,791557,3050
16882,1000000,32180
16883,1000000,30680
16884,791557,4750
16885,791557,3130
16886,791557,4240
16887,791557,4920
16888,791557,23180
16889,791557,2960
16890,791557,11460
16891,791557,4880
16892,791557,13760
16893,791557,4530
16894,791557,12590
16895,791557,19400
16896,791557,21320
16897,791557,11220
16898,791557,29320
16899,791557,15800
16900,791557,10170
16901,1000000,71320
16902,791557,5100
16903,791557,15300
16904,791557,14020
16905,791557,2340
16906,791557,2020
16907,1000000,42970
16908,791557,1000
16909,1000000,135660
16910,791557,1180
16911,1000000,68280
16912,791557,4160
16913,1000000,31260
16914,1000000,58360
16915,1000000,142720
16916,791557,3700
16917,791557,5680
16918,791557,16400
16919,791557,1720
16920,1000000,62440
16921,791557,4200
16922,791557,2340
16923,791557,3020
16924,791557,7200
16925,791557,2540
16926,1000000,88810
16927,1000000,78870
16928,791557,16460
16929,791557,1790
16930,791557,15800
16931,791557,17320
16932,791557,6240
16933,791557,11810
16934,791557,2020
16935,791557,6380
16936,791557,2160
16937,791557,25180
16938,791557,12080
16939,791557,4480
16940,1000000,71940
16941,791557,10160
16942,1000000,94360
16943,791557,6340
16944,791557,8700
16945,791557,8740
16946,791557,13110
16947,791557,27580
16948,791557,4110
16949,791557,4740
16950,791557,16840
16951,791557,4440
16952,791557,15080
16953,791557,2430
16954,791557,5330
16955,1000000,55560
16956,791557,7920
16957,1000000,87780
16958,791557,1640
16959,1000000,100080
16960,1000000,44640
16961,791557,5060
16962,1000000,36420
16963,1000000,181900
16964,791557,10260
16965,791557,1000
16966,791557,14850
16967,1000000,33520
16968,791557,1840
16969,1000000,64930
16970,791557,3320
16971,791557,14420
16972,791557,5460
16973,791557,17040
16974,791557,13410
16975,791557,25560
16976,791557,14770
16977,791557,6710
16978,791557,2200
16979,1000000,50690
16980,1000000,60800
16981,1000000,201540
16982,791557,8630
16983,791557,12150
16984,791557,26350
16985,791557,11020
16986,791557,2310
16987,1000000,57140
16988,791557,7440
16989,791557,3360
16990,791557,2240
16991,791557,1900
16992,791557,11520
16993,791557,22390
16994,791557,8920
16995,791557,3780
16996,791557,1000
16997,791557,9060
16998,791557,1400
16999,791557,6280
17000,1000000,132490
17001,791557,15120
17002,791557,3530
17003,791557,3900
17004,791557,4840
17005,791557,15260
17006,791557,1000
17007,791557,4180
17008,791557,13530
17009,791557,12560
17010,791557,7940
17011,791557,9000
17012,791557,1780
17013,791557,3420
17014,791557,25720
17015,791557,12140
17016,791557,1140
17017,1000000,173540
17018,1000000,60860
17019,791557,3880
17020,791557,2920
17021,791557,1000
17022,1000000,107400
17023,1000000,81090
17024,1000000,43180
17025,791557,21940
17026,1000000,46220
17027,791557,5560
17028,791557,1440
17029,791557,2740
17030,791557,12940
17031,1000000,104600
17032,1000000,145520
17033,1000000,147620
17034,791557,2760
17035,1000000,50160
17036,791557,3460
17037,791557,3860
17038,791557,16240
17039,791557,14930
17040,791557,7880
17041,791557,5540
17042,791557,9270
17043,791557,1680
17044,1000000,85240
17045,791557,6020
17046,1000000,109240
17047,1000000,122070
17048,791557,6530
17049,791557,20820
17050,791557,5030
17051,791557,1000
17052,1000000,33920
17053,791557,7530
17054,791557,2020
17055,1000000,118440
17056,1000000,30800
17057,791557,4060
17058,791557,19700
17059,791557,2560
17060,1000000,31880
17061,791557,5560
17062,791557,7380
17063,1000000,71840
17064,1000000,36600
17065,791557,3680
17066,791557,26810
17067,791557,3560
17068,1000000,127160
17069,791557,2280
17070,791557,3820
17071,791557,5120
17072,791557,23940
17073,1000000,32250
17074,791557,2940
17075,791557,3460
17076,791557,1010
17077,791557,11420
17078,791557,5740
17079,791557,2610
17080,791557,8880
17081,791557,1580
17082,791557,1100
17083,791557,13490
17084,791557,1020
17085,791557,3160
17086,1000000,33880
17087,791557,3180
17088,791557,4940
17089,1000000,45990
17090,791557,1740
17091,791557,10440
17092,791557,27620
17093,1000000,115140
17094,791557,5920
17095,791557,18600
17096,1000000,122560
17097,791557,4300
17098,1000000,48000
17099,791557,1520
17100,791557,1030
17101,791557,22880
17102,791557,1460
17103,1000000,209000
17104,791557,5460
17105,1000000,36600
17106,791557,6380
17107,1000000,43830
17108,1000000,50190
17109,791557,1000
17110,1000000,104140
17111,791557,6560
17112,1000000,119580
17113,791557,1010
17114,1000000,42380
17115,1000000,136580
17116,791557,12320
17117,791557,21180
17118,791557,1000
17119,791557,8150
17120,791557,2970
17121,1000000,124930
17122,1000000,77080
17123,791557,1000
17124,1000000,37500
17125,791557,4320
17126,791557,1300
17127,1000000,88300
17128,791557,1540
17129,791557,2300
17130,791557,2400
17131,1000000,84370
17132,791557,5490
17133,791557,6160
17134,791557,14240
17135,791557,25200
17136,791557,1540
17137,791557,7320
17138,791557,21530
17139,791557,13860
17140,791557,9860
17141,1000000,115260
17142,791557,1520
17143,791557,1000
17144,791557,2280
17145,791557,3020
17146,791557,3060
17147,791557,6750
17148,791557,6740
17149,791557,11000
17150,791557,7260
17151,791557,4320
17152,791557,2980
17153,791557,5840
17154,791557,2040
17155,1000000,245640
17156,791557,20980
17157,791557,2050
17158,791557,1180
17159,791557,6260
17160,791557,4180
17161,1000000,50960
17162,791557,19600
17163,791557,6060
17164,791557,4870
17165,791557,12320
17166,791557,3680
17167,1000000,50560
17168,791557,8580
17169,791557,15850
17170,791557,12160
17171,791557,1010
17172,791557,1680
17173,791557,17340
17174,791557,17500
17175,791557,2880
17176,791557,3160
17177,791557,27080
17178,791557,15700
17179,1000000,72520
17180,791557,2060
17181,791557,1000
17182,791557,4190
17183,1000000,46980
17184,791557,21920
17185,791557,25800
17186,791557,3820
17187,791557,9040
17188,791557,9260
17189,791557,2760
17190,1000000,69140
17191,791557,2760
17192,791557,7040
17193,791557,3920
17194,791557,16880
17195,791557,1020
17196,791557,6060
17197,1000000,43160
17198,1000000,154240
17199,791557,1070
17200,791557,3560
17201,791557,3030
17202,791557,16780
17203,791557,3640
17204,791557,2950
17205,791557,11560
17206,791557,12380
17207,791557,10820
17208,791557,1000
17209,791557,1950
17210,791557,1340
17211,1000000,30680
17212,1000000,61650
17213,791557,6100
17214,791557,10560
17215,1000000,65560
17216,791557,6110
17217,791557,16070
17218,791557,29230
17219,791557,2340
17220,791557,1780
17221,791557,3650
17222,791557,2770
17223,791557,20160
17224,791557,2060
17225,791557,1960
17226,791557,4760
17227,791557,6040
17228,791557,4920
17229,791557,15110
17230,791557,14840
17231,791557,9160
17232,1000000,82440
17233,791557,2060
17234,791557,14800
17235,791557,3520
17236,791557,5180
17237,791557,8010
17238,1000000,39180
17239,791557,3380
17240,791557,4640
17241,791557,1000
17242,1000000,31890
17243,791557,16000
17244,791557,7100
17245,791557,4060
17246,791557,1000
17247,1000000,50810
17248,791557,1000
17249,791557,22340
17250,791557,23480
17251,791557,8920
17252,1000000,58400
17253,1000000,105300
17254,791557,10960
17255,791557,2160
17256,791557,7470
17257,791557,1710
17258,791557,23420
17259,791557,1820
17260,1000000,60500
17261,791557,12080
17262,791557,14680
17263,791557,1910
17264,1000000,289480
17265,1000000,127740
17266,791557,7090
17267,791557,3140
17268,791557,1680
17269,791557,1580
17270,791557,9980
17271,791557,3480
17272,791557,3210
17273,791557,3240
17274,1000000,92440
17275,791557,2940
17276,791557,7300
17277,791557,3170
17278,791557,9120
17279,791557,18320
17280,791557,6560
17281,791557,14100
17282,1000000,133440
17283,1000000,40380
17284,791557,3520
17285,791557,4880
17286,1000000,58800
17287,791557,11560
17288,791557,4200
17289,791557,1220
17290,791557,8780
17291,1000000,81700
17292,1000000,143980
17293,791557,6440
17294,791557,3780
17295,791557,6320
17296,1000000,47080
17297,1000000,60300
17298,791557,3820
17299,791557,23320
17300,791557,19180
17301,791557,25980
17302,791557,11060
17303,791557,7220
17304,791557,16680
17305,791557,16900
17306,791557,11140
17307,791557,26010
17308,1000000,342440
17309,791557,2020
17310,791557,1020
17311,791557,7980
17312,791557,3760
17313,791557,10020
17314,791557,12620
17315,1000000,166880
17316,1000000,81980
17317,1000000,144180
17318,791557,1000
17319,791557,24420
17320,791557,1830
17321,791557,1780
17322,791557,7520
17323,791557,5940
17324,791557,15180
17325,1000000,66400
17326,791557,12200
17327,791557,2000
17328,1000000,45980
17329,791557,4420
17330,1000000,90670
17331,1000000,36160
17332,1000000,59380
17333,791557,2800
17334,791557,19660
17335,791557,1720
17336,791557,3800
17337,791557,3110
17338,791557,4440
17339,791557,11780
17340,1000000,84000
17341,1000000,144680
17342,791557,6640
17343,791557,1350
17344,791557,1060
17345,791557,17820
17346,791557,3940
17347,791557,29440
17348,791557,19040
17349,791557,1590
17350,791557,10130
17351,791557,1380
17352,1000000,36050
17353,791557,11480
17354,791557,3380
17355,791557,5500
17356,791557,2020
17357,791557,13100
17358,791557,2720
17359,1000000,47760
17360,791557,20560
17361,791557,5880
17362,791557,3840
17363,791557,1900
17364,791557,26860
17365,791557,4840
17366,791557,3400
17367,791557,3600
17368,1000000,236700
17369,791557,3380
17370,1000000,74820
17371,791557,13340
17372,791557,2100
17373,791557,2680
17374,791557,7080
17375,791557,8780
17376,791557,1000
17377,1000000,258100
17378,791557,1120
17379,791557,5680
17380,791557,4140
17381,791557,4140
17382,791557,5040
17383,1000000,52680
17384,1000000,81500
17385,791557,1860
17386,1000000,72900
17387,1000000,305300
17388,791557,5760
17389,791557,2400
17390,791557,3220
17391,791557,5140
17392,791557,2800
17393,791557,27200
17394,1000000,146800
17395,791557,6700
17396,791557,3300
17397,791557,6260
17398,791557,3520
17399,791557,1020
17400,791557,5990
17401,791557,27990
17402,1000000,30340
17403,791557,3890
17404,791557,3730
17405,791557,12670
17406,1000000,31840
17407,1000000,42220
17408,791557,1250
17409,791557,3940
17410,1000000,30580
17411,791557,3420
17412,1000000,37590
17413,791557,17320
17414,1000000,43780
17415,1000000,83880
17416,791557,6040
17417,791557,4640
17418,791557,5600
17419,791557,1820
17420,791557,2700
17421,1000000,61040
17422,1000000,31230
17423,791557,1000
17424,791557,12370
17425,791557,1020
17426,791557,5600
17427,791557,25380
17428,791557,23220
17429,791557,4380
17430,791557,17380
17431,1000000,361300
17432,791557,8820
17433,1000000,146460
17434,1000000,52260
17435,791557,10920
17436,791557,7010
17437,1000000,63180
17438,1000000,32000
17439,791557,10240
17440,791557,5040
17441,1000000,63620
17442,791557,6400
17443,1000000,38040
17444,791557,2030
17445,791557,1800
17446,791557,4360
17447,791557,1000
17448,1000000,59560
17449,791557,23420
17450,791557,17100
17451,791557,20280
17452,1000000,133120
17453,1000000,228380
17454,791557,28360
17455,791557,2650
17456,791557,9120
17457,791557,9340
17458,791557,2080
17459,791557,4500
17460,791557,20040
17461,1000000,52520
17462,791557,2180
17463,791557,2720
17464,791557,3610
17465,791557,23740
17466,791557,9200
17467,791557,3380
17468,1000000,112120
17469,1000000,218850
17470,791557,2520
17471,1000000,258560
17472,791557,8280
17473,791557,8140
17474,1000000,45920
17475,791557,3750
17476,791557,4180
17477,791557,2940
17478,791557,22220
17479,791557,1320
17480,791557,2940
17481,791557,1620
17482,791557,5020
17483,1000000,59200
17484,791557,6040
17485,791557,2900
17486,1000000,109080
17487,791557,27050
17488,1000000,31210
17489,1000000,30320
17490,791557,1000
17491,791557,6690
17492,1000000,196060
17493,791557,3390
17494,1000000,651520
17495,791557,1160
17496,791557,14980
17497,1000000,61100
17498,791557,6460
17499,791557,5080
17500,791557,24380
17501,791557,15780
17502,791557,10460
17503,791557,1040
17504,791557,3660
17505,1000000,213330
17506,791557,5780
17507,791557,1920
17508,791557,2880
17509,791557,2310
17510,1000000,82620
17511,791557,3400
17512,791557,2630
17513,1000000,392080
17514,791557,7940
17515,791557,29280
17516,1000000,70140
17517,791557,21140
17518,1000000,127800
17519,791557,8760
17520,791557,1560
17521,791557,2320
17522,791557,8920
17523,791557,5060
17524,791557,2440
17525,791557,5820
17526,1000000,50330
17527,791557,5820
17528,791557,18980
17529,791557,4110
17530,791557,10070
17531,791557,7880
17532,791557,11200
17533,791557,14900
17534,791557,2590
17535,1000000,80160
17536,791557,1380
17537,1000000,149740
17538,1000000,42100
17539,791557,3580
17540,791557,7000
17541,1000000,86740
17542,791557,4680
17543,1000000,33500
17544,791557,1000
17545,791557,10900
17546,791557,1000
17547,791557,3040
17548,1000000,38400
17549,791557,6140
17550,791557,5500
17551,791557,20790
17552,791557,2420
17553,791557,5120
17554,791557,26200
17555,791557,1010
17556,791557,1040
17557,791557,10220
17558,1000000,48600
17559,791557,4170
17560,791557,12080
17561,791557,2320
17562,1000000,109040
17563,791557,3660
17564,791557,6780
17565,791557,9920
17566,791557,4120
17567,791557,11980
17568,791557,3900
17569,791557,3760
17570,1000000,39920
17571,791557,1700
17572,791557,6560
17573,1000000,228140
17574,791557,1220
17575,791557,8700
17576,1000000,125740
17577,791557,4650
17578,791557,3540
17579,791557,7940
17580,791557,1400
17581,1000000,60510
17582,791557,10160
17583,791557,2740
17584,791557,18060
17585,791557,2740
17586,791557,5660
17587,791557,9600
17588,791557,2020
17589,791557,14360
17590,1000000,71480
17591,791557,5470
17592,1000000,49580
17593,791557,1000
17594,1000000,45180
17595,791557,1600
17596,791557,17340
17597,791557,4600
17598,791557,7220
17599,791557,1380
17600,791557,1320
17601,791557,24440
17602,791557,10040
17603,791557,1860
17604,1000000,69970
17605,791557,4950
17606,1000000,61140
17607,791557,16640
17608,791557,13320
17609,791557,16160
17610,791557,3340
17611,791557,6440
17612,791557,1020
17613,1000000,54420
17614,791557,12900
17615,1000000,51240
17616,791557,3900
17617,791557,20800
17618,791557,18260
17619,791557,2760
17620,791557,3740
17621,791557,3800
17622,791557,5720
17623,791557,1870
17624,791557,8220
17625,791557,1000
17626,791557,9410
17627,791557,8240
17628,791557,10980
17629,791557,5880
17630,791557,2840
17631,791557,1680
17632,791557,8330
17633,1000000,95780
17634,791557,4380
17635,791557,7660
17636,791557,27460
17637,791557,5090
17638,1000000,63740
17639,1000000,366840
17640,791557,3100
17641,791557,20740
17642,791557,3480
17643,1000000,172090
17644,791557,5240
17645,1000000,41980
17646,1000000,155000
17647,1000000,295150
17648,791557,5600
17649,1000000,34210
17650,791557,6920
17651,791557,15240
17652,791557,2360
17653,791557,7600
17654,791557,8800
17655,791557,1900
17656,791557,25940
17657,791557,28650
17658,791557,10670
17659,791557,14360
17660,791557,9320
17661,791557,21320
17662,1000000,152650
17663,1000000,64420
17664,1000000,37340
17665,791557,3450
17666,791557,1720
17667,791557,14340
17668,791557,1010
17669,791557,1000
17670,791557,3060
17671,791557,19520
17672,791557,1000
17673,1000000,85060
17674,1000000,213520
17675,791557,9230
17676,791557,4990
17677,791557,2380
17678,791557,16180
17679,791557,8850
17680,791557,3100
17681,791557,1120
17682,791557,6340
17683,791557,12200
17684,791557,6230
17685,1000000,31920
17686,791557,11640
17687,791557,15860
17688,791557,4480
17689,1000000,52760
17690,1000000,43640
17691,791557,4620
17692,1000000,121930
17693,791557,7900
17694,791557,14850
17695,791557,1720
17696,791557,3800
17697,791557,1320
17698,791557,2890
17699,791557,4700
17700,1000000,138880
17701,791557,3740
17702,791557,2440
17703,791557,8400
17704,1000000,57100
17705,791557,1000
17706,791557,5200
17707,791557,1680
17708,791557,5000
17709,791557,27060
17710,791557,13490
17711,791557,16300
17712,791557,4230
17713,791557,2400
17714,791557,5580
17715,1000000,52350
17716,791557,5100
17717,791557,2640
17718,1000000,120140
17719,1000000,44770
17720,1000000,316660
17721,1000000,62400
17722,791557,6710
17723,791557,1820
17724,1000000,30960
17725,791557,15760
17726,791557,2900
17727,791557,6380
17728,791557,3540
17729,791557,7610
17730,791557,3120
17731,1000000,33100
17732,791557,1500
17733,791557,5740
17734,791557,2160
17735,1000000,129790
17736,791557,28210
17737,791557,14180
17738,791557,15000
17739,791557,2020
17740,791557,23000
17741,791557,8440
17742,791557,8900
17743,791557,2220
17744,791557,2000
17745,1000000,38160
17746,791557,10560
17747,791557,1520
17748,791557,2060
17749,1000000,36940
17750,791557,12700
17751,791557,2240
17752,791557,11960
17753,791557,4580
17754,791557,1420
17755,791557,16220
17756,791557,22580
17757,1000000,43040
17758,791557,6070
17759,791557,3960
17760,1000000,58180
17761,791557,5500
17762,791557,2820
17763,1000000,66960
17764,791557,24840
17765,791557,3280
17766,791557,29310
17767,791557,2950
17768,1000000,73420
17769,791557,16400
17770,1000000,47160
17771,791557,15020
17772,791557,20580
17773,791557,7540
17774,791557,8040
17775,791557,2480
17776,791557,3510
17777,791557,29820
17778,1000000,52440
17779,791557,6040
17780,791557,10180
17781,791557,4720
17782,791557,7160
17783,791557,7140
17784,1000000,48230
17785,1000000,151940
17786,791557,12320
17787,791557,5280
17788,791557,4720
17789,791557,12480
17790,1000000,43360
17791,791557,9040
17792,791557,13340
17793,791557,3060
17794,791557,7860
17795,791557,7660
17796,1000000,131420
17797,791557,8980
17798,791557,15360
17799,791557,12900
17800,791557,8500
17801,1000000,50360
17802,791557,4000
17803,791557,4280
17804,791557,1260
17805,1000000,57320
17806,791557,1000
17807,791557,5760
17808,791557,28980
17809,1000000,31900
17810,791557,2660
17811,1000000,149180
17812,791557,2400
17813,791557,4840
17814,1000000,41360
17815,791557,5350
17816,791557,1240
17817,791557,2340
17818,791557,10060
17819,791557,1100
17820,1000000,57280
17821,791557,1320
17822,791557,8520
17823,791557,7680
17824,1000000,39470
17825,791557,11300
17826,791557,20520
17827,791557,1100
17828,791557,5120
17829,791557,28810
17830,791557,26560
17831,1000000,116670
17832,791557,2220
17833,1000000,50160
17834,791557,25100
17835,791557,9400
17836,791557,3720
17837,1000000,490700
17838,791557,5260
17839,1000000,80120
17840,791557,4680
17841,791557,1000
17842,791557,3200
17843,1000000,61530
17844,791557,7440
17845,1000000,30180
17846,791557,16900
17847,1000000,76980
17848,791557,27840
17849,791557,1220
17850,791557,1000
17851,1000000,129740
17852,791557,1900
17853,791557,3720
17854,791557,4220
17855,791557,2370
17856,791557,3380
17857,791557,1340
17858,791557,16440
17859,791557,11040
17860,791557,7210
17861,791557,20300
17862,791557,2600
17863,791557,2620
17864,791557,1030
17865,791557,26840
17866,791557,22460
17867,791557,3220
17868,1000000,49440
17869,791557,1530
17870,791557,2360
17871,791557,9310
17872,791557,1800
17873,791557,14640
17874,791557,3480
17875,1000000,129930
17876,1000000,179500
17877,791557,3770
17878,791557,1000
17879,791557,19740
17880,791557,28020
17881,1000000,140580
17882,791557,1540
17883,1000000,75840
17884,791557,8600
17885,791557,4360
17886,791557,2830
17887,791557,25640
17888,791557,3380
17889,791557,25260
17890,791557,3980
17891,791557,4140
17892,791557,7300
17893,791557,3820
17894,791557,18480
17895,1000000,31120
17896,791557,2220
17897,791557,1600
17898,1000000,290060
17899,791557,1840
17900,791557,16580
17901,791557,4620
17902,1000000,230980
17903,791557,2700
17904,791557,18020
17905,791557,17520
17906,791557,1980
17907,791557,4260
17908,791557,1010
17909,1000000,60040
17910,791557,3400
17911,791557,4460
17912,791557,2870
17913,791557,2280
17914,791557,10420
17915,791557,3150
17916,791557,2900
17917,791557,4900
17918,791557,6240
17919,1000000,79140
17920,1000000,125040
17921,791557,4940
17922,791557,9560
17923,791557,9660
17924,791557,4380
17925,791557,7730
17926,791557,25560
17927,1000000,84160
17928,791557,2040
17929,791557,1000
17930,1000000,47540
17931,791557,1560
17932,791557,3680
17933,1000000,73020
17934,791557,16180
17935,791557,1020
17936,791557,1020
17937,791557,4610
17938,791557,3700
17939,791557,28380
17940,791557,1250
17941,791557,3220
17942,791557,1180
17943,791557,1000
17944,791557,3360
17945,1000000,125700
17946,1000000,83520
17947,791557,2140
17948,791557,2480
17949,791557,10470
17950,791557,2400
17951,1000000,226710
17952,791557,10160
17953,791557,16400
17954,791557,8500
17955,791557,10020
17956,791557,4300
17957,791557,24100
17958,791557,6020
17959,791557,6460
17960,791557,1560
17961,791557,27490
17962,791557,6180
17963,791557,5780
17964,791557,5410
17965,1000000,57450
17966,791557,4280
17967,791557,17810
17968,791557,8510
17969,791557,12880
17970,791557,2620
17971,1000000,103260
17972,791557,17960
17973,791557,4540
17974,791557,4280
17975,791557,9340
17976,791557,11110
17977,791557,1600
17978,791557,19020
17979,791557,5220
17980,791557,2610
17981,791557,4220
17982,791557,6900
17983,791557,5960
17984,791557,2200
17985,791557,1000
17986,791557,6260
17987,1000000,57500
17988,791557,9240
17989,791557,6260
17990,1000000,125020
17991,791557,13000
17992,791557,1000
17993,791557,10740
17994,791557,12910
17995,791557,6560
17996,1000000,325980
17997,791557,12630
17998,791557,2150
17999,791557,7700
18000,791557,7260
18001,791557,6500
18002,1000000,362830
18003,791557,11520
18004,1000000,57080
18005,1000000,187140
18006,791557,14060
18007,791557,7220
18008,1000000,46060
18009,791557,1360
18010,791557,2590
18011,791557,4660
18012,1000000,71980
18013,791557,4500
18014,791557,8420
18015,791557,1500
18016,791557,14440
18017,1000000,151340
18018,791557,7980
18019,791557,26980
18020,791557,1020
18021,1000000,36940
18022,791557,1760
18023,791557,10360
18024,791557,1020
18025,791557,18090
18026,791557,2860
18027,791557,13040
18028,791557,6040
18029,791557,14900
18030,791557,1080
18031,791557,8460
18032,1000000,48470
18033,791557,2080
18034,791557,2370
18035,791557,5880
18036,791557,27340
18037,791557,12560
18038,791557,9460
18039,791557,1300
18040,791557,4630
18041,791557,5720
18042,791557,10680
18043,1000000,546470
18044,1000000,83100
18045,791557,29340
18046,791557,2080
18047,791557,1000
18048,791557,14190
18049,1000000,35980
18050,791557,28160
18051,791557,13230
18052,1000000,158070
18053,791557,18340
18054,791557,27680
18055,791557,4180
18056,791557,12090
18057,791557,5400
18058,791557,5010
18059,791557,11300
18060,1000000,61570
18061,791557,2300
18062,791557,14490
18063,791557,3920
18064,791557,1040
18065,1000000,146540
18066,791557,1260
18067,791557,1620
18068,1000000,190160
18069,791557,2420
18070,791557,5420
18071,1000000,37220
18072,791557,2760
18073,791557,6400
18074,791557,1120
18075,1000000,70060
18076,791557,3880
18077,1000000,73880
18078,791557,5140
18079,791557,23800
18080,791557,3940
18081,791557,1800
18082,1000000,32320
18083,791557,11840
18084,791557,3300
18085,791557,5120
18086,791557,3260
18087,791557,8580
18088,1000000,36640
18089,791557,2880
18090,791557,16600
18091,791557,1980
18092,791557,4060
18093,791557,12960
18094,791557,2740
18095,791557,1820
18096,791557,3980
18097,791557,1600
18098,791557,7260
18099,791557,3920
18100,791557,8100
18101,791557,1990
18102,791557,5200
18103,791557,6720
18104,791557,9480
18105,791557,5300
18106,791557,1630
18107,791557,8590
18108,791557,23860
18109,791557,4600
18110,791557,6980
18111,791557,17030
18112,791557,2260
18113,791557,2860
18114,791557,2740
18115,791557,15430
18116,1000000,251670
18117,791557,7060
18118,791557,1930
18119,791557,1030
18120,791557,3300
18121,1000000,32070
18122,791557,3720
18123,791557,7260
18124,1000000,59880
18125,1000000,144860
18126,791557,25150
18127,1000000,38940
18128,791557,3900
18129,791557,26880
18130,1000000,37660
18131,1000000,80820
18132,791557,13970
18133,791557,9180
18134,791557,20250
18135,791557,21960
18136,791557,4060
18137,791557,8580
18138,1000000,50870
18139,1000000,33310
18140,791557,8010
18141,791557,26980
18142,791557,7200
18143,791557,2980
18144,791557,22180
18145,791557,10310
18146,1000000,319540
18147,791557,2480
18148,791557,10610
18149,791557,1010
18150,791557,3200
18151,791557,8850
18152,791557,2600
18153,791557,5020
18154,791557,15510
18155,791557,1980
18156,1000000,274700
18157,791557,15520
18158,791557,12020
18159,791557,15440
18160,791557,4200
18161,791557,7340
18162,791557,18420
18163,1000000,61240
18164,791557,2570
18165,791557,7460
18166,791557,2280
18167,791557,7000
18168,791557,2560
18169,791557,15760
18170,791557,9500
18171,791557,2940
18172,791557,1000
18173,791557,5920
18174,791557,7960
18175,791557,3900
18176,791557,2120
18177,791557,15900
18178,791557,8160
18179,791557,1200
18180,791557,1870
18181,791557,24460
18182,1000000,30160
18183,791557,7100
18184,791557,9920
18185,791557,7160
18186,791557,4960
18187,1000000,98820
18188,791557,2080
18189,1000000,105900
18190,791557,3320
18191,1000000,754700
18192,791557,9060
18193,791557,4100
18194,791557,11140
18195,791557,1710
18196,791557,2740
18197,791557,2600
18198,791557,2760
18199,791557,9760
18200,791557,9140
18201,791557,14620
18202,1000000,54790
18203,791557,15140
18204,1000000,37960
18205,1000000,40290
18206,791557,24380
18207,791557,1480
18208,791557,7440
18209,791557,10350
18210,1000000,61400
18211,791557,7880
18212,791557,9380
18213,791557,21960
18214,791557,1920
18215,791557,8900
18216,1000000,77190
18217,791557,10460
18218,791557,8180
18219,791557,22120
18220,791557,4300
18221,1000000,46940
18222,1000000,75880
18223,791557,3360
18224,791557,12520
18225,791557,8760
18226,791557,1000
18227,791557,3520
18228,791557,28460
18229,791557,6920
18230,791557,7080
18231,791557,4220
18232,1000000,95940
18233,1000000,31940
18234,791557,8940
18235,791557,3760
18236,1000000,58120
18237,791557,5580
18238,791557,2750
18239,1000000,604390
18240,791557,27200
18241,1000000,111790
18242,791557,7560
18243,791557,2620
18244,791557,2220
18245,791557,1700
18246,791557,4480
18247,791557,10500
18248,791557,22430
18249,791557,14940
18250,1000000,48990
18251,791557,1500
18252,791557,29660
18253,1000000,44180
18254,1000000,37000
18255,791557,4230
18256,1000000,458000
18257,791557,2560
18258,791557,6350
18259,791557,16700
18260,791557,9610
18261,1000000,48130
18262,1000000,36500
18263,791557,3840
18264,791557,1640
18265,791557,6070
18266,791557,11520
18267,1000000,38970
18268,791557,8740
18269,791557,4460
18270,791557,1880
18271,791557,1000
18272,791557,9760
18273,791557,16160
18274,791557,11330
18275,791557,6400
18276,791557,15280
18277,1000000,34180
18278,791557,2520
18279,1000000,296180
18280,791557,2420
18281,791557,28180
18282,791557,5160
18283,791557,12120
18284,791557,11310
18285,791557,10260
18286,1000000,36150
18287,1000000,69260
18288,791557,6560
18289,791557,5440
18290,791557,2270
18291,791557,17100
18292,1000000,49780
18293,791557,2400
18294,791557,1000
18295,791557,26500
18296,791557,3800
18297,791557,6720
18298,791557,6920
18299,791557,7570
18300,791557,1280
18301,791557,1250
18302,791557,1900
18303,791557,2880
18304,1000000,106630
18305,1000000,65760
18306,791557,7740
18307,1000000,199980
18308,791557,1110
18309,791557,5600
18310,791557,10540
18311,791557,1000
18312,791557,3700
18313,791557,3700
18314,791557,11980
18315,791557,4370
18316,791557,2320
18317,791557,14780
18318,791557,5670
18319,791557,28420
18320,1000000,64790
18321,791557,4740
18322,791557,8290
18323,791557,2650
18324,791557,4300
18325,791557,19020
18326,791557,6300
18327,791557,19880
18328,791557,1000
18329,791557,1180
18330,791557,29240
18331,791557,7660
18332,1000000,47400
18333,1000000,53980
18334,791557,3020
18335,1000000,88680
18336,791557,6260
18337,791557,7730
18338,791557,1660
18339,791557,3380
18340,791557,6890
18341,791557,1400
18342,1000000,278920
18343,791557,18620
18344,791557,7470
18345,791557,5540
18346,1000000,145600
18347,1000000,44860
18348,791557,1320
18349,791557,2520
18350,791557,6560
18351,791557,1000
18352,791557,10560
18353,791557,1880
18354,791557,5340
18355,791557,24790
18356,1000000,94150
18357,1000000,41820
18358,791557,1980
18359,791557,5600
18360,791557,8860
18361,791557,7180
18362,1000000,38020
18363,791557,3760
18364,791557,5270
18365,791557,6780
18366,791557,2420
18367,791557,3380
18368,791557,2120
18369,791557,1640
18370,791557,8940
18371,1000000,165660
18372,1000000,136860
18373,1000000,39070
18374,791557,6860
18375,791557,1240
18376,791557,2920
18377,791557,9180
18378,1000000,34780
18379,1000000,42540
18380,791557,15960
18381,791557,2780
18382,791557,1720
18383,791557,1000
18384,791557,4240
18385,78892,1077620
18386,791557,2680
18387,791557,27380
18388,791557,3720
18389,1000000,105520
18390,1000000,42020
18391,791557,1700
18392,791557,5520
18393,791557,1000
18394,791557,8790
18395,791557,3300
18396,791557,23560
18397,791557,3560
18398,791557,1010
18399,791557,1560
18400,791557,7900
18401,791557,5280
18402,1000000,46640
18403,1000000,64180
18404,1000000,58500
18405,791557,3020
18406,791557,1000
18407,791557,5360
18408,791557,4860
18409,791557,6940
18410,1000000,118920
18411,1000000,45620
18412,791557,7600
18413,791557,1050
18414,791557,29840
18415,791557,9040
18416,791557,13460
18417,791557,22240
18418,791557,6140
18419,791557,29420
18420,791557,3110
18421,1000000,207700
18422,1000000,109500
18423,791557,21750
18424,1000000,55640
18425,791557,6580
18426,791557,1000
18427,1000000,65280
18428,1000000,34520
18429,791557,2900
18430,791557,5320
18431,791557,20920
18432,791557,3700
18433,791557,8740
18434,791557,7020
18435,1000000,100560
18436,791557,4080
18437,791557,11040
18438,791557,1400
18439,791557,4960
18440,791557,12320
18441,1000000,42760
18442,791557,1000
18443,791557,22250
18444,1000000,86480
18445,791557,15640
18446,791557,13020
18447,791557,1050
18448,791557,3760
18449,791557,4840
18450,1000000,85090
18451,791557,2060
18452,1000000,220870
18453,791557,12620
18454,791557,2170
18455,791557,7680
18456,1000000,49780
18457,791557,7890
18458,1000000,50380
18459,791557,7470
18460,791557,11660
18461,1000000,38400
18462,1000000,112940
18463,791557,1080
18464,791557,19080
18465,791557,10620
18466,791557,4140
18467,791557,1660
18468,791557,3340
18469,1000000,58200
18470,791557,17140
18471,1000000,87560
18472,791557,1960
18473,791557,8700
18474,791557,14320
18475,791557,5420
18476,791557,2120
18477,791557,6260
18478,791557,14780
18479,791557,5820
18480,791557,4600
18481,791557,7060
18482,1000000,49060
18483,1000000,180150
18484,791557,1000
18485,791557,2740
18486,791557,2380
18487,1000000,105480
18488,791557,1980
18489,791557,5070
18490,791557,3040
18491,791557,5880
18492,791557,1000
18493,791557,3600
18494,791557,4060
18495,791557,5820
18496,791557,10730
18497,791557,18960
18498,791557,3640
18499,791557,5980
18500,791557,2310
18501,1000000,111220
18502,791557,4560
18503,791557,1000
18504,791557,27940
18505,791557,5400
18506,1000000,58020
18507,1000000,70580
18508,1000000,50780
18509,1000000,79600
18510,1000000,35310
18511,791557,4460
18512,791557,1000
18513,1000000,50180
18514,1000000,117750
18515,1000000,60660
18516,791557,11560
18517,791557,1340
18518,791557,7680
18519,791557,1140
18520,791557,8300
18521,1000000,284290
18522,791557,1060
18523,791557,5040
18524,791557,3120
18525,791557,1380
18526,1000000,101520
18527,791557,1000
18528,791557,1260
18529,791557,1900
18530,791557,1120
18531,791557,5240
18532,791557,1200
18533,791557,8220
18534,1000000,37840
18535,791557,2820
18536,791557,15930
18537,1000000,52220
18538,791557,3220
18539,791557,10240
18540,1000000,188530
18541,791557,2380
18542,791557,6520
18543,791557,18210
18544,1000000,83200
18545,791557,19960
18546,791557,17800
18547,791557,10030
18548,791557,16240
18549,791557,6940
18550,791557,1530
18551,791557,11700
18552,791557,1980
18553,791557,7220
18554,791557,5240
18555,791557,8660
18556,791557,5930
18557,791557,1160
18558,791557,10140
18559,791557,3660
18560,1000000,218330
18561,1000000,80140
18562,791557,10230
18563,791557,8700
18564,791557,8920
18565,1000000,38580
18566,791557,12440
18567,1000000,62780
18568,791557,4160
18569,1000000,142060
18570,791557,1140
18571,791557,10080
18572,1000000,30840
18573,791557,26420
18574,791557,1730
18575,791557,19450
18576,1000000,84980
18577,1000000,161340
18578,791557,4180
18579,791557,9980
18580,791557,1160
18581,791557,4900
18582,791557,6520
18583,1000000,41260
18584,791557,2000
18585,791557,24460
18586,791557,4760
18587,791557,7340
18588,791557,7450
18589,791557,1880
18590,791557,1000
18591,791557,11140
18592,791557,2220
18593,1000000,382880
18594,791557,1000
18595,791557,2990
18596,791557,10540
18597,791557,18800
18598,791557,1000
18599,791557,2520
18600,791557,5440
18601,791557,1920
18602,791557,5680
18603,791557,8160
18604,791557,12060
18605,1000000,585810
18606,791557,3740
18607,791557,3480
18608,791557,2030
18609,1000000,106680
18610,791557,19740
18611,1000000,34000
18612,791557,3400
18613,791557,5280
18614,791557,10780
18615,791557,1580
18616,791557,3780
18617,791557,5360
18618,791557,4500
18619,1000000,46880
18620,791557,1140
18621,791557,7160
18622,791557,4600
18623,791557,12840
18624,791557,15760
18625,791557,1010
18626,791557,2140
18627,791557,4880
18628,791557,11240
18629,1000000,106350
18630,791557,5280
18631,791557,6450
18632,791557,6280
18633,791557,17300
18634,791557,1000
18635,791557,1600
18636,791557,1480
18637,791557,4870
18638,791557,8530
18639,791557,27620
18640,791557,1460
18641,1000000,46150
18642,791557,26140
18643,791557,7220
18644,791557,4240
18645,791557,25860
18646,791557,23080
18647,791557,20100
18648,791557,8060
18649,791557,14020
18650,791557,1140
18651,1000000,100780
18652,791557,12720
18653,1000000,111120
18654,791557,1020
18655,791557,2270
18656,791557,1000
18657,1000000,63680
18658,791557,1820
18659,791557,22680
18660,791557,17220
18661,791557,17940
18662,791557,6810
18663,1000000,52060
18664,791557,1960
18665,1000000,31710
18666,1000000,97350
18667,791557,5440
18668,791557,23940
18669,791557,3440
18670,1000000,50860
18671,791557,18220
18672,791557,3460
18673,791557,20140
18674,791557,14700
18675,791557,13680
18676,791557,3040
18677,791557,1170
18678,791557,13060
18679,791557,1830
18680,791557,25740
18681,791557,1640
18682,791557,5330
18683,791557,3440
18684,791557,5010
18685,1000000,123660
18686,791557,8090
18687,791557,6320
18688,1000000,119800
18689,791557,12420
18690,791557,1200
18691,791557,23700
18692,791557,1540
18693,1000000,34700
18694,791557,1000
18695,791557,6920
18696,791557,28240
18697,791557,2300
18698,791557,4120
18699,791557,2230
18700,791557,3280
18701,1000000,95440
18702,1000000,44100
18703,791557,1880
18704,791557,5360
18705,791557,5200
18706,1000000,51880
18707,791557,15180
18708,791557,5210
18709,791557,13000
18710,1000000,93300
18711,1000000,85900
18712,791557,11630
18713,791557,5460
18714,1000000,139080
18715,791557,3480
18716,791557,7580
18717,791557,1810
18718,791557,2600
18719,791557,14180
18720,1000000,118020
18721,791557,7060
18722,791557,4280
18723,791557,12920
18724,791557,2260
18725,791557,2520
18726,791557,6520
18727,791557,1440
18728,791557,4640
18729,791557,3000
18730,791557,10320
18731,1000000,109460
18732,791557,8220
18733,1000000,49580
18734,791557,9740
18735,791557,7940
18736,791557,2020
18737,791557,14290
18738,791557,3460
18739,791557,23680
18740,791557,1000
18741,791557,1110
18742,791557,2360
18743,791557,1540
18744,791557,2250
18745,791557,24780
18746,791557,2540
18747,791557,1620
18748,791557,5620
18749,791557,12480
18750,791557,11840
18751,791557,1680
18752,791557,4400
18753,1000000,86090
18754,791557,5980
18755,791557,1000
18756,791557,1000
18757,1000000,81880
18758,791557,3140
18759,791557,3820
18760,791557,25320
18761,791557,1140
18762,1000000,206000
18763,791557,11540
18764,791557,2170
18765,791557,10410
18766,791557,10270
18767,791557,18330
18768,791557,13360
18769,791557,1000
18770,791557,16190
18771,1000000,70860
18772,1000000,40480
18773,791557,12800
18774,791557,9110
18775,791557,1280
18776,791557,1920
18777,791557,7780
18778,791557,1060
18779,1000000,36280
18780,791557,4880
18781,1000000,47910
18782,791557,18420
18783,791557,7880
18784,1000000,151640
18785,1000000,148780
18786,791557,6700
18787,791557,15340
18788,791557,6240
18789,791557,3080
18790,791557,18070
18791,1000000,32300
18792,1000000,199640
18793,791557,6800
18794,1000000,47240
18795,791557,6020
18796,1000000,62240
18797,2504,2500000
18798,791557,3750
18799,791557,7740
18800,791557,3780
18801,791557,10300
18802,791557,2480
18803,791557,7460
18804,791557,1510
18805,791557,1730
18806,1000000,36830
18807,1000000,53620
18808,791557,24920
18809,791557,2440
18810,791557,9700
18811,791557,9700
18812,791557,1320
18813,791557,1340
18814,791557,10960
18815,791557,3280
18816,791557,1640
18817,791557,4020
18818,791557,17600
18819,791557,4140
18820,791557,11440
18821,791557,8100
18822,791557,1760
18823,791557,3180
18824,1000000,32250
18825,791557,1260
18826,791557,22860
18827,791557,7660
18828,791557,18320
18829,791557,25050
18830,1000000,34200
18831,1000000,58060
18832,791557,1720
18833,791557,5570
18834,791557,15760
18835,791557,2200
18836,791557,22080
18837,791557,1010
18838,791557,6520
18839,1000000,73600
18840,791557,11780
18841,791557,1030
18842,1000000,96380
18843,791557,1000
18844,791557,3600
18845,791557,1180
18846,791557,3660
18847,791557,5220
18848,791557,3380
18849,791557,17120
18850,791557,2000
18851,791557,1620
18852,791557,6020
18853,791557,7270
18854,1000000,32360
18855,791557,3080
18856,791557,1020
18857,791557,9670
18858,1000000,43420
18859,791557,1000
18860,791557,23820
18861,1000000,53420
18862,1000000,197980
18863,791557,28180
18864,791557,2950
18865,791557,20280
18866,791557,19840
18867,1000000,81160
18868,791557,1830
18869,1000000,85160
18870,791557,24540
18871,791557,2080
18872,791557,1490
18873,1000000,263060
18874,791557,6460
18875,791557,2140
18876,791557,5700
18877,791557,3560
18878,791557,1250
18879,791557,2700
18880,791557,6560
18881,791557,25040
18882,791557,11010
18883,1000000,304450
18884,1000000,33380
18885,791557,13040
18886,791557,7720
18887,1000000,41280
18888,791557,6580
18889,1000000,37040
18890,791557,2400
18891,791557,20280
18892,791557,3060
18893,791557,5420
18894,791557,3360
18895,1000000,126150
18896,1000000,330660
18897,791557,1260
18898,1000000,47080
18899,791557,4650
18900,1000000,55700
18901,791557,6800
18902,1000000,34600
18903,791557,2120
18904,791557,1280
18905,791557,2130
18906,791557,1970
18907,791557,1600
18908,791557,5470
18909,791557,8960
18910,791557,6600
18911,791557,4600
18912,1000000,32120
18913,791557,1620
18914,1000000,311530
18915,791557,20480
18916,791557,1000
18917,791557,2920
18918,791557,9020
18919,791557,5290
18920,791557,14780
18921,791557,5100
18922,791557,14700
18923,791557,7020
18924,791557,4320
18925,1000000,88020
18926,791557,4700
18927,791557,13400
18928,791557,15100
18929,791557,14440
18930,791557,3380
18931,791557,5240
18932,791557,3940
18933,791557,6830
18934,791557,18380
18935,791557,3050
18936,791557,1520
18937,791557,7970
18938,791557,2560
18939,1000000,94850
18940,791557,2940
18941,791557,15900
18942,1000000,32060
18943,791557,18320
18944,791557,3360
18945,791557,6940
18946,791557,4280
18947,791557,3240
18948,791557,3520
18949,791557,17060
18950,1000000,380800
18951,791557,9820
18952,1000000,86660
18953,791557,9780
18954,791557,8000
18955,791557,3880
18956,1000000,110440
18957,791557,5380
18958,791557,9780
18959,791557,18280
18960,791557,8600
18961,791557,8660
18962,791557,1160
18963,791557,4060
18964,1000000,161870
18965,791557,5410
18966,791557,1360
18967,1000000,33140
18968,791557,1020
18969,791557,13640
18970,791557,3040
18971,791557,2480
18972,791557,21990
18973,1000000,53640
18974,1000000,44560
18975,1000000,71060
18976,791557,4200
18977,791557,23200
18978,791557,5000
18979,791557,10680
18980,791557,3260
18981,791557,2520
18982,791557,1090
18983,791557,1040
18984,1000000,59080
18985,1000000,323540
18986,791557,12230
18987,791557,4780
18988,1000000,63800
18989,791557,1000
18990,1000000,77140
18991,791557,3860
18992,791557,2540
18993,1000000,44770
18994,791557,8580
18995,791557,17440
18996,791557,12780
18997,791557,7800
18998,791557,1000
18999,791557,4740
19000,791557,7680
19001,791557,11260
19002,1000000,97760
19003,791557,6600
19004,791557,1680
19005,791557,1000
19006,791557,27280
19007,791557,4100
19008,791557,6180
19009,791557,3580
19010,791557,11540
19011,791557,2220
19012,791557,1000
19013,1000000,40310
19014,1000000,97040
19015,1000000,48360
19016,791557,5000
19017,791557,25140
19018,791557,26540
19019,791557,3100
19020,791557,2380
19021,791557,2400
19022,791557,9140
19023,791557,20050
19024,791557,4500
19025,791557,20080
19026,791557,29840
19027,791557,3460
19028,791557,3360
19029,791557,1780
19030,791557,4480
19031,1000000,539220
19032,791557,20260
19033,791557,1280
19034,791557,1390
19035,791557,3140
19036,791557,5780
19037,791557,17340
19038,791557,10880
19039,1000000,171540
19040,791557,2740
19041,1000000,107540
19042,791557,3940
19043,791557,5000
19044,791557,4280
19045,791557,1480
19046,791557,1660
19047,791557,1580
19048,1000000,132680
19049,1000000,35120
19050,1000000,255500
19051,791557,3460
19052,791557,1710
19053,791557,9150
19054,791557,2890
19055,791557,8380
19056,791557,4200
19057,791557,4600
19058,791557,15770
19059,791557,2320
19060,791557,1000
19061,791557,2520
19062,791557,17680
19063,791557,1440
19064,791557,10720
19065,791557,5140
19066,791557,13760
19067,791557,8620
19068,791557,1280
19069,791557,12500
19070,791557,8020
19071,791557,15810
19072,791557,7560
19073,791557,1980
19074,1000000,46260
19075,1000000,52170
19076,1000000,69790
19077,1000000,65570
19078,791557,3140
19079,791557,5680
19080,1000000,41160
19081,791557,5000
19082,791557,10280
19083,791557,28410
19084,791557,4760
19085,791557,21860
19086,1000000,45780
19087,1000000,98480
19088,791557,3740
19089,791557,3020
19090,791557,22340
19091,791557,24940
19092,791557,2340
19093,791557,7440
19094,791557,2060
19095,791557,3040
19096,1000000,36740
19097,791557,29880
19098,791557,4280
19099,791557,2470
19100,791557,19590
19101,1000000,35680
19102,791557,9270
19103,791557,3110
19104,791557,5720
19105,791557,14680
19106,1000000,62700
19107,791557,10060
19108,791557,2920
19109,1000000,39500
19110,1000000,96540
19111,791557,4870
19112,791557,2490
19113,791557,9440
19114,791557,1020
19115,1000000,71560
19116,791557,5520
19117,791557,19950
19118,1000000,44960
19119,1000000,36210
19120,791557,1090
19121,1000000,206940
19122,1000000,104680
19123,1000000,54100
19124,1000000,69760
19125,791557,7680
19126,791557,10220
19127,791557,20920
19128,791557,20860
19129,791557,1420
19130,791557,2520
19131,1000000,134840
19132,791557,3060
19133,1000000,72340
19134,791557,2750
19135,791557,12500
19136,791557,4980
19137,791557,3440
19138,791557,3930
19139,791557,16170
19140,791557,3000
19141,1000000,42400
19142,791557,28620
19143,791557,21820
19144,791557,13240
19145,791557,2440
19146,791557,2330
19147,791557,4540
19148,791557,7540
19149,1000000,57020
19150,791557,2620
19151,791557,3740
19152,791557,2970
19153,791557,13140
19154,791557,26300
19155,791557,17260
19156,1000000,59040
19157,791557,24080
19158,1000000,208760
19159,791557,4000
19160,791557,2380
19161,1000000,42070
19162,791557,13320
19163,791557,4340
19164,791557,15760
19165,791557,13100
19166,1000000,47390
19167,791557,2480
19168,791557,16790
19169,791557,6700
19170,791557,1450
19171,791557,2800
19172,1000000,39200
19173,791557,1380
19174,791557,3600
19175,1000000,73060
19176,791557,1000
19177,791557,2840
19178,791557,8920
19179,1000000,73140
19180,1000000,289100
19181,791557,7990
19182,1000000,51240
19183,791557,23160
19184,791557,24100
19185,1000000,33100
19186,1000000,66700
19187,791557,3880
19188,791557,14400
19189,791557,4080
19190,791557,3330
19191,791557,9000
19192,791557,1000
19193,791557,10070
19194,791557,1020
19195,791557,1000
19196,791557,2780
19197,791557,1600
19198,791557,4810
19199,791557,20880
19200,1000000,121620
19201,791557,16590
19202,791557,1010
19203,791557,8860
19204,791557,16500
19205,791557,6040
19206,1000000,50000
19207,1000000,40350
19208,791557,8880
19209,791557,1300
19210,791557,6440
19211,791557,1000
19212,791557,7280
19213,1000000,55230
19214,791557,1160
19215,1000000,59680
19216,791557,2290
19217,791557,3320
19218,791557,1400
19219,791557,2660
19220,791557,2060
19221,1000000,36360
19222,791557,4200
19223,791557,4420
19224,791557,3820
19225,791557,7300
19226,791557,5250
19227,791557,1360
19228,791557,14420
19229,791557,7140
19230,791557,2800
19231,791557,3400
19232,791557,4100
19233,791557,1010
19234,791557,4050
19235,791557,2060
19236,791557,7080
19237,791557,1480
19238,791557,4360
19239,791557,9880
19240,791557,2240
19241,791557,11420
19242,791557,1000
19243,791557,14270
19244,791557,10720
19245,791557,1800
19246,791557,2000
19247,791557,2480
19248,1000000,36440
19249,791557,1720
19250,791557,5180
19251,791557,6620
19252,791557,5660
19253,791557,3190
19254,791557,2120
19255,791557,2200
19256,791557,1820
19257,791557,1000
19258,1000000,246210
19259,791557,1560
19260,791557,11720
19261,1000000,42730
19262,791557,4600
19263,791557,10880
19264,1000000,31250
19265,791557,9480
19266,791557,1950
19267,1000000,55700
19268,791557,24680
19269,791557,2870
19270,1000000,84410
19271,1000000,148660
19272,791557,2840
19273,791557,11000
19274,791557,29440
19275,1000000,54440
19276,791557,1320
19277,791557,3040
19278,791557,17440
19279,1000000,50700
19280,791557,7740
19281,791557,18350
19282,791557,6900
19283,791557,5620
19284,791557,6320
19285,791557,3520
19286,1000000,80120
19287,791557,2780
19288,1000000,696010
19289,791557,18240
19290,791557,1030
19291,791557,16000
19292,791557,27160
19293,791557,16220
19294,791557,27120
19295,791557,12220
19296,791557,2600
19297,1000000,73620
19298,1000000,51360
19299,791557,3980
19300,791557,15350
19301,791557,2380
19302,791557,28020
19303,791557,17040
19304,791557,9350
19305,1000000,36240
19306,791557,8520
19307,791557,2640
19308,791557,1760
19309,1000000,92260
19310,791557,4980
19311,791557,4080
19312,791557,4840
19313,1000000,38090
19314,791557,1000
19315,791557,3100
19316,791557,4080
19317,1000000,193650
19318,791557,4180
19319,791557,12080
19320,791557,3900
19321,1000000,187220
19322,791557,3680
19323,1000000,43840
19324,1000000,165920
19325,791557,3000
19326,791557,3380
19327,1000000,40620
19328,791557,1360
19329,791557,25080
19330,791557,12260
19331,791557,4170
19332,791557,3120
19333,791557,25800
19334,1000000,44340
19335,791557,1360
19336,791557,9220
19337,791557,1880
19338,791557,4780
19339,791557,8140
19340,791557,25220
19341,791557,6760
19342,791557,4900
19343,791557,11760
19344,791557,2600
19345,791557,1020
19346,791557,1320
19347,1000000,79260
19348,791557,3430
19349,791557,2040
19350,791557,16000
19351,791557,8420
19352,1000000,127340
19353,1000000,66520
19354,791557,1000
19355,1000000,42840
19356,1000000,353820
19357,791557,1200
19358,791557,19390
19359,1000000,43500
19360,791557,2820
19361,1000000,70560
19362,1000000,688080
19363,1000000,81750
19364,791557,1010
19365,791557,7800
19366,791557,26680
19367,1000000,32960
19368,791557,1780
19369,791557,11140
19370,791557,4990
19371,791557,5550
19372,791557,1340
19373,1000000,63780
19374,1000000,32420
19375,1000000,81940
19376,791557,3740
19377,791557,4960
19378,1000000,31330
19379,791557,6520
19380,791557,2360
19381,791557,1750
19382,791557,7220
19383,791557,7580
19384,791557,6860
19385,791557,1320
19386,791557,7680
19387,791557,9560
19388,791557,2890
19389,791557,20440
19390,791557,9420
19391,1000000,265220
19392,1000000,45560
19393,791557,27420
19394,1000000,88600
19395,791557,8240
19396,791557,16920
19397,791557,4520
19398,791557,1860
19399,1000000,132080
19400,791557,2960
19401,791557,2500
19402,791557,23980
19403,791557,7620
19404,1000000,96720
19405,791557,8340
19406,791557,1280
19407,791557,4040
19408,791557,3720
19409,791557,3620
19410,1000000,43090
19411,791557,3480
19412,791557,3120
19413,791557,3100
19414,791557,8680
19415,791557,3070
19416,1000000,76640
19417,791557,9760
19418,791557,2880
19419,791557,7570
19420,791557,1200
19421,791557,8680
19422,791557,2860
19423,791557,18100
19424,1000000,99980
19425,791557,14360
19426,791557,12060
19427,791557,1160
19428,1000000,58980
19429,791557,25560
19430,791557,1080
19431,791557,6200
19432,1000000,30120
19433,1000000,108230
19434,791557,5720
19435,1000000,204160
19436,791557,9080
19437,791557,27940
19438,791557,1000
19439,791557,15930
19440,1000000,76820
19441,791557,11190
19442,791557,1940
19443,791557,16180
19444,791557,3530
19445,791557,3380
19446,1000000,127660
19447,1000000,57070
19448,791557,1540
19449,791557,3040
19450,791557,9840
19451,1000000,209210
19452,791557,9720
19453,791557,12500
19454,791557,8020
19455,791557,12660
19456,791557,22220
19457,791557,7660
19458,791557,16450
19459,791557,2360
19460,791557,8420
19461,791557,4600
19462,791557,1020
19463,791557,6860
19464,791557,3040
19465,1000000,33160
19466,791557,10180
19467,791557,3860
19468,791557,6300
19469,791557,5660
19470,791557,2880
19471,1000000,107740
19472,1000000,34000
19473,791557,3620
19474,791557,3340
19475,1000000,40920
19476,791557,16400
19477,791557,13460
19478,1000000,85180
19479,791557,7460
19480,1000000,102840
19481,1000000,65740
19482,1000000,246520
19483,791557,12030
19484,791557,1900
19485,1000000,41680
19486,791557,2500
19487,791557,20380
19488,791557,1140
19489,791557,3700
19490,1000000,68960
19491,1000000,88020
19492,791557,6680
19493,791557,28630
19494,1000000,33520
19495,791557,3340
19496,791557,5180
19497,791557,4600
19498,791557,28620
19499,791557,11200
19500,791557,10180
19501,791557,4100
19502,791557,18200
19503,791557,2190
19504,791557,4800
19505,791557,7860
19506,1000000,73360
19507,791557,8260
19508,1000000,44640
19509,1000000,147880
19510,791557,5400
19511,791557,3540
19512,791557,3670
19513,1000000,38080
19514,791557,3260
19515,1000000,51400
19516,1000000,43740
19517,791557,3840
19518,791557,22740
19519,791557,12250
19520,1000000,175070
19521,791557,8360
19522,791557,7400
19523,1000000,197920
19524,791557,5020
19525,791557,4720
19526,791557,21280
19527,791557,6860
19528,791557,6320
19529,791557,1000
19530,791557,12790
19531,791557,4860
19532,791557,6960
19533,791557,1780
19534,791557,4470
19535,1000000,65330
19536,791557,6000
19537,791557,2600
19538,791557,13420
19539,791557,9180
19540,1000000,43260
19541,791557,5500
19542,791557,7720
19543,791557,25000
19544,791557,3880
19545,791557,3600
19546,791557,27820
19547,791557,3240
19548,791557,2450
19549,791557,6720
19550,1000000,413490
19551,791557,6740
19552,791557,11020
19553,791557,2740
19554,1000000,30360
19555,1000000,76840
19556,791557,3100
19557,791557,2670
19558,791557,1140
19559,1000000,42120
19560,791557,4100
19561,791557,29320
19562,791557,22480
19563,791557,4540
19564,791557,21620
19565,791557,13940
19566,1000000,52840
19567,791557,3120
19568,791557,6640
19569,791557,1650
19570,1000000,66040
19571,791557,1990
19572,1000000,50460
19573,791557,5940
19574,791557,11600
19575,791557,13440
19576,1000000,58780
19577,791557,11390
19578,791557,2020
19579,1000000,101260
19580,1000000,46200
19581,791557,4480
19582,791557,2020
19583,791557,5300
19584,791557,16200
19585,791557,4150
19586,1000000,41920
19587,791557,3100
19588,791557,2790
19589,1000000,77820
19590,791557,3240
19591,791557,3200
19592,1000000,119840
19593,791557,6730
19594,791557,8240
19595,791557,5700
19596,791557,4340
19597,791557,9290
19598,791557,3920
19599,791557,4900
19600,791557,5830
19601,791557,3280
19602,1000000,48100
19603,791557,2580
19604,1000000,346580
19605,791557,5070
19606,1000000,82080
19607,791557,1060
19608,1000000,130250
19609,791557,19840
19610,791557,10520
19611,791557,14400
19612,791557,4160
19613,791557,10060
19614,791557,1280
19615,791557,20080
19616,1000000,59120
19617,791557,9520
19618,791557,11520
19619,791557,3340
19620,791557,2060
19621,791557,1000
19622,791557,9200
19623,1000000,81600
19624,791557,11100
19625,791557,7380
19626,791557,6300
19627,1000000,70940
19628,791557,16060
19629,1000000,102940
19630,791557,2980
19631,1000000,109000
19632,791557,4460
19633,791557,3300
19634,791557,3620
19635,1000000,181420
19636,791557,15980
19637,791557,21980
19638,791557,7240
19639,791557,1420
19640,791557,16140
19641,791557,1000
19642,791557,3980
19643,791557,2590
19644,791557,1640
19645,1000000,154160
19646,791557,1400
19647,791557,2940
19648,791557,3600
19649,791557,1030
19650,791557,5300
19651,791557,1920
19652,1000000,36020
19653,791557,1000
19654,791557,20450
19655,791557,8460
19656,1000000,59880
19657,791557,1320
19658,791557,18890
19659,791557,1380
19660,1000000,46960
19661,1000000,67410
19662,791557,12620
19663,791557,2860
19664,791557,17900
19665,791557,6960
19666,791557,2210
19667,1000000,41290
19668,791557,3040
19669,791557,23800
19670,1000000,137820
19671,791557,3310
19672,1000000,74600
19673,791557,1840
19674,1000000,395540
19675,791557,1000
19676,791557,1680
19677,791557,1000
19678,791557,29250
19679,791557,1220
19680,791557,17320
19681,791557,5200
19682,791557,7960
19683,791557,12380
19684,1000000,76580
19685,791557,7720
19686,791557,5360
19687,791557,4170
19688,791557,3640
19689,791557,3100
19690,791557,13220
19691,791557,7160
19692,791557,6840
19693,791557,8430
19694,791557,26960
19695,1000000,167760
19696,791557,7760
19697,1000000,46310
19698,791557,26080
19699,791557,1080
19700,1000000,93840
19701,791557,9940
19702,791557,3150
19703,1000000,215910
19704,791557,5070
19705,791557,2460
19706,791557,2910
19707,791557,12840
19708,791557,1400
19709,791557,21120
19710,791557,10210
19711,791557,19010
19712,791557,3580
19713,791557,6340
19714,791557,25080
19715,791557,11420
19716,791557,3120
19717,791557,11910
19718,1000000,36950
19719,1000000,214740
19720,791557,2680
19721,1000000,35720
19722,791557,1120
19723,791557,5020
19724,791557,1360
19725,791557,3080
19726,1000000,322920
19727,1000000,43920
19728,791557,2360
19729,791557,1640
19730,791557,2680
19731,1000000,47900
19732,791557,8260
19733,791557,22840
19734,791557,1360
19735,1000000,41900
19736,791557,4370
19737,791557,8510
19738,791557,1390
19739,791557,2060
19740,791557,16220
19741,1000000,89100
19742,791557,1020
19743,791557,21180
19744,791557,8780
19745,1000000,102880
19746,791557,7320
19747,791557,6420
19748,791557,2440
19749,791557,14120
19750,791557,9560
19751,1000000,56440
19752,791557,3260
19753,791557,3330
19754,791557,9700
19755,1000000,268680
19756,791557,6180
19757,791557,9680
19758,791557,6810
19759,791557,2420
19760,791557,23920
19761,791557,2600
19762,1000000,105040
19763,791557,5120
19764,1000000,56880
19765,791557,7800
19766,791557,11600
19767,1000000,77240
19768,1000000,54100
19769,791557,2750
19770,791557,4020
19771,1000000,36280
19772,791557,4560
19773,791557,17440
19774,791557,3000
19775,791557,1060
19776,791557,14770
19777,1000000,57520
19778,791557,9980
19779,791557,15800
19780,1000000,33260
19781,791557,2740
19782,791557,18640
19783,791557,12040
19784,791557,2060
19785,791557,5930
19786,791557,2340
19787,791557,24120
19788,1000000,34920
19789,791557,2320
19790,791557,3040
19791,791557,13090
19792,791557,29240
19793,791557,4550
19794,791557,1020
19795,791557,1640
19796,791557,2060
19797,791557,3060
19798,791557,5860
19799,1000000,66030
19800,791557,8400
19801,791557,16440
19802,791557,11730
19803,1000000,91520
19804,791557,2000
19805,791557,3580
19806,791557,3400
19807,1000000,96160
19808,791557,18240
19809,791557,2810
19810,791557,3990
19811,1000000,92380
19812,791557,10750
19813,791557,20680
19814,791557,3500
19815,791557,1000
19816,791557,8800
19817,791557,2250
19818,1000000,61800
19819,1000000,70540
19820,1000000,60160
19821,791557,9620
19822,791557,28080
19823,791557,1280
19824,791557,14290
19825,791557,18030
19826,791557,1400
19827,791557,3000
19828,791557,8560
19829,791557,13460
19830,791557,17880
19831,1000000,79080
19832,1000000,42260
19833,791557,17600
19834,791557,27860
19835,791557,2870
19836,1000000,36380
19837,1000000,55980
19838,791557,4400
19839,791557,8460
19840,1000000,67380
19841,1000000,62290
19842,791557,2370
19843,791557,22560
19844,791557,22360
19845,791557,6360
19846,791557,14720
19847,791557,3600
19848,791557,7980
19849,791557,2590
19850,791557,1520
19851,791557,1620
19852,1000000,34280
19853,791557,1080
19854,791557,1220
19855,791557,11040
19856,1000000,541580
19857,791557,6010
19858,1000000,58160
19859,1000000,80840
19860,791557,1000
19861,791557,1300
19862,1000000,30880
19863,791557,2740
19864,791557,9920
19865,1000000,129860
19866,791557,2040
19867,1000000,57760
19868,791557,2340
19869,791557,3560
19870,791557,1020
19871,791557,3560
19872,1000000,54680
19873,791557,2060
19874,791557,23180
19875,791557,3620
19876,791557,6180
19877,1000000,94500
19878,791557,7790
19879,791557,6320
19880,791557,3280
19881,1000000,91000
19882,791557,3700
19883,791557,1040
19884,791557,28300
19885,1000000,94440
19886,791557,4000
19887,791557,14610
19888,791557,20010
19889,791557,1230
19890,1000000,197360
19891,1000000,33120
19892,791557,2840
19893,791557,3240
19894,791557,1600
19895,1000000,44140
19896,791557,4260
19897,791557,6340
19898,791557,1460
19899,791557,12680
19900,1000000,146040
19901,791557,9420
19902,791557,27380
19903,791557,4290
19904,1000000,64080
19905,791557,18140
19906,1000000,61060
19907,791557,16960
19908,791557,1000
19909,791557,4720
19910,791557,6860
19911,791557,14320
19912,1000000,78320
19913,791557,1540
19914,1000000,93820
19915,791557,2420
19916,1000000,80020
19917,791557,5100
19918,791557,2780
19919,791557,7700
19920,791557,4200
19921,791557,17940
19922,791557,2050
19923,791557,12580
19924,791557,1000
19925,791557,2380
19926,791557,1030
19927,791557,9360
19928,791557,5420
19929,791557,4370
19930,791557,1390
19931,791557,13850
19932,791557,1930
19933,1000000,61860
19934,791557,16080
19935,791557,2920
19936,791557,2240
19937,791557,9720
19938,1000000,100600
19939,1000000,115750
19940,1000000,38020
19941,791557,3640
19942,791557,6790
19943,791557,1010
19944,791557,9460
19945,791557,4150
19946,791557,1320
19947,791557,6620
19948,791557,10580
19949,791557,1620
19950,791557,12360
19951,791557,26640
19952,791557,4240
19953,791557,1620
19954,791557,28810
19955,791557,14200
19956,791557,2560
19957,791557,2720
19958,791557,12700
19959,791557,7820
19960,791557,14360
19961,791557,4800
19962,791557,5100
19963,791557,1840
19964,791557,3220
19965,791557,4320
19966,791557,4980
19967,791557,3160
19968,1000000,175920
19969,791557,12380
19970,791557,4240
19971,791557,3340
19972,791557,1460
19973,791557,7420
19974,791557,6440
19975,791557,8730
19976,1000000,34220
19977,791557,1000
19978,791557,16220
19979,1000000,42500
19980,791557,4900
19981,791557,6320
19982,791557,20320
19983,791557,1170
19984,791557,2090
19985,1000000,90340
19986,791557,3480
19987,791557,1040
19988,791557,15860
19989,791557,10260
19990,1000000,38760
19991,791557,2900
19992,791557,10120
19993,1000000,160120
19994,791557,2640
19995,791557,11120
19996,791557,3560
19997,1000000,36310
19998,791557,3700
19999,791557,20580
20000,791557,21920
20001,791557,7500
20002,1000000,75320
20003,791557,5180
20004,791557,1140
20005,1000000,64030
20006,791557,1280
20007,791557,10560
20008,1000000,52100
20009,791557,1860
20010,791557,6700
20011,791557,1120
20012,791557,21340
20013,791557,7860
20014,791557,4460
20015,791557,12130
20016,791557,15120
20017,791557,1560
20018,1000000,113680
20019,791557,2800
20020,791557,5560
20021,791557,5200
20022,791557,27580
20023,791557,8750
20024,1000000,43820
20025,791557,3600
20026,791557,1830
20027,791557,19500
20028,791557,1900
20029,791557,5260
20030,791557,7930
20031,1000000,71260
20032,791557,4120
20033,791557,14860
20034,1000000,34790
20035,791557,2440
20036,791557,3940
20037,791557,1300
20038,791557,1000
20039,791557,4760
20040,791557,3400
