1,856448,1000
2,856448,4230
3,1000000,11970
4,856448,3980
5,856448,1190
6,856448,1630
7,856448,1110
8,856448,1080
9,856448,1000
10,1000000,10150
11,1000000,12330
12,856448,4140
13,856448,1000
14,856448,1020
15,856448,1000
16,856448,1360
17,856448,1050
18,856448,1000
19,856448,1000
20,856448,1000
21,856448,2310
22,856448,2480
23,856448,1580
24,856448,1040
25,856448,9650
26,856448,1460
27,856448,1380
28,1000000,14540
29,856448,1040
30,856448,6730
31,1000000,20330
32,1000000,10310
33,856448,1000
34,856448,1010
35,856448,1000
36,856448,1000
37,856448,4440
38,856448,1000
39,856448,1010
40,856448,1000
41,856448,1000
42,856448,1000
43,856448,1000
44,856448,1080
45,1000000,34180
46,856448,1370
47,856448,2780
48,856448,8530
49,856448,1560
50,856448,6110
51,856448,5070
52,1000000,12040
53,856448,1000
54,1000000,51950
55,856448,1000
56,856448,4180
57,856448,1000
58,856448,1000
59,1000000,15200
60,856448,4800
61,1000000,13480
62,856448,1000
63,856448,1770
64,856448,1190
65,1000000,14440
66,856448,1910
67,856448,6600
68,856448,1000
69,1000000,115310
70,1000000,11850
71,856448,1000
72,856448,8590
73,856448,1000
74,856448,5350
75,856448,1500
76,856448,1020
77,1000000,89710
78,1000000,29330
79,856448,1210
80,1000000,175610
81,856448,1000
82,856448,1000
83,856448,2510
84,1000000,14150
85,1000000,29080
86,856448,5700
87,856448,1040
88,1000000,21100
89,856448,2120
90,856448,1000
91,856448,1820
92,856448,2720
93,1000000,12890
94,1000000,40910
95,1587,2500000
96,856448,4430
97,856448,8680
98,856448,1000
99,856448,1000
100,856448,1000
101,856448,1000
102,856448,1000
103,856448,1010
104,856448,1320
105,856448,1000
106,856448,1390
107,856448,1020
108,856448,1000
109,856448,3570
110,856448,1000
111,856448,1000
112,856448,1110
113,856448,1590
114,856448,1040
115,856448,1030
116,856448,1760
117,856448,2870
118,856448,1080
119,856448,2210
120,856448,1060
121,1000000,104520
122,856448,1010
123,856448,1760
124,856448,1000
125,856448,3640
126,856448,7710
127,856448,1000
128,856448,1150
129,856448,1000
130,856448,1000
131,856448,2340
132,1000000,31070
133,856448,1000
134,856448,1140
135,1000000,14690
136,856448,2780
137,1000000,20500
138,856448,1000
139,856448,6160
140,856448,1020
141,856448,2620
142,856448,1000
143,856448,1000
144,856448,1030
145,856448,1020
146,856448,1890
147,856448,5570
148,1000000,22220
149,856448,1850
150,856448,2500
151,856448,2390
152,856448,1020
153,856448,6780
154,1000000,57280
155,856448,3220
156,856448,2400
157,1000000,22120
158,856448,1000
159,856448,1190
160,856448,1000
161,856448,2150
162,856448,3250
163,856448,1200
164,856448,1020
165,856448,4060
166,856448,1000
167,1000000,11450
168,856448,2400
169,856448,4910
170,856448,5530
171,856448,3570
172,856448,2010
173,856448,1000
174,856448,5480
175,856448,1000
176,1000000,14880
177,856448,1210
178,856448,6150
179,856448,1980
180,856448,1720
181,856448,2670
182,1000000,12210
183,856448,1090
184,856448,1000
185,856448,1000
186,856448,1040
187,856448,3290
188,856448,1970
189,856448,1000
190,856448,1200
191,856448,2550
192,1000000,54990
193,856448,1920
194,856448,1000
195,856448,6730
196,1000000,23000
197,1000000,10400
198,856448,1000
199,1000000,25700
200,856448,1030
201,856448,1000
202,856448,1510
203,856448,1000
204,856448,1100
205,856448,1320
206,856448,2590
207,856448,1000
208,856448,1020
209,856448,1310
210,856448,2830
211,856448,1580
212,856448,1210
213,856448,2670
214,1000000,38040
215,856448,1000
216,856448,1680
217,856448,3190
218,856448,1330
219,1000000,66530
220,856448,4340
221,856448,2140
222,1000000,13650
223,856448,1090
224,856448,1000
225,856448,5340
226,1000000,10940
227,856448,1000
228,856448,2310
229,856448,3470
230,856448,1000
231,856448,1460
232,856448,4090
233,1000000,28220
234,856448,2020
235,856448,1020
236,856448,1010
237,856448,1060
238,856448,9650
239,856448,1000
240,856448,1670
241,856448,1830
242,856448,1000
243,1000000,17120
244,1000000,22030
245,856448,1030
246,856448,2200
247,856448,1070
248,1000000,49610
249,856448,1860
250,856448,1000
251,1000000,28710
252,856448,5690
253,856448,1000
254,856448,1010
255,856448,1010
256,856448,7970
257,856448,3550
258,856448,1450
259,856448,4170
260,856448,1000
261,856448,1010
262,856448,1000
263,856448,1000
264,856448,1000
265,856448,1110
266,856448,1290
267,1000000,26250
268,1000000,18570
269,856448,1000
270,1000000,39980
271,856448,4330
272,856448,1180
273,856448,1160
274,856448,4330
275,856448,5340
276,1000000,41250
277,856448,9880
278,856448,2720
279,856448,1000
280,856448,1010
281,856448,1410
282,856448,2390
283,856448,5470
284,856448,9490
285,1000000,24370
286,856448,2330
287,856448,2390
288,856448,1000
289,856448,1000
290,1000000,31570
291,856448,9450
292,856448,1020
293,856448,2390
294,856448,4830
295,856448,1040
296,1000000,21830
297,856448,1000
298,1000000,180480
299,856448,1000
300,856448,1000
301,856448,1090
302,856448,6110
303,856448,4140
304,856448,1030
305,1000000,68260
306,856448,1030
307,856448,3990
308,856448,3110
309,856448,1000
310,856448,1000
311,856448,1980
312,856448,5860
313,856448,2720
314,856448,1000
315,856448,1000
316,856448,1100
317,856448,8600
318,856448,3100
319,856448,9370
320,856448,1030
321,856448,1000
322,856448,1000
323,856448,4130
324,1000000,54200
325,856448,2430
326,856448,1090
327,1000000,16300
328,856448,1020
329,1000000,10140
330,856448,1000
331,1000000,37920
332,856448,1220
333,856448,1000
334,1000000,34600
335,856448,1000
336,856448,1000
337,856448,6250
338,856448,4060
339,856448,3280
340,856448,1000
341,856448,6130
342,856448,1190
343,856448,4890
344,856448,5050
345,856448,1000
346,856448,8420
347,1000000,32120
348,856448,1180
349,856448,1000
350,856448,1150
351,856448,1010
352,1000000,14090
353,856448,1340
354,856448,1240
355,856448,1000
356,856448,1000
357,1000000,30670
358,856448,5130
359,856448,8100
360,856448,1090
361,856448,8140
362,856448,1000
363,856448,1200
364,1000000,64610
365,1000000,179980
366,1000000,22880
367,856448,1000
368,856448,1410
369,856448,3340
370,1000000,158680
371,1000000,90560
372,856448,1390
373,856448,1000
374,856448,1000
375,856448,3280
376,856448,1000
377,1000000,11720
378,856448,1310
379,856448,1000
380,856448,2050
381,856448,2350
382,856448,1000
383,856448,7140
384,856448,1040
385,856448,3440
386,856448,2540
387,856448,2630
388,856448,1000
389,856448,1030
390,856448,1040
391,856448,1000
392,856448,1000
393,856448,1000
394,1000000,12050
395,856448,2830
396,1000000,13860
397,856448,1000
398,856448,7890
399,856448,1000
400,856448,1000
401,856448,8830
402,856448,1000
403,1000000,17560
404,856448,3570
405,856448,1960
406,1000000,86910
407,856448,5170
408,1000000,19250
409,1000000,23190
410,856448,2310
411,856448,1320
412,856448,1000
413,1000000,27480
414,1000000,35000
415,856448,7010
416,856448,2050
417,856448,1000
418,856448,1900
419,856448,1050
420,856448,9990
421,1000000,13260
422,856448,5700
423,856448,5050
424,856448,5970
425,856448,1020
426,856448,7920
427,856448,8020
428,1000000,73060
429,856448,2140
430,856448,1650
431,856448,1000
432,856448,1000
433,856448,6930
434,856448,1000
435,856448,3980
436,856448,1710
437,856448,1000
438,1000000,25940
439,1000000,11610
440,856448,1900
441,856448,1390
442,856448,4890
443,856448,5080
444,1000000,146630
445,856448,3110
446,856448,1040
447,1000000,13560
448,856448,1030
449,856448,1000
450,1000000,11960
451,856448,1030
452,856448,1000
453,1000000,37160
454,856448,3500
455,856448,1840
456,856448,4150
457,856448,1300
458,1000000,33860
459,856448,4020
460,856448,7000
461,856448,1040
462,856448,2170
463,856448,9890
464,856448,1010
465,856448,2030
466,856448,4930
467,856448,1040
468,856448,1630
469,1000000,29910
470,1000000,25850
471,856448,1520
472,856448,1000
473,856448,1340
474,856448,2480
475,856448,1370
476,856448,7270
477,1000000,12250
478,856448,4030
479,856448,7820
480,856448,1780
481,856448,3430
482,856448,1440
483,856448,1690
484,856448,4050
485,856448,1000
486,856448,2990
487,856448,1900
488,856448,1000
489,856448,1430
490,856448,5480
491,856448,4670
492,1000000,12960
493,856448,9490
494,856448,1000
495,856448,3430
496,856448,1000
497,856448,1000
498,856448,1450
499,856448,8400
500,856448,2160
501,856448,2840
502,1000000,25640
503,856448,1000
504,856448,1920
505,856448,1000
506,856448,4430
507,856448,1000
508,856448,1120
509,856448,2920
510,856448,1020
511,856448,1000
512,856448,4810
513,1000000,39520
514,856448,3040
515,856448,1000
516,856448,1000
517,1000000,13120
518,856448,1000
519,856448,2160
520,856448,1070
521,1000000,106790
522,856448,1000
523,856448,1620
524,1000000,41530
525,856448,1000
526,856448,1000
527,856448,2840
528,856448,3570
529,856448,4120
530,1000000,17680
531,856448,1000
532,856448,3570
533,856448,5780
534,856448,3440
535,856448,1520
536,856448,5390
537,856448,1420
538,856448,4570
539,856448,1000
540,1000000,33760
541,1000000,12030
542,856448,1000
543,856448,1020
544,856448,1110
545,856448,1000
546,856448,2370
547,856448,2240
548,856448,1000
549,1000000,54000
550,856448,8010
551,856448,1000
552,856448,2460
553,856448,1000
554,856448,1140
555,856448,1030
556,856448,3120
557,856448,1780
558,856448,1370
559,856448,1000
560,856448,2560
561,856448,1730
562,856448,8500
563,856448,1810
564,856448,1000
565,1000000,269290
566,856448,1000
567,856448,1000
568,856448,9200
569,856448,3950
570,856448,4960
571,856448,3460
572,856448,3000
573,856448,1320
574,1000000,62640
575,1000000,122170
576,856448,1000
577,856448,1000
578,1000000,227560
579,856448,1960
580,856448,4730
581,856448,1000
582,856448,3320
583,1000000,11260
584,1000000,13170
585,856448,1010
586,856448,1000
587,1000000,59040
588,856448,1670
589,856448,1010
590,856448,1000
591,856448,2440
592,856448,1000
593,1000000,10570
594,856448,1000
595,856448,3740
596,856448,1010
597,856448,1140
598,856448,5090
599,856448,3100
600,856448,1000
601,856448,4850
602,856448,1010
603,856448,1000
604,856448,1000
605,856448,4840
606,856448,7940
607,856448,1000
608,856448,1030
609,856448,1040
610,856448,1020
611,1000000,56880
612,856448,1000
613,856448,1790
614,856448,1020
615,856448,1000
616,1000000,14380
617,1000000,39520
618,856448,1960
619,1000000,186460
620,856448,1690
621,856448,1420
622,856448,1000
623,856448,1000
624,1000000,14890
625,856448,5810
626,1000000,36820
627,1000000,10660
628,1000000,11060
629,1000000,61250
630,856448,9020
631,856448,1760
632,1000000,23350
633,856448,1000
634,856448,1000
635,856448,1000
636,856448,1940
637,856448,6180
638,856448,1000
639,856448,1200
640,856448,1000
641,856448,1000
642,1000000,29380
643,856448,6860
644,856448,8590
645,856448,1520
646,1000000,10210
647,1000000,42140
648,856448,1150
649,856448,3050
650,856448,1210
651,1000000,97420
652,856448,1000
653,1000000,13120
654,856448,1450
655,1000000,10730
656,856448,4140
657,856448,5520
658,856448,4430
659,856448,1160
660,1000000,28720
661,856448,1690
662,856448,1190
663,856448,1170
664,856448,8180
665,856448,6560
666,1000000,16160
667,856448,2770
668,1000000,10450
669,856448,1000
670,856448,1720
671,856448,1020
672,856448,1560
673,1000000,11620
674,856448,8810
675,856448,1000
676,856448,1580
677,856448,1080
678,856448,1010
679,856448,3090
680,856448,5350
681,1000000,60900
682,856448,1030
683,856448,5170
684,856448,2750
685,856448,3320
686,856448,1890
687,1000000,66780
688,856448,3940
689,1000000,20540
690,856448,2080
691,856448,2830
692,1000000,24220
693,856448,1020
694,856448,3670
695,856448,1010
696,856448,4950
697,1000000,12470
698,1000000,13380
699,856448,3310
700,1000000,21780
701,856448,2150
702,856448,7520
703,856448,1040
704,856448,1020
705,1000000,58750
706,856448,1000
707,856448,2430
708,856448,1000
709,856448,1770
710,856448,1000
711,856448,1000
712,856448,1700
713,856448,1000
714,856448,1000
715,1000000,10610
716,856448,2510
717,856448,4360
718,1000000,11180
719,856448,1000
720,856448,1440
721,856448,1040
722,856448,1020
723,856448,1140
724,856448,1000
725,1000000,119450
726,856448,9350
727,856448,1020
728,856448,9260
729,856448,1000
730,856448,1190
731,856448,8760
732,1000000,55070
733,856448,1770
734,856448,1000
735,1000000,92210
736,856448,8340
737,856448,2400
738,856448,3380
739,1000000,22240
740,856448,1020
741,856448,4820
742,856448,3410
743,856448,1080
744,856448,7660
745,1000000,46350
746,856448,3070
747,1000000,17090
748,856448,1000
749,856448,1000
750,856448,1000
751,856448,2540
752,1000000,12260
753,856448,1230
754,856448,1000
755,856448,9120
756,856448,1370
757,856448,1570
758,856448,6460
759,856448,1000
760,1000000,12990
761,856448,6560
762,856448,2240
763,856448,1520
764,856448,2390
765,856448,5420
766,856448,1030
767,856448,1000
768,1000000,32390
769,1000000,48030
770,856448,1010
771,856448,9490
772,1000000,45120
773,856448,1000
774,856448,2410
775,1000000,22930
776,856448,5920
777,856448,2760
778,856448,2360
779,856448,2020
780,856448,1000
781,1000000,211180
782,1000000,10820
783,856448,1870
784,1000000,24500
785,856448,1010
786,856448,1000
787,856448,1000
788,856448,1020
789,856448,1570
790,856448,4150
791,856448,2050
792,856448,4360
793,856448,1000
794,856448,1990
795,856448,1000
796,856448,4270
797,856448,1000
798,1000000,99720
799,1000000,29520
800,856448,1000
801,856448,1020
802,856448,1010
803,129910,928870
804,856448,1000
805,856448,3460
806,856448,1000
807,1000000,29470
808,856448,1020
809,856448,1080
810,1000000,138450
811,856448,1000
812,856448,1000
813,856448,1200
814,1000000,11070
815,856448,6380
816,856448,2220
817,856448,2150
818,856448,1050
819,856448,1000
820,856448,3850
821,1000000,113380
822,856448,1280
823,856448,1630
824,1000000,31740
825,856448,4540
826,856448,5430
827,856448,2470
828,856448,7940
829,856448,1000
830,856448,4120
831,856448,1710
832,856448,3190
833,856448,3340
834,1000000,116860
835,1000000,17330
836,856448,1150
837,856448,1020
838,856448,1530
839,856448,3520
840,856448,1000
841,856448,1000
842,1000000,18280
843,856448,1000
844,856448,1000
845,1000000,50150
846,856448,7720
847,1000000,28610
848,856448,1720
849,856448,2120
850,856448,3270
851,856448,2080
852,856448,1010
853,856448,1010
854,856448,1000
855,856448,3600
856,1000000,10840
857,856448,1000
858,856448,4660
859,856448,1000
860,1000000,11220
861,856448,3620
862,856448,2570
863,856448,1000
864,856448,1000
865,856448,5100
866,856448,1000
867,856448,1010
868,856448,8320
869,856448,2200
870,856448,1000
871,1000000,10300
872,856448,1000
873,1000000,179490
874,856448,3210
875,856448,1530
876,856448,9720
877,1000000,31630
878,856448,4770
879,856448,1020
880,856448,2630
881,856448,1000
882,856448,1000
883,856448,2380
884,856448,1000
885,856448,4170
886,856448,4210
887,856448,3080
888,856448,7420
889,856448,3950
890,856448,2400
891,856448,1000
892,856448,4370
893,1000000,121090
894,1000000,53240
895,856448,1000
896,856448,1000
897,856448,7870
898,856448,2010
899,1000000,113460
900,1000000,115930
901,856448,1030
902,856448,1040
903,856448,1000
904,856448,2130
905,1587,2500000
906,1000000,13290
907,856448,1000
908,856448,1870
909,856448,1000
910,856448,1530
911,856448,6120
912,856448,3750
913,1000000,17080
914,856448,1610
915,856448,1000
916,856448,1040
917,856448,2820
918,856448,4430
919,856448,1000
920,1000000,10090
921,856448,1110
922,856448,1000
923,856448,1000
924,856448,1100
925,856448,1780
926,1000000,19560
927,1000000,15700
928,1000000,72790
929,856448,1300
930,1000000,17190
931,856448,6800
932,1000000,16440
933,856448,1000
934,1000000,16160
935,856448,3720
936,856448,1000
937,1000000,18860
938,856448,2550
939,856448,1310
940,1000000,16540
941,856448,4080
942,856448,1640
943,856448,6590
944,856448,1040
945,856448,1230
946,856448,1020
947,1000000,22730
948,856448,1980
949,1000000,12060
950,1000000,16980
951,856448,2350
952,856448,2100
953,856448,1000
954,856448,1940
955,856448,1000
956,856448,1440
957,856448,1000
958,856448,4890
959,856448,1000
960,1000000,39850
961,856448,2620
962,856448,1320
963,856448,7270
964,856448,5860
965,856448,3390
966,856448,1300
967,856448,1020
968,1000000,72680
969,856448,1130
970,856448,5370
971,856448,1360
972,856448,2060
973,856448,1000
974,856448,1010
975,1000000,33020
976,856448,1000
977,856448,6800
978,856448,1000
979,856448,1000
980,856448,1000
981,856448,1630
982,856448,2600
983,856448,3540
984,856448,3480
985,856448,1000
986,856448,1030
987,856448,1000
988,1000000,28500
989,856448,4120
990,856448,3200
991,856448,1000
992,856448,3770
993,1000000,14590
994,856448,4660
995,856448,1000
996,1000000,10270
997,856448,1660
998,856448,2790
999,856448,1840
1000,856448,3820
1001,856448,2200
1002,1000000,11270
1003,856448,1000
1004,1000000,65640
1005,1000000,11600
1006,856448,6800
1007,856448,1480
1008,856448,1000
1009,1000000,128680
1010,856448,8240
1011,1000000,16720
1012,1000000,17100
1013,856448,1220
1014,856448,1000
1015,856448,1900
1016,856448,1490
1017,1000000,70170
1018,856448,7230
1019,856448,1080
1020,856448,3520
1021,856448,1780
1022,1000000,64540
1023,856448,1010
1024,856448,3790
1025,856448,9880
1026,856448,2150
1027,856448,1000
1028,856448,1000
1029,856448,1270
1030,856448,1020
1031,856448,1060
1032,856448,1280
1033,856448,9510
1034,1000000,11030
1035,856448,1000
1036,856448,5120
1037,856448,5000
1038,856448,2210
1039,856448,1140
1040,856448,2050
1041,856448,3430
1042,856448,1000
1043,856448,1000
1044,856448,2680
1045,856448,1550
1046,856448,5400
1047,856448,5430
1048,856448,1080
1049,1000000,24290
1050,856448,4580
1051,856448,4490
1052,856448,1970
1053,856448,2360
1054,856448,1360
1055,1000000,24580
1056,856448,1540
1057,1000000,35270
1058,1000000,27950
1059,856448,1030
1060,856448,2700
1061,856448,2490
1062,856448,1100
1063,856448,1000
1064,856448,1000
1065,856448,1210
1066,1000000,15120
1067,856448,1240
1068,856448,1000
1069,856448,1290
1070,856448,1000
1071,856448,1740
1072,856448,1250
1073,856448,1000
1074,856448,1060
1075,856448,1000
1076,856448,1020
1077,1000000,72040
1078,856448,2070
1079,856448,1000
1080,856448,1760
1081,856448,1320
1082,856448,2070
1083,856448,3930
1084,856448,4230
1085,856448,1470
1086,856448,2120
1087,856448,8460
1088,856448,2040
1089,856448,3360
1090,856448,1000
1091,856448,2210
1092,856448,1000
1093,856448,4410
1094,1000000,11740
1095,856448,2530
1096,856448,1300
1097,856448,5190
1098,856448,1630
1099,1000000,16800
1100,856448,1000
1101,856448,1350
1102,856448,1000
1103,1000000,71680
1104,856448,1090
1105,856448,1020
1106,856448,1110
1107,856448,1000
1108,856448,1300
1109,1000000,57040
1110,1000000,19770
1111,856448,1550
1112,856448,1540
1113,856448,1240
1114,856448,1000
1115,1000000,41900
1116,856448,2550
1117,856448,1020
1118,1000000,11030
1119,856448,3010
1120,1000000,14660
1121,856448,1000
1122,856448,5450
1123,1000000,10230
1124,856448,2150
1125,1000000,18240
1126,1000000,13430
1127,1000000,13190
1128,1000000,106490
1129,856448,1090
1130,856448,8110
1131,856448,1000
1132,856448,7310
1133,856448,1000
1134,856448,2670
1135,856448,3820
1136,856448,1740
1137,1000000,10620
1138,856448,1000
1139,1000000,11250
1140,1000000,17840
1141,856448,1030
1142,1000000,77910
1143,1000000,20150
1144,856448,1030
1145,856448,6530
1146,1000000,63640
1147,856448,7770
1148,856448,1010
1149,856448,1000
1150,856448,3810
1151,856448,4530
1152,856448,1070
1153,1000000,17620
1154,856448,2260
1155,856448,1000
1156,856448,1030
1157,1000000,12260
1158,856448,1030
1159,856448,2590
1160,856448,1000
1161,1000000,15060
1162,856448,2010
1163,856448,2410
1164,856448,1000
1165,856448,3860
1166,856448,1350
1167,1000000,22150
1168,856448,1010
1169,856448,1880
1170,856448,1460
1171,1000000,131870
1172,1000000,11190
1173,1000000,39680
1174,856448,1850
1175,856448,1340
1176,856448,1020
1177,856448,1000
1178,856448,1000
1179,856448,3550
1180,1000000,11630
1181,1000000,10840
1182,1000000,54550
1183,856448,1020
1184,856448,9040
1185,856448,3460
1186,856448,1000
1187,856448,1000
1188,1000000,12290
1189,856448,8490
1190,856448,4990
1191,856448,2250
1192,1000000,25710
1193,856448,1160
1194,856448,1390
1195,856448,4790
1196,856448,1460
1197,856448,1000
1198,856448,4310
1199,856448,1000
1200,856448,2640
1201,856448,1000
1202,856448,8350
1203,856448,4950
1204,856448,1790
1205,856448,1000
1206,856448,1000
1207,856448,1030
1208,856448,1810
1209,856448,5700
1210,856448,1040
1211,856448,1670
1212,856448,1650
1213,1000000,27500
1214,856448,2420
1215,1000000,194520
1216,856448,1510
1217,1000000,34760
1218,856448,1000
1219,856448,6050
1220,856448,1000
1221,856448,6620
1222,856448,1920
1223,1000000,10480
1224,1000000,69260
1225,856448,1000
1226,1000000,41930
1227,1000000,16800
1228,1000000,30450
1229,856448,3800
1230,856448,3280
1231,856448,9280
1232,856448,1460
1233,856448,1680
1234,856448,3940
1235,856448,4200
1236,856448,1010
1237,856448,1130
1238,856448,2290
1239,856448,1030
1240,856448,8670
1241,856448,3410
1242,856448,1050
1243,856448,1130
1244,856448,1040
1245,1000000,14770
1246,856448,1030
1247,856448,1040
1248,856448,3940
1249,856448,1620
1250,1000000,10440
1251,856448,4280
1252,856448,6680
1253,856448,1000
1254,856448,1000
1255,856448,1250
1256,856448,1000
1257,856448,7540
1258,856448,1020
1259,856448,7760
1260,856448,2510
1261,856448,1060
1262,856448,1050
1263,856448,1000
1264,856448,1000
1265,856448,6310
1266,856448,1990
1267,1000000,30310
1268,1000000,25330
1269,856448,1050
1270,1000000,60430
1271,856448,2650
1272,856448,1050
1273,856448,1000
1274,1000000,12770
1275,1000000,61960
1276,856448,3730
1277,856448,4790
1278,1000000,79670
1279,856448,1000
1280,856448,1820
1281,856448,1000
1282,856448,4080
1283,856448,1070
1284,856448,1040
1285,856448,8260
1286,856448,3620
1287,856448,2580
1288,856448,1000
1289,856448,1000
1290,1000000,26560
1291,856448,1000
1292,856448,1240
1293,856448,1380
1294,856448,5210
1295,856448,9480
1296,1000000,11040
1297,856448,1470
1298,856448,7850
1299,1000000,11870
1300,1000000,10520
1301,856448,1000
1302,856448,6970
1303,856448,1000
1304,856448,1000
1305,1000000,96000
1306,856448,4200
1307,856448,2230
1308,856448,4230
1309,856448,1120
1310,856448,7520
1311,856448,1000
1312,856448,4550
1313,856448,1000
1314,856448,3300
1315,856448,5560
1316,1000000,22260
1317,856448,2530
1318,1000000,36990
1319,856448,4940
1320,856448,1840
1321,856448,1970
1322,856448,1000
1323,856448,1040
1324,856448,1040
1325,856448,6180
1326,856448,1040
1327,856448,1300
1328,856448,2830
1329,856448,1020
1330,1000000,30380
1331,856448,1000
1332,856448,1000
1333,1000000,40160
1334,1000000,10450
1335,1000000,226200
1336,856448,7340
1337,856448,1080
1338,856448,1410
1339,856448,1000
1340,856448,9440
1341,856448,1020
1342,856448,5990
1343,856448,1000
1344,856448,3320
1345,856448,2720
1346,856448,2020
1347,856448,1000
1348,856448,2520
1349,856448,2960
1350,856448,3780
1351,1000000,71370
1352,1000000,132430
1353,1000000,38440
1354,856448,2580
1355,856448,4160
1356,856448,2090
1357,856448,1760
1358,856448,1000
1359,856448,1020
1360,1000000,17370
1361,1000000,23850
1362,856448,1060
1363,856448,1010
1364,856448,1940
1365,856448,2470
1366,856448,1000
1367,856448,2250
1368,856448,1420
1369,1000000,21230
1370,856448,1040
1371,856448,6300
1372,1000000,21510
1373,856448,1430
1374,856448,1010
1375,856448,2620
1376,856448,2010
1377,856448,3810
1378,856448,1650
1379,856448,1880
1380,856448,1000
1381,1000000,29740
1382,1000000,71720
1383,856448,5110
1384,856448,2780
1385,1000000,14480
1386,856448,1780
1387,1000000,24460
1388,1000000,23000
1389,856448,1610
1390,856448,6100
1391,856448,1030
1392,856448,1000
1393,856448,2570
1394,856448,3460
1395,856448,2400
1396,856448,2830
1397,856448,1810
1398,856448,1090
1399,856448,3160
1400,856448,1000
1401,856448,1040
1402,856448,1000
1403,856448,4220
1404,856448,2810
1405,856448,1000
1406,856448,3430
1407,1000000,12010
1408,856448,1070
1409,1000000,13450
1410,856448,1000
1411,856448,1590
1412,856448,1000
1413,856448,1000
1414,1000000,23980
1415,856448,1000
1416,856448,1720
1417,856448,1000
1418,856448,1020
1419,856448,2270
1420,1000000,27540
1421,856448,1030
1422,1000000,40270
1423,856448,3190
1424,856448,1000
1425,1000000,37950
1426,856448,5190
1427,1000000,22320
1428,856448,1600
1429,856448,8110
1430,856448,1000
1431,856448,1000
1432,1000000,52260
1433,856448,1510
1434,856448,1670
1435,856448,1100
1436,856448,1040
1437,856448,1010
1438,1000000,32250
1439,856448,5210
1440,856448,2620
1441,856448,7290
1442,856448,3510
1443,856448,1240
1444,856448,1000
1445,856448,1000
1446,856448,1360
1447,856448,1000
1448,856448,2170
1449,856448,1000
1450,856448,2820
1451,1587,2500000
1452,856448,1050
1453,1000000,15320
1454,1000000,10240
1455,856448,2930
1456,856448,1000
1457,856448,2350
1458,856448,6740
1459,856448,1770
1460,856448,1850
1461,856448,1320
1462,1000000,27250
1463,856448,2270
1464,1000000,24120
1465,856448,1280
1466,856448,1190
1467,856448,1780
1468,129910,590980
1469,856448,2720
1470,856448,1620
1471,1000000,12740
1472,856448,2290
1473,856448,7490
1474,856448,3210
1475,856448,5840
1476,856448,1000
1477,856448,1070
1478,856448,1520
1479,856448,7740
1480,856448,1460
1481,1000000,10400
1482,856448,1040
1483,856448,5550
1484,856448,3180
1485,856448,1000
1486,856448,1090
1487,1000000,16720
1488,1000000,18530
1489,856448,1000
1490,856448,3250
1491,1000000,11190
1492,856448,7470
1493,1000000,23450
1494,856448,3470
1495,856448,2330
1496,856448,1000
1497,856448,2950
1498,856448,1220
1499,856448,1020
1500,856448,5920
1501,856448,1320
1502,856448,1280
1503,856448,1000
1504,856448,2950
1505,1000000,15000
1506,1000000,38280
1507,856448,2340
1508,856448,4790
1509,856448,1750
1510,856448,1060
1511,856448,5980
1512,856448,1000
1513,856448,2280
1514,856448,1190
1515,856448,2560
1516,856448,1000
1517,856448,2230
1518,856448,3390
1519,856448,3130
1520,856448,1000
1521,856448,1840
1522,856448,1010
1523,856448,7820
1524,856448,1020
1525,856448,3110
1526,1000000,19430
1527,856448,1770
1528,856448,2300
1529,856448,1000
1530,856448,1660
1531,856448,1000
1532,1000000,11300
1533,856448,6550
1534,856448,6040
1535,1000000,33980
1536,856448,2920
1537,856448,1140
1538,1000000,27590
1539,856448,2750
1540,856448,2430
1541,1000000,60050
1542,856448,2500
1543,856448,1000
1544,856448,1000
1545,856448,5530
1546,856448,7740
1547,856448,4790
1548,856448,9490
1549,856448,3320
1550,856448,1000
1551,856448,1000
1552,856448,2930
1553,856448,3980
1554,856448,2980
1555,856448,3840
1556,1000000,56460
1557,856448,1050
1558,856448,1460
1559,856448,1000
1560,856448,1630
1561,856448,1000
1562,856448,1560
1563,856448,3600
1564,1000000,10230
1565,856448,2990
1566,856448,1000
1567,856448,1000
1568,1000000,63870
1569,856448,3460
1570,1000000,36840
1571,856448,3240
1572,1000000,97120
1573,1000000,240020
1574,856448,1020
1575,1000000,83590
1576,856448,3880
1577,1000000,24660
1578,856448,7760
1579,856448,1070
1580,1000000,17020
1581,1000000,59670
1582,856448,1010
1583,856448,1020
1584,856448,3460
1585,856448,7230
1586,856448,1000
1587,1000000,45720
1588,856448,1000
1589,856448,4260
1590,856448,5060
1591,1000000,227500
1592,856448,4490
1593,856448,1630
1594,856448,3050
1595,856448,4110
1596,856448,7050
1597,856448,2630
1598,856448,1830
1599,856448,1000
1600,856448,1000
1601,856448,7560
1602,856448,8370
1603,856448,1790
1604,1000000,14910
1605,856448,4540
1606,856448,2180
1607,1000000,11490
1608,1000000,12800
1609,856448,1000
1610,856448,1000
1611,856448,1000
1612,856448,1000
1613,856448,1020
1614,856448,1000
1615,856448,2130
1616,856448,1020
1617,856448,7210
1618,856448,1560
1619,856448,1000
1620,856448,1350
1621,856448,1650
1622,856448,1000
1623,856448,5400
1624,856448,1000
1625,856448,2860
1626,856448,1050
1627,1000000,79610
1628,856448,1000
1629,856448,1000
1630,856448,1220
1631,856448,1400
1632,856448,1010
1633,856448,4310
1634,1000000,91090
1635,856448,9680
1636,856448,4020
1637,856448,4480
1638,1000000,69560
1639,856448,1030
1640,856448,1590
1641,856448,1010
1642,856448,1000
1643,856448,2340
1644,856448,3750
1645,1000000,49310
1646,856448,3380
1647,856448,2610
1648,856448,4360
1649,856448,1020
1650,856448,1000
1651,1000000,22600
1652,856448,1030
1653,856448,1000
1654,856448,1000
1655,856448,1060
1656,856448,1000
1657,856448,1030
1658,1000000,15530
1659,856448,1020
1660,856448,9120
1661,856448,1040
1662,856448,6230
1663,856448,2200
1664,1000000,18670
1665,856448,4070
1666,856448,1000
1667,856448,1020
1668,856448,5150
1669,856448,2590
1670,856448,1050
1671,856448,6200
1672,856448,6300
1673,856448,3290
1674,856448,1040
1675,856448,5340
1676,856448,8180
1677,856448,1010
1678,856448,1000
1679,856448,1810
1680,1000000,16510
1681,856448,1500
1682,856448,5520
1683,856448,1000
1684,856448,2610
1685,1000000,34690
1686,856448,1000
1687,856448,1000
1688,856448,2090
1689,856448,2580
1690,856448,9150
1691,856448,3940
1692,856448,1620
1693,856448,1000
1694,856448,1000
1695,856448,1000
1696,856448,1000
1697,856448,1000
1698,856448,1000
1699,856448,1000
1700,856448,1780
1701,856448,2070
1702,1000000,52780
1703,1000000,10330
1704,1000000,63870
1705,856448,1010
1706,856448,4910
1707,1000000,88960
1708,856448,1000
1709,1000000,14230
1710,856448,8290
1711,856448,6480
1712,1000000,12630
1713,856448,1730
1714,856448,1070
1715,856448,4990
1716,856448,1420
1717,856448,1130
1718,856448,2240
1719,856448,1050
1720,856448,1000
1721,856448,8590
1722,856448,1020
1723,856448,2160
1724,856448,5610
1725,1000000,12170
1726,856448,1020
1727,856448,2170
1728,856448,5880
1729,856448,4620
1730,856448,1900
1731,856448,1000
1732,1000000,13130
1733,1000000,38450
1734,856448,4900
1735,856448,1000
1736,856448,1020
1737,856448,1040
1738,856448,1370
1739,1000000,12650
1740,856448,3790
1741,856448,1020
1742,856448,6990
1743,1000000,44250
1744,1000000,71100
1745,1000000,19670
1746,856448,2300
1747,856448,8590
1748,856448,1380
1749,856448,3740
1750,856448,2040
1751,1000000,20460
1752,856448,1020
1753,856448,1010
1754,1000000,16760
1755,856448,2480
1756,856448,5940
1757,856448,1020
1758,856448,2460
1759,856448,2770
1760,1000000,14150
1761,856448,2280
1762,856448,1000
1763,856448,1020
1764,856448,1000
1765,1000000,13390
1766,1000000,59430
1767,856448,5720
1768,856448,1000
1769,1000000,50480
1770,856448,1020
1771,1000000,17870
1772,856448,1030
1773,1000000,13330
1774,856448,1000
1775,856448,3000
1776,1000000,10530
1777,856448,1520
1778,856448,1830
1779,856448,1160
1780,856448,4590
1781,856448,1000
1782,856448,2300
1783,856448,4180
1784,856448,1000
1785,856448,3210
1786,856448,1000
1787,1000000,10760
1788,856448,1000
1789,856448,2400
1790,1000000,16090
1791,856448,1060
1792,856448,1700
1793,856448,4950
1794,856448,1000
1795,1000000,68580
1796,856448,8750
1797,856448,1780
1798,856448,4450
1799,856448,8070
1800,856448,1020
1801,856448,2240
1802,856448,1030
1803,856448,1190
1804,856448,1240
1805,856448,1320
1806,856448,2460
1807,1000000,21530
1808,1000000,10510
1809,856448,1010
1810,1000000,14390
1811,856448,1000
1812,856448,1240
1813,1000000,23190
1814,856448,1400
1815,856448,1000
1816,856448,1000
1817,856448,2760
1818,856448,2140
1819,856448,2640
1820,856448,1530
1821,856448,1020
1822,856448,1340
1823,856448,1610
1824,856448,2610
1825,856448,1280
1826,856448,3870
1827,856448,3220
1828,856448,1000
1829,1000000,31100
1830,856448,1320
1831,856448,1030
1832,856448,1000
1833,856448,6830
1834,856448,2370
1835,856448,1000
1836,856448,1000
1837,856448,1030
1838,856448,1030
1839,856448,2080
1840,856448,1960
1841,1000000,22930
1842,856448,1100
1843,856448,1160
1844,1000000,17690
1845,1000000,79620
1846,856448,1390
1847,856448,3350
1848,856448,1840
1849,856448,1660
1850,1000000,10010
1851,856448,1330
1852,856448,1000
1853,1000000,47420
1854,856448,1040
1855,856448,1880
1856,856448,1000
1857,856448,3480
1858,856448,5360
1859,856448,7360
1860,856448,2700
1861,856448,1000
1862,1000000,17880
1863,1000000,32240
1864,1000000,14720
1865,1000000,14170
1866,856448,1970
1867,856448,1050
1868,856448,1910
1869,856448,6760
1870,856448,1000
1871,856448,1000
1872,1000000,159400
1873,856448,7910
1874,856448,1460
1875,1000000,10490
1876,1000000,12270
1877,856448,1000
1878,856448,1120
1879,856448,1000
1880,856448,1000
1881,856448,2310
1882,1000000,16200
1883,856448,2160
1884,856448,2930
1885,856448,1860
1886,856448,2700
1887,856448,1120
1888,1000000,36270
1889,856448,1170
1890,856448,7260
1891,856448,1000
1892,856448,1000
1893,1000000,46490
1894,856448,1000
1895,1000000,45100
1896,856448,2260
1897,856448,3190
1898,856448,2170
1899,856448,1090
1900,1000000,27460
1901,856448,6200
1902,1000000,16240
1903,856448,1000
1904,856448,3140
1905,856448,1130
1906,1000000,28170
1907,856448,4680
1908,1000000,18450
1909,856448,2230
1910,856448,2470
1911,856448,5260
1912,856448,1430
1913,856448,7760
1914,856448,1000
1915,856448,1010
1916,856448,1440
1917,856448,1000
1918,856448,1000
1919,856448,9700
1920,1000000,10500
1921,856448,9600
1922,856448,2580
1923,856448,1000
1924,856448,6470
1925,1000000,73650
1926,856448,1490
1927,856448,9620
1928,856448,6050
1929,856448,1020
1930,1000000,29230
1931,856448,1240
1932,856448,8120
1933,856448,1000
1934,1000000,16050
1935,856448,2240
1936,856448,5990
1937,856448,1820
1938,856448,1090
1939,856448,4870
1940,856448,2610
1941,856448,1000
1942,856448,1000
1943,856448,1010
1944,856448,1000
1945,856448,1000
1946,1000000,12070
1947,856448,1170
1948,856448,3150
1949,856448,1020
1950,856448,1460
1951,1000000,15130
1952,856448,4070
1953,1000000,24010
1954,856448,1650
1955,856448,4290
1956,1000000,10060
1957,856448,1020
1958,1000000,20510
1959,1000000,14330
1960,856448,2530
1961,856448,2410
1962,1000000,11100
1963,856448,1000
1964,856448,1000
1965,856448,4480
1966,856448,1030
1967,856448,4490
1968,856448,7740
1969,856448,1230
1970,1000000,25780
1971,856448,1040
1972,856448,2040
1973,856448,1000
1974,856448,2550
1975,856448,2130
1976,1000000,208860
1977,856448,1510
1978,856448,1030
1979,856448,1350
1980,856448,1090
1981,856448,3930
1982,856448,2870
1983,856448,1000
1984,1000000,50270
1985,1000000,51780
1986,856448,3650
1987,856448,1040
1988,856448,2520
1989,1000000,20070
1990,1000000,14410
1991,856448,3190
1992,856448,1810
1993,856448,1020
1994,1000000,51250
1995,856448,1000
1996,1000000,33720
1997,856448,6160
1998,856448,1000
1999,856448,1000
2000,856448,2400
2001,856448,1600
2002,856448,1220
2003,856448,1010
2004,856448,1270
2005,856448,1000
2006,1000000,10480
2007,856448,7040
2008,856448,2150
2009,856448,1610
2010,856448,1000
2011,856448,9250
2012,856448,9490
2013,856448,1030
2014,856448,4170
2015,856448,2190
2016,856448,2700
2017,856448,1000
2018,856448,1410
2019,1000000,23290
2020,856448,8320
2021,856448,1670
2022,856448,1490
2023,856448,1030
2024,856448,1020
2025,856448,2280
2026,856448,1000
2027,856448,1950
2028,856448,1010
2029,1000000,130870
2030,856448,1050
2031,856448,1030
2032,856448,1000
2033,856448,1070
2034,856448,3040
2035,856448,1110
2036,856448,1000
2037,1000000,28280
2038,1000000,11860
2039,856448,1090
2040,856448,2020
2041,856448,3690
2042,856448,1080
2043,856448,6620
2044,856448,4000
2045,856448,1000
2046,856448,1840
2047,856448,7180
2048,856448,1030
2049,856448,1160
2050,856448,1410
2051,856448,1630
2052,856448,2900
2053,856448,2200
2054,856448,1000
2055,856448,1000
2056,856448,3360
2057,856448,1070
2058,856448,1000
2059,856448,1280
2060,856448,1320
2061,856448,1000
2062,856448,3770
2063,856448,1220
2064,856448,8270
2065,856448,1000
2066,1000000,15690
2067,1000000,137790
2068,856448,1000
2069,856448,1440
2070,856448,1620
2071,856448,4850
2072,856448,5010
2073,856448,4110
2074,856448,9720
2075,856448,1030
2076,1000000,13770
2077,856448,2300
2078,856448,3520
2079,856448,1840
2080,856448,2240
2081,856448,2040
2082,856448,5890
2083,856448,1150
2084,1000000,10570
2085,856448,5290
2086,856448,5890
2087,856448,1000
2088,1000000,52060
2089,856448,2210
2090,856448,1040
2091,856448,1020
2092,856448,1000
2093,1000000,24240
2094,856448,2820
2095,856448,1070
2096,856448,1410
2097,856448,1860
2098,856448,5120
2099,856448,1000
2100,856448,1450
2101,856448,3180
2102,1000000,10530
2103,856448,1000
2104,856448,6200
2105,856448,3690
2106,856448,1290
2107,856448,3370
2108,1000000,10500
2109,1000000,17140
2110,1000000,15180
2111,1000000,75980
2112,856448,6650
2113,856448,4090
2114,856448,5100
2115,856448,3680
2116,856448,1000
2117,856448,1000
2118,856448,1000
2119,856448,7480
2120,1000000,37820
2121,856448,2800
2122,856448,1000
2123,856448,1800
2124,856448,2600
2125,1000000,12110
2126,856448,1100
2127,856448,1760
2128,856448,1030
2129,856448,1840
2130,856448,6640
2131,856448,1050
2132,856448,1000
2133,856448,1000
2134,856448,1460
2135,856448,1030
2136,856448,1610
2137,856448,3260
2138,1000000,10080
2139,856448,4410
2140,856448,1080
2141,856448,4260
2142,856448,1000
2143,856448,1280
2144,1000000,72260
2145,856448,1100
2146,856448,1000
2147,856448,1000
2148,856448,1100
2149,856448,3570
2150,856448,1000
2151,856448,5190
2152,856448,1100
2153,856448,1000
2154,1000000,14430
2155,1000000,52050
2156,856448,8540
2157,856448,6370
2158,856448,3010
2159,856448,4650
2160,856448,2360
2161,856448,6310
2162,856448,1000
2163,856448,2530
2164,856448,2620
2165,856448,1020
2166,856448,2090
2167,856448,1490
2168,856448,1010
2169,1000000,76100
2170,856448,1000
2171,856448,1000
2172,1000000,16470
2173,856448,1250
2174,856448,1000
2175,856448,1000
2176,1000000,18030
2177,856448,2590
2178,856448,1000
2179,856448,7540
2180,856448,5340
2181,856448,1020
2182,1000000,62370
2183,856448,1000
2184,856448,7040
2185,1000000,81140
2186,856448,1280
2187,856448,1820
2188,856448,2640
2189,856448,1020
2190,856448,1390
2191,1000000,14350
2192,856448,1070
2193,856448,1080
2194,856448,1000
2195,1000000,65980
2196,856448,2970
2197,856448,4060
2198,856448,1120
2199,856448,3450
2200,856448,1770
2201,1000000,23300
2202,856448,7250
2203,856448,1000
2204,856448,2780
2205,856448,1030
2206,856448,1000
2207,856448,1000
2208,1000000,20940
2209,856448,2330
2210,856448,1780
2211,856448,5800
2212,856448,1030
2213,856448,1000
2214,1000000,26570
2215,856448,1810
2216,856448,1380
2217,1000000,49510
2218,856448,1000
2219,1000000,29050
2220,856448,1510
2221,856448,1000
2222,856448,1680
2223,856448,1330
2224,856448,1000
2225,856448,1900
2226,856448,1030
2227,856448,2020
2228,856448,2060
2229,1000000,15220
2230,856448,2770
2231,856448,1270
2232,856448,2000
2233,856448,2600
2234,856448,1000
2235,856448,1000
2236,856448,1000
2237,856448,1030
2238,856448,3590
2239,856448,1020
2240,1000000,59230
2241,856448,6570
2242,856448,1000
2243,856448,1820
2244,856448,2010
2245,856448,1830
2246,856448,1370
2247,1000000,10570
2248,856448,4380
2249,856448,9560
2250,856448,2200
2251,856448,1000
2252,856448,1290
2253,856448,1010
2254,856448,1000
2255,856448,2290
2256,856448,1590
2257,856448,1000
2258,856448,1400
2259,856448,1150
2260,1000000,21290
2261,856448,1000
2262,856448,3140
2263,1000000,14730
2264,856448,3100
2265,856448,1000
2266,856448,1310
2267,856448,1000
2268,1000000,102820
2269,856448,4560
2270,856448,1000
2271,1000000,18130
2272,856448,3990
2273,856448,7530
2274,856448,1000
2275,856448,1120
2276,856448,1070
2277,856448,1100
2278,856448,3120
2279,856448,5620
2280,1000000,10440
2281,856448,4470
2282,856448,4410
2283,1000000,21130
2284,856448,8540
2285,856448,1020
2286,856448,2760
2287,856448,1000
2288,856448,3500
2289,856448,1000
2290,856448,1000
2291,856448,1000
2292,856448,1350
2293,856448,4000
2294,856448,2010
2295,1000000,57960
2296,856448,1020
2297,856448,2880
2298,1000000,41590
2299,856448,1220
2300,856448,1000
2301,1000000,95520
2302,856448,4300
2303,856448,1640
2304,856448,4130
2305,856448,1000
2306,1000000,64830
2307,856448,1760
2308,856448,1020
2309,856448,2360
2310,856448,1230
2311,856448,4300
2312,856448,5780
2313,856448,1010
2314,856448,1000
2315,856448,2170
2316,856448,1000
2317,856448,2320
2318,856448,1370
2319,856448,1020
2320,856448,1160
2321,856448,1000
2322,856448,7930
2323,856448,3130
2324,856448,1000
2325,1000000,15750
2326,1000000,12210
2327,856448,1860
2328,856448,7820
2329,856448,1020
2330,856448,1000
2331,856448,1000
2332,856448,2260
2333,1587,2500000
2334,856448,1000
2335,856448,1990
2336,856448,1000
2337,856448,2910
2338,856448,6480
2339,856448,1090
2340,856448,1000
2341,856448,1000
2342,856448,1020
2343,856448,1000
2344,856448,3580
2345,856448,1000
2346,856448,7520
2347,1000000,26120
2348,856448,5340
2349,1000000,12300
2350,856448,3390
2351,856448,8410
2352,856448,1000
2353,129910,461150
2354,856448,1020
2355,856448,1000
2356,856448,2540
2357,856448,1980
2358,856448,1000
2359,856448,1010
2360,1000000,23960
2361,856448,1000
2362,856448,7510
2363,1000000,54410
2364,1000000,16980
2365,856448,8260
2366,856448,1050
2367,856448,5490
2368,856448,1000
2369,856448,1040
2370,856448,1000
2371,856448,2080
2372,856448,1000
2373,856448,9810
2374,856448,2470
2375,856448,2330
2376,856448,2640
2377,856448,1420
2378,856448,7020
2379,856448,3230
2380,856448,1000
2381,856448,1560
2382,856448,1010
2383,856448,1010
2384,856448,1000
2385,1000000,12920
2386,856448,1000
2387,856448,1000
2388,1000000,13160
2389,856448,1000
2390,856448,1580
2391,856448,4210
2392,856448,1010
2393,856448,5490
2394,1000000,35860
2395,856448,1000
2396,856448,6000
2397,856448,9530
2398,856448,3360
2399,856448,3920
2400,856448,1000
2401,856448,1410
2402,856448,2190
2403,856448,1020
2404,1000000,65010
2405,856448,1000
2406,856448,1000
2407,856448,1260
2408,856448,3270
2409,856448,2110
2410,856448,1010
2411,856448,1020
2412,856448,8310
2413,856448,1000
2414,856448,2580
2415,856448,1000
2416,856448,3300
2417,856448,1010
2418,856448,1160
2419,856448,1280
2420,1000000,15970
2421,856448,7900
2422,856448,1000
2423,856448,4960
2424,856448,1000
2425,856448,9010
2426,856448,1000
2427,856448,1000
2428,856448,2450
2429,856448,1020
2430,856448,7750
2431,856448,1000
2432,1000000,36810
2433,856448,3240
2434,856448,3310
2435,856448,2890
2436,856448,1040
2437,856448,1880
2438,856448,1020
2439,856448,4030
2440,1000000,10370
2441,856448,1030
2442,856448,1800
2443,1000000,24840
2444,856448,1120
2445,1000000,43870
2446,1000000,21510
2447,856448,2600
2448,856448,1000
2449,1000000,22040
2450,856448,1030
2451,856448,1000
2452,856448,1210
2453,856448,1890
2454,856448,4330
2455,1000000,23720
2456,856448,1020
2457,856448,1420
2458,856448,1000
2459,1000000,12600
2460,856448,1000
2461,856448,1160
2462,856448,1980
2463,1000000,26460
2464,856448,6600
2465,856448,2960
2466,856448,1900
2467,856448,1090
2468,856448,1000
2469,1000000,23560
2470,856448,1000
2471,856448,2710
2472,856448,1020
2473,856448,1000
2474,1000000,55060
2475,856448,1000
2476,856448,2660
2477,856448,1030
2478,856448,2200
2479,856448,1030
2480,1000000,38960
2481,856448,1150
2482,1000000,106480
2483,856448,1000
2484,1000000,52940
2485,856448,1020
2486,856448,2650
2487,856448,1000
2488,856448,2680
2489,856448,1350
2490,856448,1000
2491,856448,2250
2492,856448,1010
2493,856448,1160
2494,856448,3060
2495,856448,3290
2496,856448,1000
2497,856448,1020
2498,856448,1000
2499,856448,6910
2500,856448,1000
2501,1000000,61000
2502,1000000,12040
2503,1000000,20210
2504,856448,1150
2505,856448,1000
2506,856448,8550
2507,856448,1010
2508,856448,1020
2509,856448,2310
2510,1000000,16780
2511,856448,2610
2512,856448,1210
2513,856448,1230
2514,856448,8090
2515,856448,1000
2516,856448,8580
2517,1000000,182820
2518,856448,5150
2519,1000000,48310
2520,856448,8570
2521,856448,1000
2522,856448,1000
2523,856448,2190
2524,856448,3820
2525,856448,1000
2526,856448,1000
2527,856448,1640
2528,1000000,29820
2529,856448,1180
2530,856448,9920
2531,856448,1000
2532,856448,1280
2533,856448,2490
2534,856448,1000
2535,856448,1000
2536,856448,1000
2537,856448,1690
2538,856448,1690
2539,856448,1070
2540,856448,1000
2541,856448,1000
2542,856448,6510
2543,856448,7710
2544,856448,7020
2545,1000000,17810
2546,856448,2000
2547,856448,1000
2548,856448,3640
2549,856448,1000
2550,856448,1000
2551,856448,1060
2552,856448,1000
2553,856448,2480
2554,856448,6620
2555,1000000,22850
2556,856448,1000
2557,856448,1000
2558,856448,1420
2559,856448,3830
2560,856448,1000
2561,856448,6570
2562,856448,8070
2563,856448,4550
2564,1000000,14950
2565,856448,1050
2566,856448,1020
2567,856448,2660
2568,856448,2200
2569,856448,2950
2570,856448,2620
2571,856448,1400
2572,856448,8390
2573,1000000,21270
2574,856448,1030
2575,1000000,21570
2576,856448,1000
2577,856448,1170
2578,856448,3510
2579,856448,9420
2580,856448,1020
2581,1000000,37980
2582,1000000,12890
2583,856448,2670
2584,856448,1020
2585,856448,1830
2586,856448,3640
2587,856448,2420
2588,856448,3790
2589,856448,1000
2590,856448,1000
2591,856448,1030
2592,856448,1520
2593,1000000,22650
2594,856448,1310
2595,856448,2570
2596,856448,1000
2597,856448,1000
2598,856448,1600
2599,856448,4210
2600,856448,1000
2601,856448,1080
2602,856448,9290
2603,856448,1030
2604,856448,1000
2605,856448,1010
2606,856448,1000
2607,856448,1450
2608,856448,9580
2609,856448,1010
2610,856448,1030
2611,856448,1430
2612,856448,1030
2613,856448,1090
2614,856448,1000
2615,856448,1600
2616,856448,1040
2617,856448,2390
2618,856448,2920
2619,856448,1010
2620,856448,1360
2621,856448,1140
2622,1000000,23670
2623,1587,2500000
2624,1000000,232870
2625,856448,1000
2626,856448,1000
2627,856448,1000
2628,856448,3410
2629,1000000,34420
2630,1000000,77140
2631,1000000,14820
2632,1000000,13090
2633,856448,1480
2634,1000000,14190
2635,856448,1000
2636,856448,1000
2637,1000000,10300
2638,856448,2170
2639,856448,1000
2640,856448,1090
2641,856448,1000
2642,856448,2110
2643,856448,4020
2644,1000000,29520
2645,856448,1040
2646,856448,1240
2647,856448,1240
2648,1000000,151540
2649,856448,1280
2650,856448,1000
2651,1000000,67210
2652,856448,2610
2653,856448,1000
2654,856448,1000
2655,856448,3710
2656,856448,1000
2657,856448,1000
2658,1000000,32920
2659,856448,1010
2660,856448,5300
2661,1000000,11640
2662,856448,1000
2663,856448,4770
2664,1000000,37440
2665,856448,8390
2666,856448,8410
2667,856448,2360
2668,856448,1080
2669,856448,4160
2670,856448,1000
2671,856448,4400
2672,1000000,12430
2673,856448,4190
2674,1000000,15070
2675,856448,4210
2676,856448,1070
2677,856448,1000
2678,1000000,31720
2679,856448,1010
2680,856448,1030
2681,856448,2840
2682,856448,1000
2683,856448,1000
2684,1000000,13230
2685,856448,1040
2686,1000000,232410
2687,856448,9290
2688,856448,1020
2689,856448,1000
2690,856448,1000
2691,856448,1180
2692,1000000,30550
2693,856448,1000
2694,1000000,117930
2695,856448,2700
2696,856448,2150
2697,856448,1000
2698,1000000,42450
2699,856448,1020
2700,856448,1000
2701,856448,1290
2702,856448,1840
2703,856448,1210
2704,1000000,12150
2705,856448,1000
2706,856448,8580
2707,856448,1000
2708,856448,2140
2709,856448,2780
2710,856448,2340
2711,1000000,23450
2712,856448,1270
2713,856448,1030
2714,1000000,19340
2715,856448,1000
2716,856448,2150
2717,856448,1370
2718,856448,2590
2719,1000000,16280
2720,856448,1000
2721,856448,1090
2722,856448,3980
2723,856448,7240
2724,856448,1000
2725,856448,1000
2726,856448,1000
2727,856448,1920
2728,856448,2650
2729,856448,3690
2730,856448,3470
2731,856448,2320
2732,856448,7320
2733,856448,5100
2734,856448,1000
2735,856448,1480
2736,856448,1340
2737,856448,1550
2738,856448,1080
2739,856448,1190
2740,856448,7310
2741,856448,1000
2742,856448,3640
2743,856448,1310
2744,856448,1000
2745,856448,1020
2746,856448,7120
2747,856448,1000
2748,856448,1000
2749,1000000,10830
2750,856448,1210
2751,1000000,17270
2752,1000000,69610
2753,1000000,12580
2754,856448,5770
2755,856448,2450
2756,856448,1000
2757,856448,3320
2758,1000000,18980
2759,856448,1090
2760,856448,3060
2761,856448,1100
2762,856448,1980
2763,856448,1000
2764,856448,2350
2765,856448,1610
2766,856448,5400
2767,1000000,29850
2768,856448,1000
2769,856448,3610
2770,856448,1000
2771,856448,1150
2772,856448,1020
2773,1000000,22550
2774,1000000,23380
2775,856448,3870
2776,1000000,34380
2777,856448,1090
2778,856448,1560
2779,856448,2540
2780,856448,1690
2781,1000000,91130
2782,856448,4120
2783,856448,3350
2784,856448,1180
2785,856448,2930
2786,1000000,10700
2787,856448,4830
2788,1000000,21740
2789,1000000,10240
2790,856448,1000
2791,856448,1370
2792,856448,1000
2793,856448,5730
2794,856448,1000
2795,856448,1120
2796,856448,1140
2797,856448,2770
2798,856448,4840
2799,1000000,10190
2800,856448,2120
2801,856448,3180
2802,856448,1680
2803,856448,1000
2804,856448,2610
2805,856448,5380
2806,856448,1000
2807,1000000,35490
2808,856448,1290
2809,856448,3090
2810,856448,1000
2811,856448,1000
2812,856448,4040
2813,856448,1000
2814,856448,1030
2815,856448,1330
2816,1000000,59840
2817,856448,3200
2818,856448,2220
2819,856448,1510
2820,856448,4700
2821,856448,1040
2822,1000000,17900
2823,856448,1640
2824,856448,2360
2825,856448,4490
2826,856448,9320
2827,856448,1000
2828,1000000,31360
2829,856448,1060
2830,856448,1220
2831,1000000,20610
2832,856448,1020
2833,856448,1000
2834,856448,1050
2835,856448,5340
2836,856448,1000
2837,1000000,11270
2838,856448,1010
2839,1000000,51960
2840,1000000,114290
2841,856448,1040
2842,856448,1000
2843,856448,1000
2844,856448,4620
2845,1000000,19480
2846,856448,1000
2847,856448,1050
2848,856448,1030
2849,856448,1180
2850,856448,1870
2851,856448,1000
2852,856448,1120
2853,856448,1010
2854,856448,1050
2855,856448,2140
2856,1000000,50900
2857,1000000,56240
2858,856448,6800
2859,856448,4270
2860,1000000,13880
2861,856448,4050
2862,856448,4610
2863,856448,1010
2864,856448,1000
2865,1000000,51990
2866,1000000,11840
2867,856448,1880
2868,856448,1650
2869,856448,1000
2870,856448,3760
2871,856448,2540
2872,856448,2510
2873,856448,4850
2874,856448,1000
2875,1000000,14760
2876,856448,9630
2877,856448,1000
2878,856448,3050
2879,856448,1300
2880,856448,2440
2881,1000000,32650
2882,856448,1000
2883,856448,1470
2884,1000000,10680
2885,856448,1770
2886,856448,6260
2887,856448,1010
2888,856448,1000
2889,1000000,19150
2890,856448,1930
2891,856448,1000
2892,856448,3140
2893,856448,1010
2894,856448,1020
2895,856448,1020
2896,1000000,239120
2897,1000000,36670
2898,856448,2870
2899,856448,1040
2900,856448,1350
2901,856448,2720
2902,856448,3160
2903,856448,2380
2904,1000000,16200
2905,856448,2340
2906,856448,1000
2907,1000000,17290
2908,856448,1160
2909,1000000,47070
2910,856448,1490
2911,856448,1820
2912,856448,1000
2913,856448,1000
2914,856448,1010
2915,856448,9720
2916,1000000,54870
2917,856448,3060
2918,856448,1000
2919,856448,1000
2920,856448,2140
2921,1000000,20930
2922,856448,2110
2923,856448,5320
2924,856448,1000
2925,856448,4640
2926,856448,2720
2927,856448,1190
2928,1000000,28410
2929,856448,2640
2930,856448,1350
2931,856448,3430
2932,1000000,10570
2933,856448,1060
2934,856448,2650
2935,856448,2300
2936,856448,1580
2937,856448,5620
2938,856448,6750
2939,856448,3350
2940,856448,6700
2941,856448,2550
2942,1000000,17640
2943,856448,7780
2944,856448,2630
2945,856448,2760
2946,856448,7490
2947,856448,1090
2948,856448,1040
2949,856448,1000
2950,1000000,10270
2951,856448,1370
2952,856448,2730
2953,856448,4280
2954,856448,1160
2955,856448,1000
2956,856448,1020
2957,856448,1000
2958,856448,4310
2959,856448,1030
2960,1587,2500000
2961,856448,1760
2962,856448,8420
2963,856448,1000
2964,856448,1000
2965,856448,3530
2966,1000000,31450
2967,856448,1020
2968,856448,1000
2969,1000000,22020
2970,856448,1010
2971,856448,1060
2972,856448,3260
2973,1000000,43260
2974,856448,1000
2975,856448,1000
2976,856448,1460
2977,856448,2910
2978,1000000,14200
2979,856448,1000
2980,856448,1200
2981,856448,1010
2982,856448,1030
2983,856448,1570
2984,856448,2180
2985,1000000,87910
2986,1000000,38920
2987,856448,1000
2988,856448,4140
2989,856448,4330
2990,856448,9350
2991,856448,1000
2992,856448,2940
2993,856448,1000
2994,856448,1280
2995,1000000,41030
2996,856448,4540
2997,1000000,14560
2998,856448,1730
2999,856448,6170
3000,856448,2920
3001,856448,1100
3002,856448,1170
3003,856448,4030
3004,856448,1000
3005,856448,1000
3006,856448,3120
3007,856448,1000
3008,856448,3880
3009,856448,1010
3010,856448,1050
3011,856448,1030
3012,856448,1300
3013,856448,3540
3014,856448,1330
3015,856448,1000
3016,856448,1010
3017,856448,2530
3018,1000000,18430
3019,856448,1000
3020,856448,1020
3021,856448,1000
3022,856448,1030
3023,856448,1520
3024,1000000,10340
3025,1000000,17610
3026,856448,1000
3027,1000000,129340
3028,856448,1000
3029,856448,1700
3030,856448,5030
3031,856448,3430
3032,856448,2440
3033,856448,1000
3034,856448,2790
3035,856448,1000
3036,856448,1000
3037,856448,2030
3038,1000000,21390
3039,856448,4300
3040,856448,3080
3041,856448,4520
3042,856448,5760
3043,856448,1910
3044,856448,2160
3045,856448,1000
3046,1000000,48620
3047,856448,3200
3048,856448,1000
3049,856448,1000
3050,856448,2530
3051,1000000,68270
3052,856448,2040
3053,856448,1020
3054,856448,1700
3055,856448,1010
3056,856448,5630
3057,856448,1240
3058,856448,1110
3059,856448,9530
3060,856448,7170
3061,856448,3510
3062,856448,4760
3063,856448,1000
3064,856448,3580
3065,856448,1620
3066,856448,1090
3067,856448,5870
3068,856448,6940
3069,856448,1000
3070,1000000,15960
3071,856448,1270
3072,856448,1940
3073,856448,1040
3074,856448,1500
3075,1587,2500000
3076,856448,2380
3077,856448,1000
3078,1000000,68560
3079,856448,9050
3080,856448,2400
3081,856448,1000
3082,856448,7480
3083,856448,1000
3084,1000000,35440
3085,856448,2440
3086,856448,1000
3087,1000000,36260
3088,856448,1000
3089,856448,1000
3090,856448,2550
3091,856448,1810
3092,856448,1380
3093,1000000,12890
3094,856448,1000
3095,856448,3810
3096,856448,5250
3097,856448,1000
3098,856448,2260
3099,1000000,10910
3100,1000000,65070
3101,856448,1080
3102,856448,2900
3103,856448,1020
3104,856448,1000
3105,1000000,14160
3106,856448,3250
3107,856448,1040
3108,856448,1250
3109,856448,4970
3110,856448,1050
3111,1000000,31100
3112,1000000,10360
3113,856448,1650
3114,856448,1230
3115,1000000,16360
3116,856448,3060
3117,856448,1050
3118,856448,5540
3119,856448,1000
3120,856448,1000
3121,856448,1120
3122,856448,1050
3123,856448,2550
3124,856448,1000
3125,856448,5700
3126,856448,1630
3127,856448,1300
3128,856448,1000
3129,856448,1000
3130,1000000,10080
3131,856448,1320
3132,856448,1000
3133,856448,2760
3134,856448,1000
3135,856448,1000
3136,856448,1250
3137,1000000,54670
3138,856448,1990
3139,856448,3080
3140,1000000,38000
3141,856448,1010
3142,856448,1020
3143,856448,1000
3144,1000000,35530
3145,1000000,11910
3146,1000000,10630
3147,856448,4000
3148,856448,1240
3149,856448,5390
3150,856448,1000
3151,856448,1020
3152,1000000,32920
3153,856448,3620
3154,856448,1000
3155,856448,9790
3156,856448,1000
3157,856448,5950
3158,1000000,13250
3159,856448,4230
3160,856448,1020
3161,856448,1620
3162,856448,3350
3163,856448,1000
3164,856448,2480
3165,856448,1000
3166,856448,1000
3167,1000000,16200
3168,856448,1000
3169,856448,1400
3170,856448,1000
3171,1000000,10830
3172,1000000,14040
3173,856448,2570
3174,856448,6450
3175,856448,7250
3176,856448,1390
3177,856448,5200
3178,1000000,23070
3179,856448,1000
3180,856448,1000
3181,856448,1720
3182,856448,4560
3183,856448,1000
3184,856448,4670
3185,856448,1000
3186,856448,1680
3187,856448,1560
3188,856448,1150
3189,856448,1250
3190,856448,7000
3191,856448,3680
3192,856448,1030
3193,856448,1000
3194,1587,2500000
3195,1000000,36430
3196,856448,1060
3197,856448,7320
3198,856448,1010
3199,856448,5260
3200,856448,1000
3201,856448,9060
3202,856448,1000
3203,856448,4880
3204,856448,1290
3205,1000000,13080
3206,856448,1000
3207,856448,1700
3208,1000000,22210
3209,856448,8110
3210,1000000,18810
3211,1587,2500000
3212,856448,2440
3213,856448,3730
3214,1000000,384800
3215,1000000,32910
3216,856448,3040
3217,856448,3160
3218,856448,1000
3219,856448,4240
3220,856448,6730
3221,856448,7490
3222,1000000,118600
3223,856448,1000
3224,856448,2760
3225,1000000,117290
3226,1000000,71000
3227,856448,2860
3228,856448,3520
3229,856448,2060
3230,856448,1000
3231,856448,4490
3232,856448,1010
3233,856448,9260
3234,856448,2200
3235,856448,2710
3236,1000000,147510
3237,856448,2870
3238,856448,1010
3239,856448,1920
3240,856448,1990
3241,856448,1220
3242,1000000,41540
3243,856448,2750
3244,856448,1000
3245,1000000,56930
3246,856448,1520
3247,856448,1000
3248,856448,1000
3249,1000000,22340
3250,1000000,37560
3251,856448,4520
3252,856448,1060
3253,856448,1020
3254,856448,5680
3255,856448,2400
3256,856448,1680
3257,856448,1090
3258,856448,7950
3259,856448,1020
3260,856448,1000
3261,856448,4120
3262,856448,1000
3263,856448,1000
3264,856448,7440
3265,856448,1000
3266,1000000,34690
3267,856448,1000
3268,856448,1000
3269,856448,1030
3270,1000000,28320
3271,856448,1000
3272,856448,1020
3273,856448,1000
3274,856448,9120
3275,1000000,28340
3276,1000000,18150
3277,856448,1000
3278,1000000,62380
3279,856448,1000
3280,1000000,12510
3281,856448,1000
3282,856448,4730
3283,856448,1590
3284,856448,1060
3285,1000000,83560
3286,856448,4290
3287,856448,9780
3288,856448,9890
3289,856448,1000
3290,856448,1200
3291,856448,2110
3292,856448,7670
3293,856448,1000
3294,1000000,31780
3295,1000000,193760
3296,856448,3460
3297,856448,3340
3298,856448,1000
3299,856448,1920
3300,1000000,21270
3301,856448,3230
3302,856448,2320
3303,856448,1650
3304,856448,1990
3305,1000000,22580
3306,1000000,19650
3307,1000000,26490
3308,1000000,37820
3309,856448,7030
3310,1000000,28340
3311,856448,1000
3312,856448,1260
3313,856448,3990
3314,856448,5520
3315,856448,3670
3316,856448,4200
3317,1000000,39070
3318,856448,4180
3319,1000000,16940
3320,856448,1060
3321,856448,1930
3322,1000000,73090
3323,1000000,13010
3324,856448,1000
3325,856448,1000
3326,856448,2340
3327,856448,2910
3328,856448,1020
3329,856448,1050
3330,856448,1000
3331,856448,1130
3332,856448,1000
3333,1000000,21990
3334,856448,1000
3335,856448,1000
3336,856448,6420
3337,856448,3300
3338,856448,3640
3339,856448,1000
3340,1000000,112220
3341,856448,1950
3342,856448,1700
3343,856448,4980
3344,856448,1930
3345,856448,1000
3346,856448,2630
3347,856448,1030
3348,856448,6930
3349,856448,2120
3350,856448,1810
3351,856448,1340
3352,1000000,12890
3353,856448,1340
3354,856448,1630
3355,856448,5860
3356,856448,1120
3357,856448,4180
3358,856448,4330
3359,856448,7420
3360,856448,6410
3361,1000000,11390
3362,1000000,10980
3363,1000000,77170
3364,1000000,11980
3365,856448,2590
3366,856448,1000
3367,856448,1000
3368,856448,2040
3369,856448,1000
3370,856448,1800
3371,1000000,30310
3372,856448,2050
3373,856448,2490
3374,856448,1010
3375,1000000,39260
3376,856448,3940
3377,1000000,17960
3378,856448,1740
3379,856448,1000
3380,1000000,12230
3381,856448,1030
3382,856448,3700
3383,856448,6690
3384,856448,1000
3385,856448,8250
3386,856448,1110
3387,1000000,44590
3388,856448,1000
3389,856448,1000
3390,856448,3160
3391,856448,1700
3392,856448,2290
3393,856448,2950
3394,856448,1000
3395,856448,1000
3396,856448,1000
3397,856448,1190
3398,856448,3110
3399,856448,1000
3400,856448,7610
3401,856448,1000
3402,856448,1820
3403,856448,2490
3404,856448,3690
3405,1000000,10030
3406,856448,2240
3407,856448,1650
3408,856448,1000
3409,1000000,111120
3410,1000000,17100
3411,856448,1000
3412,1000000,11860
3413,856448,1030
3414,1000000,28670
3415,856448,1800
3416,856448,1000
3417,856448,3060
3418,856448,1000
3419,856448,2430
3420,856448,1000
3421,856448,1630
3422,856448,9520
3423,1000000,26130
3424,856448,1060
3425,856448,2030
3426,1000000,14470
3427,856448,2940
3428,1000000,39420
3429,856448,7410
3430,856448,1020
3431,856448,1000
3432,856448,1530
3433,856448,1300
3434,1000000,15300
3435,856448,3360
3436,856448,1900
3437,1000000,11710
3438,856448,1140
3439,856448,1290
3440,856448,1000
3441,856448,1000
3442,856448,1020
3443,856448,1920
3444,856448,1000
3445,856448,1030
3446,856448,1000
3447,856448,1050
3448,1000000,11700
3449,856448,3330
3450,1000000,23190
3451,856448,1420
3452,856448,1970
3453,856448,1340
3454,856448,1000
3455,856448,2430
3456,856448,1000
3457,856448,3730
3458,1000000,22720
3459,1000000,10000
3460,856448,9660
3461,856448,1160
3462,1000000,31650
3463,856448,5390
3464,1000000,13740
3465,856448,1000
3466,856448,3230
3467,856448,1550
3468,856448,1000
3469,1000000,18690
3470,856448,1920
3471,856448,1000
3472,1000000,47450
3473,856448,1130
3474,856448,1020
3475,856448,5980
3476,856448,2180
3477,856448,4430
3478,856448,1000
3479,856448,3890
3480,856448,1110
3481,856448,1040
3482,856448,1650
3483,856448,1640
3484,856448,4360
3485,856448,5780
3486,856448,1000
3487,1000000,15910
3488,856448,1040
3489,856448,1030
3490,856448,6610
3491,856448,2620
3492,856448,1030
3493,856448,1030
3494,856448,2310
3495,856448,1020
3496,1000000,122550
3497,1000000,16200
3498,856448,1250
3499,856448,7070
3500,856448,1000
3501,856448,1020
3502,856448,2030
3503,1000000,21540
3504,856448,3400
3505,856448,1000
3506,1000000,17620
3507,856448,1100
3508,856448,2430
3509,856448,2290
3510,856448,1000
3511,856448,1000
3512,1000000,22880
3513,856448,1000
3514,856448,9980
3515,1000000,26560
3516,1000000,20090
3517,856448,8060
3518,856448,1000
3519,856448,1000
3520,856448,3810
3521,856448,1000
3522,1000000,34070
3523,856448,1190
3524,856448,4660
3525,1000000,12620
3526,1000000,23530
3527,856448,1000
3528,856448,1010
3529,856448,1000
3530,856448,1040
3531,856448,1690
3532,856448,5320
3533,856448,3670
3534,856448,3780
3535,1000000,14690
3536,1000000,39170
3537,856448,1000
3538,856448,2600
3539,1000000,13030
3540,856448,2720
3541,1000000,13220
3542,856448,1000
3543,856448,2930
3544,856448,3360
3545,1000000,36300
3546,856448,1640
3547,856448,1000
3548,1000000,23930
3549,1000000,14380
3550,856448,1000
3551,856448,1690
3552,856448,3030
3553,856448,1070
3554,856448,3750
3555,1000000,33010
3556,856448,1600
3557,856448,6620
3558,856448,4400
3559,856448,6360
3560,856448,9690
3561,856448,4310
3562,856448,4000
3563,856448,3560
3564,856448,1820
3565,1000000,18850
3566,856448,1250
3567,856448,1000
3568,856448,1000
3569,1000000,62840
3570,856448,1000
3571,856448,8920
3572,856448,1490
3573,856448,2060
3574,856448,1000
3575,856448,1000
3576,856448,4440
3577,1000000,12470
3578,856448,1000
3579,856448,1070
3580,856448,1280
3581,856448,5060
3582,856448,1000
3583,856448,1100
3584,1000000,10640
3585,856448,1000
3586,856448,4590
3587,1000000,28910
3588,1000000,10350
3589,856448,1100
3590,1000000,10600
3591,856448,1540
3592,856448,1020
3593,1000000,46640
3594,856448,3620
3595,1000000,19650
3596,856448,1020
3597,856448,1000
3598,1000000,15510
3599,856448,1010
3600,856448,1030
3601,856448,1030
3602,1000000,25730
3603,1000000,11900
3604,856448,4490
3605,856448,4810
3606,856448,1000
3607,856448,1320
3608,856448,1870
3609,856448,3910
3610,856448,1080
3611,856448,1000
3612,856448,2280
3613,856448,1760
3614,856448,1000
3615,856448,1010
3616,856448,2210
3617,856448,1000
3618,856448,2890
3619,1000000,39590
3620,856448,1990
3621,1000000,53860
3622,856448,1560
3623,856448,1830
3624,856448,1000
3625,856448,1030
3626,1000000,14770
3627,856448,1020
3628,856448,1000
3629,856448,2120
3630,1000000,10880
3631,856448,1800
3632,856448,1020
3633,856448,9170
3634,856448,1000
3635,1000000,11190
3636,1000000,12750
3637,856448,2180
3638,856448,1940
3639,856448,1200
3640,856448,1620
3641,856448,1180
3642,856448,1010
3643,856448,1000
3644,1000000,16250
3645,856448,1310
3646,856448,1080
3647,856448,1450
3648,1000000,32850
3649,856448,1010
3650,856448,1030
3651,856448,3610
3652,856448,2920
3653,856448,1410
3654,856448,1000
3655,856448,5900
3656,856448,1900
3657,856448,1460
3658,856448,1000
3659,856448,6140
3660,856448,2960
3661,1000000,61980
3662,856448,1480
3663,856448,1170
3664,856448,1760
3665,856448,1030
3666,856448,9780
3667,1587,2500000
3668,856448,6440
3669,856448,3010
3670,1000000,73310
3671,1000000,17450
3672,856448,1860
3673,1000000,44280
3674,856448,9890
3675,856448,4460
3676,856448,1640
3677,856448,4540
3678,856448,2580
3679,856448,1000
3680,856448,3060
3681,856448,2380
3682,1000000,17360
3683,856448,1040
3684,856448,1310
3685,856448,3200
3686,856448,1000
3687,856448,5960
3688,856448,3090
3689,856448,1740
3690,856448,1720
3691,1000000,33740
3692,856448,1590
3693,856448,1000
3694,1000000,70920
3695,856448,1000
3696,856448,3030
3697,1000000,21160
3698,856448,4090
3699,856448,1000
3700,856448,5410
3701,856448,1000
3702,856448,1000
3703,856448,1000
3704,856448,1050
3705,1000000,13380
3706,856448,2080
3707,856448,1210
3708,856448,3350
3709,1000000,11860
3710,856448,1000
3711,856448,1020
3712,856448,1170
3713,856448,1000
3714,856448,3510
3715,856448,7920
3716,856448,1000
3717,856448,6080
3718,1000000,10510
3719,856448,9210
3720,856448,2730
3721,856448,1020
3722,856448,7940
3723,1000000,50950
3724,1000000,14900
3725,856448,1080
3726,856448,4260
3727,856448,1040
3728,856448,1900
3729,856448,1000
3730,856448,4340
3731,856448,1020
3732,856448,1020
3733,856448,3900
3734,856448,6400
3735,856448,1490
3736,856448,1000
3737,856448,3410
3738,856448,1000
3739,856448,1410
3740,856448,1230
3741,856448,1020
3742,856448,1000
3743,856448,1000
3744,856448,1000
3745,856448,1000
3746,856448,1110
3747,856448,1000
3748,856448,1000
3749,1000000,31610
3750,856448,2980
3751,856448,5420
3752,856448,7360
3753,856448,1000
3754,856448,3300
3755,1000000,117060
3756,1000000,11410
3757,856448,1000
3758,856448,4280
3759,856448,6680
3760,1000000,61770
3761,856448,1010
3762,856448,4800
3763,856448,3470
3764,856448,1020
3765,1000000,282140
3766,856448,1000
3767,856448,1800
3768,856448,1900
3769,856448,1000
3770,856448,1000
3771,856448,1690
3772,1000000,33140
3773,1000000,89940
3774,856448,2810
3775,856448,1890
3776,856448,1700
3777,856448,5850
3778,856448,4920
3779,1000000,17970
3780,856448,1000
3781,856448,1000
3782,856448,3480
3783,856448,1000
3784,856448,1000
3785,856448,1250
3786,856448,1030
3787,856448,1310
3788,856448,1000
3789,856448,4170
3790,856448,3550
3791,1000000,53870
3792,856448,3850
3793,856448,1000
3794,856448,1590
3795,1000000,23170
3796,856448,1000
3797,856448,1000
3798,856448,2270
3799,856448,1780
3800,856448,1660
3801,856448,4820
3802,856448,1200
3803,856448,1030
3804,856448,1030
3805,856448,1050
3806,1587,2500000
3807,856448,1250
3808,856448,1000
3809,856448,1000
3810,856448,6620
3811,856448,3650
3812,856448,2780
3813,856448,1010
3814,856448,1080
3815,856448,9950
3816,856448,1010
3817,1000000,10150
3818,856448,1510
3819,856448,4100
3820,856448,1130
3821,1000000,12120
3822,856448,1410
3823,856448,7850
3824,856448,3860
3825,856448,5840
3826,856448,1000
3827,856448,1490
3828,856448,3850
3829,856448,1240
3830,856448,3320
3831,856448,1410
3832,856448,2300
3833,856448,4850
3834,856448,1050
3835,856448,1660
3836,856448,1000
3837,856448,2570
3838,856448,1000
3839,856448,2030
3840,856448,9290
3841,856448,9770
3842,856448,2660
3843,856448,1000
3844,1000000,31840
3845,856448,1440
3846,856448,1620
3847,856448,1000
3848,856448,1000
3849,1000000,25980
3850,1000000,12130
3851,856448,4440
3852,856448,4090
3853,856448,3340
3854,856448,1000
3855,856448,1000
3856,856448,2230
3857,856448,1670
3858,856448,1480
3859,1000000,12300
3860,856448,5140
3861,856448,1000
3862,856448,1000
3863,856448,1400
3864,856448,7120
3865,1000000,34460
3866,1000000,20110
3867,856448,8130
3868,856448,1020
3869,856448,1000
3870,856448,7500
3871,856448,1020
3872,1000000,97000
3873,856448,3040
3874,856448,1000
3875,856448,5680
3876,856448,1390
3877,1000000,29140
3878,856448,1000
3879,856448,1910
3880,856448,4270
3881,856448,1000
3882,856448,2220
3883,856448,1030
3884,856448,1000
3885,856448,1120
3886,856448,1580
3887,856448,1500
3888,856448,8300
3889,856448,1000
3890,1000000,12970
3891,856448,5180
3892,856448,7160
3893,1000000,38870
3894,856448,1000
3895,856448,1280
3896,856448,1940
3897,856448,7660
3898,856448,1000
3899,856448,1180
3900,1000000,15130
3901,856448,6230
3902,1000000,10330
3903,856448,1000
3904,1000000,54320
3905,1000000,36940
3906,856448,5530
3907,856448,1000
3908,856448,8820
3909,856448,1020
3910,856448,1550
3911,856448,1070
3912,1000000,30060
3913,856448,1070
3914,856448,1070
3915,856448,1020
3916,856448,1070
3917,856448,1100
3918,856448,1000
3919,856448,6270
3920,856448,9360
3921,1000000,14840
3922,856448,1400
3923,856448,1330
3924,856448,1000
3925,1000000,17160
3926,856448,5680
3927,856448,1690
3928,856448,1930
3929,1000000,15750
3930,856448,1000
3931,856448,7050
3932,856448,1120
3933,856448,7840
3934,1000000,10020
3935,856448,7180
3936,856448,1000
3937,856448,1630
3938,856448,5760
3939,856448,1030
3940,856448,4630
3941,1000000,21600
3942,856448,1000
3943,856448,1040
3944,856448,2860
3945,856448,1960
3946,1000000,46340
3947,856448,1130
3948,856448,1000
3949,856448,1660
3950,856448,1370
3951,856448,1000
3952,856448,1000
3953,856448,1800
3954,1000000,42310
3955,1000000,11610
3956,1000000,17220
3957,856448,1000
3958,856448,4370
3959,856448,2070
3960,1587,2500000
3961,1000000,149880
3962,856448,3150
3963,1000000,22640
3964,1000000,38340
3965,856448,2440
3966,856448,1250
3967,856448,1190
3968,856448,3470
3969,1000000,20590
3970,856448,1000
3971,856448,1860
3972,1000000,16450
3973,1000000,12450
3974,856448,1000
3975,856448,7230
3976,1000000,48550
3977,856448,1060
3978,1587,2500000
3979,856448,2230
3980,856448,3050
3981,856448,1000
3982,856448,1000
3983,856448,1140
3984,856448,1000
3985,856448,1150
3986,856448,1610
3987,856448,3520
3988,856448,1030
3989,856448,8070
3990,856448,4670
3991,856448,1000
3992,856448,1000
3993,856448,1020
3994,856448,1000
3995,1000000,19440
3996,856448,3360
3997,856448,1000
3998,856448,3510
3999,856448,1030
4000,856448,1000
4001,856448,1000
4002,856448,1860
4003,856448,4340
4004,856448,2910
4005,1000000,40840
4006,856448,3790
4007,1000000,15950
4008,1000000,45430
4009,1000000,109550
4010,856448,4050
4011,856448,1890
4012,856448,1010
4013,856448,1300
4014,856448,3810
4015,1000000,17740
4016,856448,6360
4017,1000000,28320
4018,856448,7730
4019,856448,2970
4020,856448,1450
4021,856448,1130
4022,856448,1900
4023,856448,1980
4024,856448,5770
4025,856448,9910
4026,1000000,33370
4027,856448,1000
4028,856448,1000
4029,856448,4730
4030,1000000,15990
4031,856448,5660
4032,856448,1180
4033,856448,8080
4034,856448,1020
4035,856448,1190
4036,856448,1000
4037,856448,1420
4038,856448,2490
4039,856448,2230
4040,1000000,15820
4041,856448,1000
4042,856448,1000
4043,856448,1530
4044,856448,7870
4045,856448,1310
4046,856448,4720
4047,856448,1810
4048,1000000,18390
4049,856448,1310
4050,856448,1000
4051,856448,1000
4052,856448,1220
4053,856448,1220
4054,856448,1800
4055,856448,1000
4056,856448,2130
4057,856448,1000
4058,856448,1000
4059,1000000,61630
4060,856448,1020
4061,856448,1000
4062,856448,8640
4063,856448,1790
4064,856448,1030
4065,856448,1420
4066,1000000,17210
4067,856448,5720
4068,856448,1170
4069,856448,3030
4070,856448,1000
4071,856448,1000
4072,856448,4000
4073,856448,1000
4074,1000000,22030
4075,856448,3050
4076,856448,1310
4077,856448,1140
4078,856448,2030
4079,856448,1160
4080,856448,5960
4081,1000000,27000
4082,1000000,12660
4083,856448,1000
4084,856448,1690
4085,1000000,11090
4086,1587,2500000
4087,856448,1390
4088,1000000,70440
4089,856448,1020
4090,1000000,13040
4091,856448,1000
4092,856448,3100
4093,856448,1030
4094,856448,1000
4095,856448,1750
4096,856448,5620
4097,856448,1110
4098,856448,2290
4099,856448,2330
4100,856448,1000
4101,1000000,44660
4102,1000000,24570
4103,856448,7070
4104,856448,3110
4105,856448,1750
4106,856448,3000
4107,856448,1010
4108,856448,2970
4109,856448,1000
4110,856448,2860
4111,856448,1660
4112,1000000,51820
4113,1000000,19370
4114,856448,7080
4115,856448,1000
4116,856448,4460
4117,1000000,11120
4118,856448,2470
4119,856448,2980
4120,856448,2770
4121,856448,8890
4122,856448,3850
4123,856448,5690
4124,1000000,11700
4125,856448,1120
4126,856448,1430
4127,856448,1700
4128,856448,1010
4129,856448,1080
4130,1000000,14680
4131,856448,4720
4132,856448,1130
4133,856448,1000
4134,856448,1000
4135,856448,8830
4136,1000000,11470
4137,856448,1680
4138,1000000,16100
4139,856448,5060
4140,856448,6390
4141,856448,1520
4142,856448,3420
4143,856448,1130
4144,856448,1030
4145,856448,1550
4146,856448,1000
4147,1000000,24470
4148,856448,1010
4149,856448,1260
4150,856448,1200
4151,856448,1250
4152,856448,3390
4153,856448,4810
4154,856448,6630
4155,856448,4980
4156,856448,4470
4157,856448,7710
4158,856448,1110
4159,856448,1000
4160,856448,7140
4161,856448,1000
4162,856448,1030
4163,856448,1230
4164,856448,6580
4165,856448,9400
4166,856448,4550
4167,856448,1020
4168,856448,1000
4169,856448,3370
4170,856448,1000
4171,1000000,24350
4172,856448,1140
4173,856448,5740
4174,856448,2120
4175,856448,5010
4176,856448,1010
4177,856448,1270
4178,856448,3530
4179,856448,2960
4180,856448,1000
4181,1000000,79240
4182,856448,7370
4183,856448,8240
4184,856448,1390
4185,856448,1000
4186,856448,2020
4187,856448,1030
4188,856448,1000
4189,856448,2640
4190,856448,3880
4191,856448,2880
4192,856448,1000
4193,1000000,53320
4194,856448,1810
4195,856448,1020
4196,1000000,13240
4197,856448,3380
4198,856448,3100
4199,1000000,11460
4200,856448,3250
4201,856448,2230
4202,856448,1000
4203,856448,1230
4204,856448,1000
4205,856448,6260
4206,856448,1020
4207,856448,1870
4208,856448,2400
4209,856448,4220
4210,856448,6920
4211,856448,2690
4212,856448,6650
4213,856448,1000
4214,856448,1000
4215,856448,2890
4216,856448,1170
4217,856448,3780
4218,1000000,14070
4219,856448,1030
4220,856448,1000
4221,1000000,13360
4222,856448,1000
4223,856448,1010
4224,1000000,22620
4225,856448,1000
4226,856448,3620
4227,1000000,83850
4228,856448,1000
4229,856448,1000
4230,856448,5020
4231,1000000,21400
4232,1000000,15850
4233,856448,1000
4234,856448,4980
4235,856448,4730
4236,856448,1620
4237,856448,1220
4238,1000000,35590
4239,856448,1160
4240,856448,1000
4241,856448,2830
4242,856448,1000
4243,856448,2780
4244,856448,1000
4245,856448,1000
4246,856448,8720
4247,856448,1020
4248,856448,1000
4249,856448,4310
4250,856448,1000
4251,1000000,45020
4252,1000000,10930
4253,856448,5690
4254,856448,8410
4255,856448,1070
4256,856448,1060
4257,1000000,16430
4258,856448,1000
4259,856448,1100
4260,856448,7440
4261,856448,1000
4262,856448,9720
4263,1000000,33320
4264,856448,9360
4265,856448,1050
4266,856448,6390
4267,856448,1050
4268,856448,1280
4269,856448,1000
4270,856448,1010
4271,856448,1000
4272,1000000,20700
4273,856448,2250
4274,856448,1370
4275,856448,2800
4276,856448,1000
4277,856448,7820
4278,856448,1000
4279,1000000,74160
4280,856448,1060
4281,856448,4050
4282,856448,2910
4283,856448,1430
4284,856448,2190
4285,856448,1000
4286,856448,1000
4287,856448,1690
4288,856448,1000
4289,1000000,16710
4290,856448,1000
4291,856448,1160
4292,856448,4130
4293,856448,1650
4294,856448,1260
4295,856448,1020
4296,856448,2250
4297,856448,3810
4298,856448,1000
4299,856448,3570
4300,856448,1020
4301,856448,1840
4302,856448,2690
4303,856448,1000
4304,856448,1000
4305,856448,2280
4306,1000000,13930
4307,1000000,31320
4308,1000000,22230
4309,1000000,22110
4310,856448,3250
4311,856448,2850
4312,856448,1030
4313,856448,1420
4314,856448,1590
4315,1000000,47980
4316,856448,1060
4317,856448,2380
4318,856448,4220
4319,856448,1120
4320,856448,7530
4321,856448,1000
4322,856448,1000
4323,856448,1000
4324,1000000,10740
4325,856448,1090
4326,856448,1900
4327,856448,5060
4328,856448,5140
4329,856448,1080
4330,856448,1030
4331,856448,2350
4332,856448,4830
4333,1000000,135140
4334,856448,3520
4335,856448,4000
4336,856448,1340
4337,856448,6200
4338,856448,1420
4339,856448,1000
4340,856448,1000
4341,856448,5310
4342,856448,1050
4343,1000000,18100
4344,856448,1000
4345,856448,1000
4346,1000000,10810
4347,856448,1000
4348,1000000,19320
4349,856448,1000
4350,856448,1270
4351,856448,2100
4352,856448,1000
4353,1000000,101900
4354,856448,3690
4355,856448,3490
4356,856448,1000
4357,856448,1400
4358,856448,1000
4359,1000000,50380
4360,856448,1000
4361,856448,1030
4362,856448,1000
4363,856448,1000
4364,856448,1000
4365,856448,1350
4366,856448,1000
4367,1000000,20580
4368,856448,2200
4369,856448,1980
4370,856448,1000
4371,1000000,44380
4372,856448,1870
4373,1000000,23910
4374,856448,1000
4375,856448,7520
4376,856448,1020
4377,856448,1260
4378,856448,1300
4379,856448,1020
4380,856448,1030
4381,856448,1450
4382,856448,1030
4383,856448,1000
4384,856448,9300
4385,856448,1000
4386,856448,1580
4387,1000000,13530
4388,1000000,33970
4389,856448,5560
4390,856448,1000
4391,856448,1000
4392,1000000,19780
4393,1000000,71580
4394,856448,3100
4395,856448,1120
4396,856448,3210
4397,856448,1020
4398,856448,7510
4399,856448,3550
4400,1000000,22710
4401,856448,1750
4402,856448,1020
4403,1000000,11620
4404,856448,2470
4405,856448,3210
4406,856448,1000
4407,1000000,88250
4408,1000000,10040
4409,1000000,26640
4410,856448,1960
4411,856448,1030
4412,856448,1000
4413,856448,4220
4414,856448,1520
4415,1000000,11500
4416,856448,1160
4417,856448,1000
4418,856448,1030
4419,856448,4640
4420,856448,3650
4421,856448,1000
4422,856448,1110
4423,856448,1360
4424,856448,2790
4425,856448,6400
4426,856448,4120
4427,856448,1000
4428,1000000,363680
4429,856448,3070
4430,1000000,26410
4431,856448,6650
4432,1000000,53700
4433,1000000,38090
4434,856448,1000
4435,856448,9040
4436,856448,1550
4437,856448,8060
4438,856448,5520
4439,1000000,14240
4440,856448,2410
4441,1000000,18400
4442,856448,1020
4443,1000000,35560
4444,856448,1160
4445,1000000,35270
4446,856448,1550
4447,856448,1030
4448,856448,1000
4449,856448,1020
4450,856448,1240
4451,856448,1410
4452,856448,6510
4453,856448,1120
4454,856448,1220
4455,1000000,13160
4456,1000000,11350
4457,856448,9030
4458,1000000,51520
4459,856448,1000
4460,1000000,27790
4461,1587,2500000
4462,1000000,59610
4463,1000000,13800
4464,856448,1020
4465,856448,6330
4466,1000000,49060
4467,1000000,32080
4468,856448,1000
4469,1000000,10090
4470,856448,1170
4471,856448,2170
4472,856448,1040
4473,1000000,11730
4474,856448,1000
4475,1000000,12250
4476,856448,1750
4477,856448,4590
4478,1000000,98440
4479,856448,1170
4480,856448,1000
4481,856448,1000
4482,856448,3320
4483,856448,1400
4484,856448,1980
4485,856448,2920
4486,856448,1020
4487,856448,3990
4488,856448,1030
4489,856448,2350
4490,856448,2480
4491,856448,1010
4492,856448,1040
4493,856448,2080
4494,856448,9890
4495,856448,5290
4496,856448,2320
4497,856448,1930
4498,856448,3080
4499,856448,2500
4500,856448,2000
4501,856448,1360
4502,856448,1000
4503,856448,7740
4504,856448,5140
4505,1000000,51190
4506,1000000,20900
4507,856448,4720
4508,856448,4130
4509,856448,1110
4510,856448,6690
4511,856448,2380
4512,856448,3450
4513,856448,1030
4514,856448,3950
4515,856448,2290
4516,856448,4090
4517,856448,1510
4518,856448,2960
4519,856448,1000
4520,856448,2360
4521,856448,1150
4522,856448,1020
4523,856448,1060
4524,856448,7650
4525,1000000,78890
4526,856448,3570
4527,856448,1000
4528,856448,1800
4529,1000000,12880
4530,1000000,22520
4531,856448,1000
4532,856448,1000
4533,856448,2900
4534,856448,1250
4535,856448,5100
4536,856448,5020
4537,856448,3510
4538,856448,1440
4539,856448,1090
4540,856448,1760
4541,856448,1000
4542,1000000,40020
4543,856448,7460
4544,856448,1000
4545,856448,2060
4546,856448,8680
4547,1000000,17840
4548,856448,1940
4549,856448,1030
4550,856448,1010
4551,1000000,62490
4552,856448,1000
4553,1000000,26890
4554,856448,4610
4555,856448,1920
4556,856448,1000
4557,856448,1240
4558,856448,1440
4559,856448,1000
4560,856448,7980
4561,1000000,48460
4562,856448,3500
4563,856448,1020
4564,856448,4560
4565,856448,1420
4566,856448,1040
4567,856448,1000
4568,1000000,19160
4569,856448,1510
4570,1000000,26160
4571,856448,1000
4572,856448,1240
4573,856448,9650
4574,1000000,313050
4575,856448,1000
4576,856448,1010
4577,856448,1150
4578,1000000,31780
4579,856448,1370
4580,856448,3440
4581,856448,1370
4582,1000000,110050
4583,856448,1030
4584,1000000,19380
4585,856448,1000
4586,856448,1060
4587,856448,1000
4588,856448,4290
4589,856448,1020
4590,856448,2810
4591,856448,2160
4592,856448,2580
4593,856448,3490
4594,856448,2970
4595,856448,2830
4596,856448,1000
4597,1000000,48420
4598,856448,5020
4599,856448,1000
4600,856448,1580
4601,856448,1000
4602,1000000,46600
4603,1000000,17750
4604,856448,1140
4605,856448,1020
4606,1000000,42790
4607,856448,1000
4608,1000000,16740
4609,1000000,16320
4610,856448,1270
4611,1000000,10970
4612,1000000,86220
4613,856448,2970
4614,856448,2440
4615,856448,2190
4616,856448,3970
4617,856448,1010
4618,1000000,16640
4619,856448,1000
4620,1000000,24240
4621,856448,1040
4622,856448,2680
4623,856448,1650
4624,129910,479670
4625,856448,2260
4626,1000000,23340
4627,856448,1030
4628,856448,5710
4629,856448,1470
4630,856448,4690
4631,1000000,10550
4632,856448,1020
4633,856448,1000
4634,856448,2590
4635,856448,1000
4636,856448,2970
4637,856448,3460
4638,856448,1000
4639,1000000,21990
4640,856448,5490
4641,856448,4170
4642,1000000,25360
4643,1000000,14600
4644,856448,2860
4645,1000000,24990
4646,856448,9710
4647,856448,1000
4648,856448,1000
4649,1000000,69230
4650,856448,1000
4651,856448,2840
4652,856448,3160
4653,856448,1460
4654,856448,3400
4655,856448,1000
4656,1000000,10770
4657,856448,3580
4658,856448,2570
4659,1000000,13700
4660,856448,1250
4661,856448,1000
4662,856448,1000
4663,856448,2640
4664,856448,3600
4665,856448,3390
4666,856448,1020
4667,856448,1000
4668,856448,1000
4669,856448,1130
4670,856448,1000
4671,856448,5370
4672,856448,3180
4673,856448,1000
4674,856448,1040
4675,856448,1780
4676,856448,1850
4677,856448,1000
4678,856448,1020
4679,856448,1000
4680,856448,1000
4681,856448,5990
4682,856448,4690
4683,856448,1690
4684,856448,1000
4685,856448,1000
4686,856448,1000
4687,856448,1000
4688,856448,1090
4689,1000000,87320
4690,856448,1310
4691,856448,1020
4692,856448,1000
4693,856448,3190
4694,856448,1000
4695,856448,5640
4696,856448,2480
4697,856448,1000
4698,856448,1480
4699,856448,1520
4700,1000000,16880
4701,856448,1710
4702,856448,1100
4703,856448,1850
4704,856448,1420
4705,856448,5170
4706,856448,5140
4707,856448,4270
4708,856448,1900
4709,856448,1010
4710,856448,1930
4711,856448,1000
4712,856448,6190
4713,856448,2670
4714,856448,1000
4715,856448,1570
4716,1000000,11470
4717,856448,1100
4718,856448,1190
4719,1000000,82770
4720,856448,1000
4721,856448,1860
4722,856448,1970
4723,856448,6460
4724,856448,8900
4725,856448,1000
4726,856448,1000
4727,856448,6300
4728,856448,1590
4729,1000000,14630
4730,856448,4970
4731,856448,1080
4732,856448,4450
4733,856448,3570
4734,856448,1000
4735,856448,1000
4736,856448,1000
4737,856448,1010
4738,856448,2300
4739,856448,1000
4740,856448,1010
4741,856448,7930
4742,1000000,19980
4743,856448,1000
4744,1000000,33880
4745,856448,2250
4746,856448,1170
4747,1000000,32820
4748,856448,1000
4749,856448,1700
4750,1000000,28620
4751,856448,1010
4752,856448,1000
4753,856448,2430
4754,1000000,15240
4755,856448,1450
4756,856448,1340
4757,1000000,10350
4758,1000000,26370
4759,856448,1270
4760,856448,1330
4761,856448,1020
4762,856448,1760
4763,856448,1570
4764,63915,1003250
4765,856448,6250
4766,856448,1040
4767,1000000,95150
4768,856448,2200
4769,856448,9560
4770,856448,1020
4771,1000000,92900
4772,856448,2990
4773,856448,2840
4774,856448,1000
4775,856448,1020
4776,856448,2360
4777,1000000,13650
4778,856448,1000
4779,856448,1770
4780,856448,1000
4781,856448,1000
4782,856448,2300
4783,856448,8530
4784,1000000,46810
4785,856448,4820
4786,856448,1000
4787,1000000,54130
4788,856448,2950
4789,856448,1000
4790,856448,7580
4791,856448,1000
4792,856448,1440
4793,1000000,81760
4794,856448,1000
4795,856448,1910
4796,856448,1590
4797,856448,7570
4798,856448,1010
4799,856448,1010
4800,856448,1800
4801,856448,1000
4802,856448,3200
4803,856448,7440
4804,856448,1000
4805,856448,1000
4806,856448,5700
4807,856448,1080
4808,856448,1000
4809,856448,1000
4810,856448,5680
4811,856448,1280
4812,856448,3710
4813,856448,1910
4814,856448,1030
4815,856448,1000
4816,856448,3460
4817,856448,2220
4818,856448,3340
4819,856448,2290
4820,856448,4500
4821,1000000,12200
4822,856448,1510
4823,856448,1990
4824,856448,1010
4825,856448,1020
4826,856448,7660
4827,856448,1000
4828,1000000,30550
4829,1000000,26570
4830,856448,1000
4831,1000000,56520
4832,1000000,10170
4833,1000000,30270
4834,856448,1650
4835,856448,4330
4836,1000000,40520
4837,856448,1000
4838,1000000,16030
4839,1000000,84090
4840,856448,1000
4841,856448,1090
4842,856448,1030
4843,856448,1020
4844,856448,1600
4845,856448,2970
4846,1000000,59020
4847,856448,1000
4848,856448,9150
4849,856448,1020
4850,1000000,16280
4851,1000000,18580
4852,856448,6210
4853,856448,4080
4854,1000000,15800
4855,856448,4200
4856,856448,1150
4857,1000000,17990
4858,856448,1000
4859,1000000,139440
4860,856448,1500
4861,856448,1290
4862,856448,1000
4863,856448,1000
4864,856448,1000
4865,856448,1000
4866,856448,1000
4867,856448,1000
4868,856448,1900
4869,856448,1810
4870,856448,1010
4871,856448,1510
4872,856448,1000
4873,856448,1000
4874,856448,8750
4875,856448,2870
4876,856448,1250
4877,856448,1200
4878,856448,4020
4879,856448,6460
4880,856448,8550
4881,856448,1040
4882,1000000,10250
4883,1000000,115330
4884,1000000,19750
4885,856448,2490
4886,1000000,22340
4887,856448,9950
4888,856448,3550
4889,856448,1000
4890,1000000,17540
4891,856448,7510
4892,856448,1220
4893,856448,1110
4894,856448,1000
4895,856448,8790
4896,856448,3730
4897,856448,1010
4898,856448,2800
4899,856448,1030
4900,856448,1210
4901,856448,1000
4902,1000000,10020
4903,1000000,15750
4904,856448,1580
4905,856448,1020
4906,856448,1570
4907,856448,2540
4908,856448,1010
4909,856448,1020
4910,856448,9370
4911,856448,8810
4912,856448,2190
4913,856448,5680
4914,856448,1000
4915,1000000,61310
4916,856448,1000
4917,856448,3950
4918,1000000,147160
4919,856448,5360
4920,856448,1610
4921,1000000,14670
4922,856448,1000
4923,856448,1660
4924,856448,2690
4925,856448,2530
4926,1000000,52670
4927,1000000,25650
4928,856448,5490
4929,1000000,24370
4930,856448,9670
4931,856448,1560
4932,856448,1000
4933,1000000,13410
4934,856448,3440
4935,856448,1410
4936,856448,4540
4937,856448,9130
4938,856448,6600
4939,856448,2630
4940,856448,1000
4941,856448,2330
4942,856448,1000
4943,856448,1000
4944,856448,1000
4945,1000000,15650
4946,856448,1000
4947,856448,1000
4948,856448,2740
4949,856448,1020
4950,856448,1730
4951,1000000,30630
4952,856448,2290
4953,856448,5830
4954,856448,5500
4955,856448,9060
4956,856448,1000
4957,1000000,12660
4958,856448,1000
4959,856448,1000
4960,856448,5500
4961,856448,1030
4962,856448,6850
4963,1000000,62110
4964,856448,1020
4965,856448,1290
4966,856448,1320
4967,856448,1170
4968,856448,1130
4969,856448,1570
4970,1000000,165410
4971,856448,1640
4972,856448,6350
4973,856448,1260
4974,856448,1000
4975,1000000,42140
4976,856448,1660
4977,856448,1210
4978,856448,4080
4979,856448,1000
4980,856448,1110
4981,856448,1160
4982,856448,1580
4983,856448,2600
4984,1000000,22180
4985,856448,6060
4986,856448,3330
4987,856448,9590
4988,856448,1000
4989,856448,8250
4990,856448,1400
4991,856448,5260
4992,856448,9840
4993,856448,1000
4994,856448,2530
4995,856448,1010
4996,856448,1000
4997,856448,1160
4998,1000000,12780
4999,856448,6530
5000,856448,5120
5001,856448,5020
5002,856448,2700
5003,1000000,29970
5004,856448,9440
5005,1000000,85440
5006,856448,1070
5007,856448,1060
5008,856448,4830
5009,856448,4250
5010,856448,1170
5011,856448,1010
5012,856448,1040
5013,856448,1750
5014,856448,7450
5015,856448,1000
5016,1000000,16890
5017,1000000,87260
5018,856448,1000
5019,856448,1040
5020,1000000,66920
5021,856448,1520
5022,856448,2030
5023,1000000,85550
5024,1000000,69040
5025,856448,1000
5026,856448,1000
5027,856448,1000
5028,856448,1000
5029,856448,6330
5030,856448,6550
5031,856448,1000
5032,856448,1000
5033,856448,4790
5034,856448,1000
5035,856448,1000
5036,856448,3210
5037,856448,1050
5038,856448,1030
5039,1000000,11160
5040,856448,1100
5041,856448,2850
5042,856448,4290
5043,856448,3910
5044,856448,1020
5045,856448,1000
5046,1000000,13790
5047,856448,1010
5048,856448,1000
5049,1000000,56970
5050,856448,1000
5051,856448,2580
5052,856448,4650
5053,856448,3320
5054,856448,1600
5055,1000000,11090
5056,856448,6410
5057,856448,1900
5058,856448,1000
5059,856448,2860
5060,856448,1300
5061,1000000,48860
5062,856448,3920
5063,856448,8090
5064,856448,1000
5065,1000000,14700
5066,856448,1730
5067,856448,2440
5068,856448,6130
5069,1000000,11610
5070,856448,1000
5071,856448,1000
5072,856448,1030
5073,856448,1920
5074,856448,6550
5075,856448,1250
5076,856448,1440
5077,856448,8680
5078,856448,4150
5079,856448,1000
5080,856448,1000
5081,1000000,10580
5082,856448,2100
5083,856448,1000
5084,856448,2670
5085,856448,1000
5086,856448,1030
5087,856448,1340
5088,856448,1150
5089,856448,1000
5090,856448,1000
5091,856448,1000
5092,1000000,156060
5093,856448,7120
5094,856448,1070
5095,1000000,10070
5096,856448,1000
5097,856448,4400
5098,856448,2300
5099,856448,1040
5100,1000000,32440
5101,856448,2320
5102,856448,1020
5103,1000000,19550
5104,129910,567290
5105,856448,1670
5106,856448,7840
5107,856448,1000
5108,856448,3140
5109,856448,1020
5110,856448,1000
5111,856448,4870
5112,856448,1040
5113,856448,3250
5114,856448,1410
5115,856448,2680
5116,856448,1000
5117,856448,1000
5118,856448,1000
5119,856448,6690
5120,856448,1040
5121,856448,1050
5122,856448,1000
5123,856448,4790
5124,856448,1050
5125,856448,3770
5126,1000000,31650
5127,856448,1000
5128,856448,1480
5129,856448,1100
5130,856448,1000
5131,856448,5440
5132,856448,2320
5133,856448,5530
5134,1000000,36940
5135,856448,4200
5136,856448,1000
5137,856448,1010
5138,856448,2860
5139,1000000,18840
5140,856448,1300
5141,1000000,12340
5142,856448,1300
5143,856448,1350
5144,856448,1000
5145,856448,1000
5146,856448,1000
5147,856448,2090
5148,856448,1000
5149,1000000,58180
5150,856448,1000
5151,856448,9180
5152,856448,1000
5153,856448,7630
5154,856448,1000
5155,856448,2180
5156,856448,1550
5157,856448,6740
5158,856448,1330
5159,856448,1000
5160,856448,1000
5161,856448,2750
5162,856448,1080
5163,856448,1000
5164,856448,2720
5165,856448,1000
5166,1000000,12360
5167,1000000,34180
5168,856448,1510
5169,856448,1000
5170,856448,6670
5171,856448,8820
5172,1000000,37680
5173,856448,7810
5174,856448,2170
5175,856448,1870
5176,856448,1860
5177,856448,2030
5178,856448,4420
5179,856448,1040
5180,856448,1050
5181,856448,2910
5182,856448,2210
5183,856448,1020
5184,856448,1000
5185,856448,7330
5186,856448,1000
5187,856448,1020
5188,856448,4960
5189,856448,6970
5190,856448,7530
5191,856448,6160
5192,856448,1320
5193,856448,3160
5194,1000000,27400
5195,856448,7340
5196,1000000,12220
5197,856448,1980
5198,856448,1090
5199,856448,1470
5200,856448,3480
5201,856448,1060
5202,856448,1020
5203,1000000,15650
5204,856448,2190
5205,856448,8110
5206,856448,2420
5207,856448,1000
5208,856448,1930
5209,1000000,85090
5210,856448,5900
5211,1000000,45370
5212,856448,1000
5213,1000000,21520
5214,856448,1050
5215,1000000,32530
5216,856448,1000
5217,856448,2620
5218,856448,3070
5219,856448,4030
5220,856448,1300
5221,856448,3600
5222,1000000,33020
5223,856448,2340
5224,1000000,50110
5225,856448,2690
5226,856448,1000
5227,856448,7450
5228,856448,8530
5229,856448,1000
5230,856448,3060
5231,856448,1360
5232,1000000,45720
5233,856448,1050
5234,856448,1030
5235,856448,3650
5236,1000000,10300
5237,856448,1810
5238,1000000,15860
5239,1000000,21470
5240,856448,1280
5241,1000000,12940
5242,856448,1000
5243,856448,1140
5244,856448,2650
5245,856448,1000
5246,856448,1790
5247,856448,2180
5248,1000000,37940
5249,856448,1000
5250,856448,1000
5251,856448,1000
5252,856448,1000
5253,856448,1400
5254,856448,1200
5255,856448,2510
5256,856448,1070
5257,856448,1000
5258,1000000,15240
5259,856448,1000
5260,856448,1290
5261,856448,2710
5262,856448,8790
5263,856448,1000
5264,856448,1030
5265,1000000,14330
5266,856448,1000
5267,856448,2140
5268,1000000,65380
5269,1000000,36870
5270,856448,2180
5271,856448,6460
5272,856448,3850
5273,856448,1430
5274,856448,8490
5275,856448,1230
5276,1000000,38510
5277,856448,1000
5278,856448,1350
5279,856448,2310
5280,856448,3990
5281,856448,1000
5282,856448,3070
5283,856448,1000
5284,856448,5380
5285,856448,1590
5286,1000000,12830
5287,856448,1000
5288,856448,1040
5289,856448,3530
5290,856448,1610
5291,856448,3170
5292,856448,1050
5293,856448,1020
5294,856448,1000
5295,1000000,16110
5296,856448,3780
5297,856448,3670
5298,1000000,23600
5299,1000000,42470
5300,1000000,43900
5301,856448,4870
5302,856448,3750
5303,856448,5670
5304,856448,1410
5305,856448,1020
5306,856448,2140
5307,856448,1000
5308,856448,1170
5309,856448,1000
5310,856448,1000
5311,856448,1000
5312,856448,1000
5313,856448,1210
5314,1000000,31600
5315,1000000,301490
5316,1000000,15550
5317,856448,1080
5318,856448,2410
5319,856448,1990
5320,856448,1850
5321,856448,1000
5322,856448,2630
5323,856448,1210
5324,856448,4330
5325,856448,3000
5326,1000000,80530
5327,856448,2280
5328,856448,4780
5329,856448,1000
5330,856448,1020
5331,856448,1020
5332,856448,1000
5333,856448,1320
5334,856448,1000
5335,1000000,84610
5336,856448,2560
5337,856448,3620
5338,856448,1040
5339,856448,1040
5340,856448,9890
5341,1000000,10910
5342,1000000,15500
5343,856448,2730
5344,856448,1000
5345,856448,1010
5346,856448,1000
5347,856448,1000
5348,856448,1020
5349,1000000,149470
5350,856448,9580
5351,856448,5080
5352,856448,1000
5353,856448,4060
5354,856448,1890
5355,856448,1010
5356,856448,5410
5357,856448,2670
5358,856448,1000
5359,856448,1000
5360,856448,2530
5361,856448,1040
5362,856448,6060
5363,856448,1070
5364,856448,1000
5365,856448,2110
5366,856448,4570
5367,856448,1000
5368,1000000,33400
5369,856448,1650
5370,856448,1000
5371,856448,2590
5372,856448,2860
5373,856448,2100
5374,856448,2080
5375,856448,1000
5376,1000000,28460
5377,856448,1030
5378,856448,1020
5379,1000000,32550
5380,856448,1030
5381,856448,2240
5382,856448,1750
5383,856448,1020
5384,1587,2500000
5385,856448,7430
5386,856448,7910
5387,856448,1440
5388,856448,1090
5389,856448,1020
5390,1000000,66130
5391,1000000,25880
5392,856448,1820
5393,1000000,40430
5394,856448,1980
5395,856448,8300
5396,856448,4480
5397,856448,1010
5398,856448,6720
5399,856448,1010
5400,856448,6270
5401,1000000,15980
5402,856448,2780
5403,856448,1640
5404,856448,5810
5405,856448,1000
5406,856448,1000
5407,856448,4750
5408,856448,1700
5409,856448,1570
5410,856448,5100
5411,856448,1000
5412,856448,1310
5413,856448,4410
5414,856448,2420
5415,856448,1000
5416,856448,1000
5417,856448,4890
5418,856448,1200
5419,856448,7330
5420,856448,1130
5421,856448,1010
5422,856448,5170
5423,856448,1680
5424,856448,1250
5425,856448,1000
5426,856448,1000
5427,856448,1000
5428,856448,9890
5429,856448,1020
5430,856448,1020
5431,856448,6140
5432,1000000,13670
5433,856448,1000
5434,1000000,17420
5435,856448,1330
5436,856448,1000
5437,856448,3150
5438,1000000,10330
5439,856448,1000
5440,856448,2010
5441,856448,1540
5442,856448,1030
5443,856448,2070
5444,856448,1000
5445,856448,1920
5446,856448,5740
5447,856448,8290
5448,856448,1230
5449,1000000,52280
5450,856448,1330
5451,856448,5770
5452,856448,1000
5453,856448,3080
5454,856448,8020
5455,856448,1000
5456,856448,1000
5457,856448,3510
5458,1000000,31270
5459,856448,8020
5460,856448,3990
5461,856448,6990
5462,856448,4320
5463,856448,1530
5464,856448,2210
5465,1000000,120820
5466,856448,1010
5467,856448,8510
5468,1000000,19810
5469,856448,3850
5470,856448,1000
5471,856448,1650
5472,856448,1910
5473,856448,1000
5474,1000000,35020
5475,856448,6920
5476,1000000,35940
5477,856448,1000
5478,856448,2680
5479,1000000,11600
5480,856448,6320
5481,856448,2540
5482,856448,1000
5483,856448,1010
5484,856448,2470
5485,856448,3300
5486,856448,7930
5487,856448,1100
5488,856448,1010
5489,856448,1000
5490,856448,1010
5491,856448,1000
5492,856448,3780
5493,856448,8530
5494,856448,1000
5495,856448,2780
5496,856448,4360
5497,856448,1090
5498,856448,1000
5499,856448,1000
5500,1000000,16720
5501,856448,3430
5502,856448,1500
5503,856448,2280
5504,856448,1000
5505,856448,8600
5506,856448,3970
5507,856448,5090
5508,856448,1000
5509,856448,1790
5510,856448,1470
5511,1000000,32070
5512,856448,1000
5513,856448,1000
5514,856448,1210
5515,856448,1130
5516,856448,2920
5517,856448,1000
5518,1000000,44000
5519,856448,8250
5520,856448,1550
5521,856448,5400
5522,856448,1640
5523,856448,1000
5524,856448,2300
5525,856448,3100
5526,856448,1020
5527,856448,2570
5528,856448,7670
5529,856448,1010
5530,856448,1000
5531,856448,2410
5532,856448,1160
5533,856448,1600
5534,856448,1030
5535,856448,1000
5536,856448,7990
5537,1000000,15510
5538,856448,3290
5539,856448,1000
5540,856448,1200
5541,856448,1000
5542,1000000,10340
5543,856448,1010
5544,1000000,13890
5545,856448,1000
5546,1000000,33890
5547,856448,3360
5548,856448,2070
5549,856448,1010
5550,856448,1000
5551,856448,5310
5552,856448,1000
5553,856448,1000
5554,856448,1000
5555,856448,9690
5556,856448,1000
5557,856448,6020
5558,1000000,10760
5559,856448,7010
5560,856448,1400
5561,856448,1820
5562,856448,1000
5563,856448,9690
5564,856448,2410
5565,856448,2730
5566,1000000,45890
5567,856448,1000
5568,856448,1000
5569,1000000,35300
5570,1000000,19560
5571,856448,1020
5572,1000000,51450
5573,856448,1000
5574,856448,6180
5575,856448,1090
5576,856448,1130
5577,1000000,11980
5578,1000000,19300
5579,856448,1000
5580,856448,6580
5581,1000000,19220
5582,856448,1000
5583,856448,2400
5584,856448,8230
5585,856448,4840
5586,856448,1030
5587,1000000,40640
5588,856448,2270
5589,1000000,60120
5590,856448,1040
5591,856448,2970
5592,856448,1080
5593,856448,2760
5594,856448,8900
5595,856448,1000
5596,856448,1000
5597,1000000,19980
5598,856448,1080
5599,856448,4560
5600,856448,6440
5601,856448,4920
5602,856448,7400
5603,856448,3620
5604,856448,7400
5605,856448,1010
5606,1000000,19980
5607,856448,1480
5608,856448,3040
5609,856448,1100
5610,856448,3070
5611,856448,9490
5612,856448,1000
5613,856448,1250
5614,856448,4250
5615,1000000,43170
5616,856448,1000
5617,856448,2480
5618,856448,1000
5619,856448,3730
5620,1000000,24270
5621,856448,2290
5622,856448,1000
5623,856448,1850
5624,856448,3840
5625,856448,4180
5626,856448,1420
5627,856448,1000
5628,856448,1800
5629,856448,1120
5630,856448,1880
5631,856448,6560
5632,856448,2400
5633,856448,1990
5634,856448,2630
5635,856448,1330
5636,856448,1000
5637,856448,1210
5638,856448,1020
5639,1000000,51510
5640,856448,1000
5641,1587,2500000
5642,856448,1000
5643,856448,1010
5644,856448,1030
5645,856448,3150
5646,856448,2600
5647,856448,1590
5648,856448,5300
5649,856448,1000
5650,856448,1000
5651,856448,1000
5652,856448,1730
5653,856448,2210
5654,856448,1000
5655,1000000,119570
5656,856448,1610
5657,856448,2380
5658,856448,5090
5659,856448,9310
5660,856448,1050
5661,856448,6430
5662,1000000,17300
5663,1000000,46010
5664,856448,1000
5665,856448,1000
5666,856448,7920
5667,1000000,10180
5668,856448,2940
5669,856448,8680
5670,856448,7810
5671,856448,1030
5672,856448,1000
5673,856448,6820
5674,856448,1000
5675,1000000,12030
5676,856448,5930
5677,1000000,33540
5678,856448,1000
5679,856448,2270
5680,1000000,38030
5681,856448,2020
5682,856448,1000
5683,856448,1000
5684,856448,8860
5685,856448,1020
5686,856448,1040
5687,856448,4870
5688,856448,1040
5689,856448,1010
5690,856448,1450
5691,856448,6980
5692,856448,1090
5693,856448,1000
5694,856448,1390
5695,1000000,15130
5696,856448,3010
5697,856448,1000
5698,1000000,44230
5699,856448,1000
5700,856448,2770
5701,856448,1000
5702,856448,3930
5703,856448,1000
5704,856448,1270
5705,856448,1000
5706,856448,1000
5707,856448,4970
5708,856448,1390
5709,856448,1030
5710,856448,1060
5711,1000000,10370
5712,856448,1000
5713,856448,1000
5714,856448,2540
5715,1000000,11400
5716,856448,2750
5717,856448,2140
5718,1000000,193540
5719,856448,4360
5720,856448,1150
5721,856448,7670
5722,856448,1810
5723,856448,4700
5724,1000000,20110
5725,856448,1000
5726,856448,2660
5727,856448,2440
5728,856448,1000
5729,856448,1010
5730,856448,3030
5731,1000000,16600
5732,856448,4370
5733,856448,1030
5734,856448,2140
5735,1000000,18940
5736,856448,1000
5737,856448,1240
5738,1000000,18030
5739,856448,1020
5740,856448,2980
5741,856448,2350
5742,856448,3680
5743,1000000,20380
5744,856448,1000
5745,856448,1290
5746,856448,1000
5747,856448,3320
5748,1000000,239280
5749,856448,1100
5750,856448,3670
5751,856448,2250
5752,856448,4390
5753,856448,3360
5754,856448,1000
5755,856448,2730
5756,856448,2020
5757,856448,1500
5758,856448,1000
5759,856448,4650
5760,856448,1040
5761,1000000,58250
5762,1000000,61340
5763,1000000,21000
5764,1000000,23510
5765,856448,1000
5766,856448,3650
5767,1000000,30230
5768,1000000,39950
5769,856448,2350
5770,856448,1000
5771,1000000,54310
5772,856448,2530
5773,856448,9060
5774,856448,1000
5775,856448,1000
5776,856448,2160
5777,856448,4910
5778,856448,2440
5779,1000000,24460
5780,856448,3390
5781,856448,1000
5782,1000000,79100
5783,1000000,13110
5784,856448,5160
5785,856448,1030
5786,1000000,18690
5787,856448,1020
5788,856448,2450
5789,856448,2780
5790,856448,1960
5791,856448,1000
5792,1000000,17410
5793,1000000,14520
5794,856448,8660
5795,856448,7970
5796,856448,7690
5797,1000000,47600
5798,856448,1130
5799,856448,1000
5800,856448,2390
5801,856448,1420
5802,856448,4330
5803,856448,4230
5804,856448,1060
5805,1000000,12950
5806,856448,2310
5807,856448,1020
5808,856448,5220
5809,856448,4430
5810,856448,3400
5811,856448,1000
5812,856448,1080
5813,856448,1140
5814,856448,3910
5815,856448,1000
5816,856448,4160
5817,856448,1320
5818,856448,6150
5819,1000000,10670
5820,856448,1040
5821,856448,1030
5822,856448,2920
5823,856448,2070
5824,856448,1170
5825,856448,1030
5826,856448,1000
5827,1000000,11140
5828,856448,1180
5829,856448,4020
5830,856448,2950
5831,856448,1000
5832,856448,1000
5833,856448,1000
5834,856448,8370
5835,856448,1030
5836,856448,2100
5837,856448,1000
5838,856448,1000
5839,856448,5950
5840,856448,1000
5841,856448,1000
5842,856448,1020
5843,856448,5020
5844,856448,1690
5845,856448,1040
5846,856448,1950
5847,856448,4810
5848,856448,1190
5849,856448,3040
5850,856448,1000
5851,1000000,20880
5852,856448,1020
5853,1000000,20290
5854,856448,4080
5855,1000000,59630
5856,856448,1490
5857,1000000,47090
5858,1000000,20300
5859,1000000,13990
5860,856448,7110
5861,856448,1820
5862,1000000,61100
5863,856448,5000
5864,1000000,49240
5865,856448,1050
5866,856448,5070
5867,856448,2060
5868,856448,1000
5869,1000000,25290
5870,856448,1040
5871,1000000,28700
5872,856448,1290
5873,1000000,42380
5874,1000000,12550
5875,856448,1950
5876,856448,2130
5877,856448,1040
5878,856448,1070
5879,856448,3300
5880,1000000,29320
5881,856448,1000
5882,856448,1080
5883,856448,1640
5884,856448,1970
5885,1000000,19510
5886,856448,1460
5887,856448,1030
5888,856448,1000
5889,856448,1020
5890,1000000,14420
5891,856448,2090
5892,856448,1580
5893,856448,1000
5894,856448,1020
5895,856448,1090
5896,856448,1000
5897,1000000,19250
5898,856448,4690
5899,856448,2270
5900,856448,9670
5901,856448,8750
5902,856448,1000
5903,1000000,33340
5904,856448,1990
5905,856448,4880
5906,856448,1000
5907,856448,1060
5908,856448,7040
5909,856448,2580
5910,856448,1030
5911,856448,1590
5912,856448,1020
5913,856448,2970
5914,856448,1340
5915,856448,3710
5916,856448,1000
5917,856448,1800
5918,1587,2500000
5919,856448,3480
5920,856448,1070
5921,856448,1960
5922,856448,2440
5923,1000000,14290
5924,856448,1000
5925,856448,2150
5926,856448,1560
5927,856448,2170
5928,856448,1020
5929,856448,2600
5930,856448,2230
5931,856448,1070
5932,856448,1020
5933,856448,1050
5934,856448,1020
5935,856448,1390
5936,856448,1670
5937,856448,1040
5938,1000000,21240
5939,856448,2930
5940,856448,5600
5941,856448,1420
5942,1000000,11720
5943,856448,1670
5944,856448,1000
5945,856448,1920
5946,856448,8750
5947,856448,1000
5948,856448,1000
5949,856448,1020
5950,856448,1000
5951,856448,1480
5952,856448,1290
5953,856448,5730
5954,856448,1000
5955,856448,5700
5956,856448,5660
5957,856448,4590
5958,856448,1560
5959,856448,1170
5960,856448,2200
5961,856448,4060
5962,856448,1030
5963,856448,2360
5964,856448,5460
5965,856448,1000
5966,856448,1620
5967,856448,1040
5968,856448,1000
5969,856448,7600
5970,856448,1030
5971,856448,2770
5972,856448,5190
5973,856448,2780
5974,856448,1550
5975,1000000,22520
5976,856448,4790
5977,1000000,12550
5978,856448,5090
5979,856448,1760
5980,856448,1860
5981,856448,3430
5982,856448,1890
5983,856448,2580
5984,856448,1030
5985,856448,1090
5986,856448,1920
5987,856448,6740
5988,1000000,29360
5989,856448,8200
5990,856448,5000
5991,856448,2570
5992,856448,3890
5993,856448,1330
5994,856448,1000
5995,1000000,27130
5996,856448,5250
5997,856448,1000
5998,1000000,11120
5999,856448,4540
6000,1000000,24200
6001,856448,2160
6002,1000000,53690
6003,856448,3240
6004,856448,1000
6005,856448,1020
6006,1000000,13270
6007,856448,1020
6008,856448,1000
6009,856448,1120
6010,856448,3350
6011,856448,1000
6012,856448,2520
6013,856448,5990
6014,856448,1000
6015,1000000,69560
6016,856448,3990
6017,856448,1880
6018,856448,1000
6019,856448,3130
6020,856448,1110
6021,856448,1000
6022,1000000,133220
6023,856448,1990
6024,856448,8870
6025,856448,1180
6026,856448,1920
6027,856448,7410
6028,856448,1870
6029,856448,1040
6030,856448,4660
6031,856448,1330
6032,856448,3290
6033,856448,1000
6034,856448,1010
6035,1000000,39300
6036,856448,1010
6037,856448,6810
6038,856448,2820
6039,1000000,13940
6040,856448,4800
6041,856448,1030
6042,856448,1000
6043,856448,1090
6044,856448,2920
6045,856448,1100
6046,856448,9450
6047,856448,1020
6048,856448,1000
6049,856448,1000
6050,856448,1540
6051,856448,6530
6052,856448,1040
6053,856448,1070
6054,1000000,11020
6055,1000000,11930
6056,856448,2590
6057,1000000,127550
6058,856448,6560
6059,1000000,36440
6060,856448,1590
6061,856448,2660
6062,856448,1000
6063,856448,1000
6064,1000000,309060
6065,856448,1720
6066,856448,1000
6067,856448,1400
6068,856448,1000
6069,1000000,151470
6070,856448,7050
6071,856448,1000
6072,1000000,14070
6073,856448,1160
6074,856448,1680
6075,1000000,10010
6076,1000000,10050
6077,856448,2230
6078,856448,2740
6079,856448,6280
6080,1000000,16300
6081,856448,1000
6082,856448,1030
6083,1000000,14540
6084,856448,1000
6085,856448,2220
6086,856448,1090
6087,856448,6210
6088,856448,1000
6089,856448,1930
6090,856448,1290
6091,1000000,387220
6092,1000000,14170
6093,856448,9510
6094,856448,4600
6095,856448,1000
6096,856448,3540
6097,856448,4070
6098,856448,1000
6099,1000000,10670
6100,1000000,18890
6101,1000000,46870
6102,856448,2760
6103,856448,1000
6104,856448,1000
6105,856448,4490
6106,856448,1000
6107,856448,1000
6108,1000000,28840
6109,856448,1040
6110,856448,1020
6111,856448,9520
6112,856448,1310
6113,1000000,20860
6114,856448,6080
6115,856448,4390
6116,856448,2290
6117,856448,1050
6118,1000000,161660
6119,1000000,88150
6120,856448,1000
6121,856448,1020
6122,856448,5880
6123,856448,1030
6124,856448,1760
6125,856448,1040
6126,856448,1190
6127,1587,2500000
6128,856448,1030
6129,856448,4200
6130,856448,1660
6131,856448,2250
6132,856448,3550
6133,856448,2030
6134,856448,1000
6135,856448,1070
6136,856448,6780
6137,856448,1000
6138,856448,3880
6139,856448,3880
6140,856448,1030
6141,856448,1000
6142,856448,1000
6143,856448,1330
6144,856448,2490
6145,856448,1720
6146,856448,2330
6147,856448,1000
6148,856448,1000
6149,856448,1000
6150,1000000,32560
6151,856448,5840
6152,856448,3290
6153,856448,1160
6154,856448,1020
6155,856448,1410
6156,856448,3000
6157,856448,5750
6158,856448,1110
6159,1000000,22830
6160,1000000,74950
6161,856448,1970
6162,856448,1000
6163,856448,1000
6164,856448,1770
6165,856448,1090
6166,856448,1040
6167,856448,1000
6168,856448,1140
6169,1000000,10790
6170,1000000,32150
6171,856448,1000
6172,856448,8080
6173,856448,1000
6174,856448,1470
6175,856448,2630
6176,856448,2120
6177,856448,1350
6178,856448,2150
6179,856448,1400
6180,856448,1000
6181,856448,1490
6182,1000000,70850
6183,856448,1000
6184,856448,1000
6185,856448,5570
6186,856448,1180
6187,856448,1550
6188,856448,9460
6189,1000000,19870
6190,1000000,79320
6191,856448,1030
6192,856448,4920
6193,856448,5260
6194,856448,1030
6195,1000000,63220
6196,856448,1040
6197,856448,1760
6198,856448,1000
6199,856448,3500
6200,856448,1000
6201,1000000,17440
6202,856448,2120
6203,856448,2830
6204,856448,1430
6205,856448,4470
6206,856448,1030
6207,856448,1000
6208,856448,1000
6209,856448,2570
6210,856448,1020
6211,1000000,36880
6212,856448,5850
6213,856448,7250
6214,856448,1000
6215,856448,3690
6216,856448,1000
6217,856448,1000
6218,856448,1560
6219,856448,1000
6220,856448,1080
6221,856448,1290
6222,856448,1030
6223,856448,1900
6224,856448,1000
6225,856448,1350
6226,856448,1070
6227,856448,6870
6228,856448,3580
6229,856448,1000
6230,856448,1000
6231,856448,1390
6232,856448,5460
6233,856448,1190
6234,856448,1930
6235,856448,1590
6236,856448,4610
6237,1000000,14790
6238,856448,1000
6239,856448,2070
6240,856448,3040
6241,856448,1010
6242,1000000,21920
6243,856448,1160
6244,1000000,36580
6245,856448,1020
6246,856448,4010
6247,856448,4500
6248,1000000,11420
6249,856448,2030
6250,1000000,30050
6251,856448,1000
6252,1000000,44900
6253,856448,1000
6254,856448,6290
6255,856448,1000
6256,856448,1000
6257,856448,1000
6258,856448,3250
6259,856448,1010
6260,856448,1830
6261,1000000,34570
6262,856448,5080
6263,1000000,30270
6264,856448,1020
6265,856448,2150
6266,856448,7390
6267,856448,1400
6268,856448,1100
6269,856448,1000
6270,856448,1700
6271,856448,1320
6272,856448,1000
6273,856448,1000
6274,856448,1480
6275,856448,2690
6276,856448,1020
6277,856448,2120
6278,856448,1000
6279,856448,1000
6280,856448,6610
6281,856448,3490
6282,856448,1050
6283,856448,3160
6284,856448,1000
6285,856448,2280
6286,856448,1240
6287,856448,2540
6288,1000000,35650
6289,856448,2420
6290,856448,1050
6291,856448,1000
6292,856448,2350
6293,1000000,11760
6294,856448,1000
6295,856448,1020
6296,856448,8220
6297,856448,1000
6298,856448,1000
6299,856448,1730
6300,856448,2750
6301,856448,1000
6302,856448,1000
6303,856448,7410
6304,856448,1050
6305,1000000,38090
6306,856448,1950
6307,856448,1000
6308,856448,1440
6309,856448,1000
6310,856448,6440
6311,856448,2320
6312,856448,1000
6313,856448,1000
6314,856448,1220
6315,1000000,42390
6316,856448,4050
6317,856448,1040
6318,856448,1000
6319,856448,1000
6320,856448,1590
6321,856448,3730
6322,856448,3050
6323,856448,1000
6324,856448,1000
6325,856448,1040
6326,1000000,27350
6327,856448,2600
6328,856448,5760
6329,856448,7250
6330,856448,2910
6331,1000000,89050
6332,1000000,11180
6333,1000000,57980
6334,1000000,15440
6335,856448,1000
6336,856448,1500
6337,1000000,78310
6338,1000000,75970
6339,856448,1740
6340,856448,2870
6341,856448,1040
6342,1000000,13670
6343,856448,4260
6344,856448,1050
6345,856448,1000
6346,1000000,15970
6347,1000000,80170
6348,1000000,76520
6349,1000000,16240
6350,856448,1040
6351,856448,1820
6352,856448,1220
6353,856448,1000
6354,856448,1080
6355,1000000,68230
6356,856448,1040
6357,856448,1020
6358,856448,5780
6359,856448,1280
6360,856448,1000
6361,856448,1000
6362,1000000,78140
6363,856448,1000
6364,856448,6280
6365,856448,4800
6366,856448,1000
6367,856448,1040
6368,856448,1720
6369,856448,1720
6370,856448,1020
6371,856448,1000
6372,856448,1340
6373,856448,7900
6374,856448,1000
6375,856448,5770
6376,856448,1570
6377,856448,5560
6378,856448,1030
6379,1000000,50100
6380,856448,1330
6381,856448,1940
6382,856448,7710
6383,856448,6080
6384,1000000,11570
6385,856448,4990
6386,856448,2270
6387,856448,1230
6388,856448,2500
6389,856448,3390
6390,1000000,117160
6391,1000000,46860
6392,856448,4530
6393,856448,1520
6394,856448,5250
6395,856448,5000
6396,856448,1800
6397,856448,1030
6398,856448,1000
6399,1000000,12220
6400,856448,4120
6401,856448,2410
6402,856448,2140
6403,856448,1300
6404,1000000,26930
6405,856448,2360
6406,856448,7120
6407,856448,1010
6408,856448,2520
6409,1000000,34770
6410,856448,1620
6411,856448,8010
6412,1000000,25970
6413,856448,1610
6414,856448,1000
6415,856448,1000
6416,1000000,15280
6417,856448,1000
6418,856448,1030
6419,856448,1970
6420,856448,1460
6421,856448,1040
6422,1000000,51390
6423,856448,1000
6424,856448,2380
6425,856448,2090
6426,856448,1870
6427,856448,1000
6428,1000000,18540
6429,856448,1140
6430,856448,2350
6431,856448,1020
6432,856448,1000
6433,856448,2030
6434,856448,1060
6435,856448,3410
6436,856448,3700
6437,856448,3610
6438,856448,9930
6439,856448,1770
6440,1000000,61730
6441,856448,3620
6442,1000000,16580
6443,856448,2590
6444,856448,1000
6445,856448,7450
6446,856448,3420
6447,856448,1000
6448,856448,1140
6449,856448,5880
6450,1000000,13750
6451,856448,7240
6452,856448,1040
6453,856448,4710
6454,856448,2710
6455,856448,5430
6456,856448,3620
6457,856448,1780
6458,1000000,47070
6459,856448,3600
6460,856448,3630
6461,856448,4190
6462,856448,2020
6463,856448,1020
6464,856448,1780
6465,856448,1300
6466,856448,1000
6467,856448,2440
6468,856448,1000
6469,1000000,32910
6470,856448,1000
6471,856448,1000
6472,856448,3110
6473,856448,2720
6474,1000000,21110
6475,856448,1000
6476,856448,2850
6477,856448,1310
6478,856448,2910
6479,856448,1000
6480,856448,2580
6481,1000000,13020
6482,856448,1000
6483,856448,1000
6484,856448,1000
6485,1000000,14190
6486,856448,3060
6487,856448,1070
6488,856448,1740
6489,856448,1420
6490,856448,1000
6491,856448,1820
6492,856448,1040
6493,856448,6570
6494,856448,3180
6495,856448,3970
6496,856448,1000
6497,856448,1000
6498,856448,1380
6499,1000000,72370
6500,856448,1030
6501,856448,1200
6502,856448,1000
6503,1000000,45610
6504,856448,1000
6505,856448,1060
6506,856448,6390
6507,1000000,96210
6508,1000000,14890
6509,856448,1240
6510,856448,1120
6511,856448,1000
6512,1000000,11510
6513,856448,1000
6514,856448,9890
6515,856448,1000
6516,856448,1000
6517,856448,1010
6518,856448,8840
6519,1000000,13350
6520,856448,1000
6521,856448,1000
6522,1000000,29690
6523,856448,1000
6524,1000000,11970
6525,1000000,12880
6526,856448,1590
6527,856448,1720
6528,856448,1360
6529,856448,2070
6530,856448,2890
6531,856448,3070
6532,856448,1370
6533,856448,1920
6534,856448,1480
6535,856448,1950
6536,856448,1000
6537,1000000,76640
6538,856448,1810
6539,856448,1070
6540,856448,1000
6541,856448,1990
6542,856448,1000
6543,856448,7480
6544,1000000,11350
6545,1000000,13660
6546,856448,1060
6547,856448,6470
6548,856448,1070
6549,856448,2470
6550,856448,1250
6551,856448,1000
6552,1000000,77330
6553,856448,2810
6554,1000000,48220
6555,856448,4510
6556,1000000,23810
6557,856448,1020
6558,856448,5340
6559,856448,4280
6560,856448,3820
6561,856448,1000
6562,856448,1080
6563,1000000,42310
6564,856448,1000
6565,856448,2580
6566,856448,1000
6567,856448,1000
6568,1000000,25760
6569,1000000,25050
6570,856448,1000
6571,856448,1000
6572,856448,3510
6573,856448,1000
6574,856448,2120
6575,1000000,12670
6576,856448,1600
6577,856448,1300
6578,856448,6780
6579,1000000,28470
6580,856448,1560
6581,856448,3280
6582,1000000,22140
6583,856448,8560
6584,856448,1440
6585,856448,1000
6586,856448,1650
6587,856448,5720
6588,856448,2710
6589,856448,3820
6590,856448,3710
6591,1000000,15240
6592,856448,1590
6593,856448,1260
6594,856448,2080
6595,1000000,49460
6596,856448,1000
6597,1000000,13530
6598,856448,2330
6599,856448,1000
6600,856448,1000
6601,1000000,41360
6602,856448,1140
6603,856448,1000
6604,856448,4400
6605,856448,1000
6606,856448,1000
6607,1000000,15580
6608,856448,1560
6609,856448,1060
6610,1000000,109700
6611,1000000,19030
6612,856448,2300
6613,856448,1410
6614,856448,1000
6615,856448,1190
6616,856448,1090
6617,1000000,21830
6618,1000000,21000
6619,856448,1630
6620,856448,4960
6621,856448,3330
6622,856448,1260
6623,856448,1000
6624,856448,1500
6625,856448,1000
6626,856448,1020
6627,856448,1000
6628,856448,1060
6629,856448,5660
6630,856448,2970
6631,856448,1430
6632,856448,1470
6633,856448,1240
6634,1000000,10900
6635,1000000,31050
6636,856448,7100
6637,856448,1090
6638,856448,2260
6639,856448,4560
6640,856448,1800
6641,856448,1770
6642,856448,5390
6643,856448,6490
6644,856448,2400
6645,856448,3450
6646,856448,1100
6647,856448,2530
6648,856448,1000
6649,1000000,39410
6650,856448,2630
6651,1000000,106890
6652,856448,9720
6653,1000000,16640
6654,856448,1120
6655,1000000,15440
6656,856448,5780
6657,856448,2180
6658,856448,3100
6659,1000000,14060
6660,856448,1030
6661,856448,3470
6662,856448,1000
6663,856448,8100
6664,856448,4600
6665,856448,1420
6666,856448,1000
6667,856448,2340
6668,856448,1000
6669,856448,1000
6670,856448,1030
6671,1000000,21780
6672,856448,1000
6673,856448,1190
6674,856448,1010
6675,856448,7290
6676,856448,2340
6677,856448,1010
6678,856448,1000
6679,856448,4990
6680,1000000,10140
6681,1000000,88010
6682,856448,9170
6683,1000000,15660
6684,856448,1000
6685,856448,1020
6686,856448,5160
6687,856448,1000
6688,1000000,39240
6689,856448,9950
6690,856448,1000
6691,856448,1790
6692,856448,5260
6693,1000000,29820
6694,856448,1420
6695,856448,6300
6696,856448,1020
6697,856448,2970
6698,856448,5690
6699,856448,1020
6700,856448,3850
6701,856448,1000
6702,1000000,18400
6703,856448,2180
6704,856448,1150
6705,856448,1170
6706,1000000,15610
6707,856448,1080
6708,856448,1420
6709,856448,1070
6710,856448,1260
6711,856448,3200
6712,856448,1360
6713,1000000,23720
6714,856448,1000
6715,856448,4090
6716,856448,1030
6717,856448,1440
6718,1000000,23320
6719,856448,1020
6720,856448,3800
6721,856448,1010
6722,856448,5940
6723,856448,5320
6724,856448,1000
6725,856448,1750
6726,856448,1360
6727,856448,1000
6728,856448,3910
6729,856448,9270
6730,856448,6610
6731,856448,1630
6732,856448,4130
6733,856448,1150
6734,856448,1690
6735,856448,1730
6736,856448,6470
6737,856448,1050
6738,856448,2860
6739,856448,1020
6740,856448,1000
6741,1000000,12740
6742,856448,1000
6743,1000000,38160
6744,856448,1030
6745,856448,2740
6746,856448,3480
6747,856448,2370
6748,1000000,11230
6749,1000000,22470
6750,1000000,10880
6751,856448,1190
6752,856448,1000
6753,856448,3000
6754,856448,2480
6755,856448,1000
6756,1000000,50280
6757,856448,3370
6758,856448,1000
6759,856448,1060
6760,856448,7870
6761,856448,1410
6762,856448,6620
6763,856448,1040
6764,1000000,209860
6765,856448,1010
6766,856448,1660
6767,856448,1470
6768,1000000,33980
6769,856448,8220
6770,856448,1000
6771,856448,7090
6772,856448,4790
6773,856448,1400
6774,1000000,30160
6775,856448,9770
6776,856448,1020
6777,856448,1030
6778,856448,2060
6779,856448,4460
6780,856448,7800
6781,856448,1000
6782,856448,1000
6783,856448,2610
6784,1000000,10610
6785,856448,3210
6786,856448,3280
6787,856448,1180
6788,856448,1490
6789,856448,3160
6790,856448,8410
6791,1000000,91980
6792,856448,9060
6793,856448,1170
6794,856448,1740
6795,856448,6300
6796,856448,1040
6797,856448,1270
6798,856448,6140
6799,856448,1720
6800,856448,1100
6801,856448,1000
6802,1000000,27090
6803,856448,3960
6804,856448,1460
6805,856448,1000
6806,856448,2590
6807,856448,1000
6808,856448,1960
6809,856448,1620
6810,856448,1030
6811,856448,9700
6812,1000000,26830
6813,856448,1730
6814,856448,1000
6815,856448,2550
6816,856448,1000
6817,856448,1000
6818,856448,2700
6819,856448,2190
6820,1000000,23870
6821,1000000,57880
6822,856448,1320
6823,856448,1820
6824,856448,1080
6825,856448,2290
6826,856448,1000
6827,856448,1000
6828,856448,1000
6829,856448,7720
6830,856448,1020
6831,1000000,39330
6832,856448,1010
6833,856448,1040
6834,856448,1680
6835,856448,1020
6836,856448,3090
6837,856448,2230
6838,856448,2640
6839,856448,9730
6840,856448,1000
6841,856448,1420
6842,1000000,18840
6843,1000000,27840
6844,856448,1250
6845,856448,4370
6846,856448,1020
6847,856448,2540
6848,856448,1000
6849,856448,7350
6850,1000000,36600
6851,856448,5820
6852,856448,4910
6853,1000000,52250
6854,856448,4480
6855,1000000,21870
6856,856448,1020
6857,856448,1040
6858,856448,1730
6859,856448,1010
6860,856448,1000
6861,856448,1610
6862,856448,2670
6863,856448,1130
6864,1000000,20980
6865,856448,1630
6866,1000000,32900
6867,856448,1530
6868,856448,1000
6869,856448,1300
6870,856448,1000
6871,856448,1010
6872,856448,7060
6873,856448,4530
6874,856448,7550
6875,856448,1000
6876,856448,3320
6877,856448,1140
6878,856448,1000
6879,1000000,10940
6880,1000000,20190
6881,856448,1000
6882,856448,5920
6883,856448,5770
6884,856448,1000
6885,856448,2790
6886,856448,1000
6887,856448,2750
6888,856448,1130
6889,1000000,149910
6890,856448,1180
6891,1000000,34550
6892,856448,1000
6893,1000000,18390
6894,856448,1000
6895,856448,3060
6896,1000000,14530
6897,856448,1200
6898,1000000,10740
6899,856448,6850
6900,856448,3790
6901,856448,2370
6902,856448,1000
6903,856448,2350
6904,856448,1230
6905,856448,1240
6906,1000000,101330
6907,856448,1960
6908,856448,1770
6909,856448,1000
6910,856448,5010
6911,856448,2130
6912,856448,1000
6913,856448,3150
6914,856448,1630
6915,1000000,16470
6916,856448,1030
6917,1000000,10630
6918,856448,1000
6919,856448,1800
6920,1000000,18240
6921,856448,3240
6922,856448,1000
6923,856448,3310
6924,856448,1000
6925,856448,1000
6926,1000000,12790
6927,856448,4960
6928,856448,1050
6929,856448,1030
6930,856448,1030
6931,856448,9010
6932,856448,1940
6933,856448,1020
6934,856448,7020
6935,856448,3180
6936,856448,1700
6937,1000000,31410
6938,856448,1680
6939,856448,1180
6940,856448,6340
6941,1000000,17560
6942,856448,1620
6943,856448,1000
6944,1000000,30910
6945,856448,1000
6946,856448,1210
6947,856448,1000
6948,856448,2480
6949,856448,1000
6950,856448,1000
6951,1587,2500000
6952,1000000,16350
6953,856448,1980
6954,856448,1460
6955,856448,1020
6956,856448,1890
6957,856448,1140
6958,856448,1000
6959,856448,8820
6960,856448,5810
6961,1000000,27750
6962,856448,1000
6963,1000000,18720
6964,856448,6620
6965,856448,4360
6966,856448,1080
6967,1000000,17880
6968,856448,1770
6969,856448,1040
6970,856448,1150
6971,856448,6360
6972,856448,1710
6973,856448,1010
6974,856448,7860
6975,1000000,18990
6976,856448,1000
6977,856448,1000
6978,856448,1000
6979,1000000,11840
6980,856448,1000
6981,856448,7020
6982,856448,1000
6983,856448,3250
6984,856448,7320
6985,1000000,28390
6986,1000000,31520
6987,1000000,10760
6988,856448,1000
6989,856448,3560
6990,1000000,16610
6991,856448,1200
6992,856448,6010
6993,856448,6480
6994,856448,1000
6995,856448,1040
6996,856448,1400
6997,856448,1020
6998,856448,1030
6999,856448,1100
7000,856448,2890
7001,856448,5060
7002,856448,2060
7003,1000000,15180
7004,856448,2550
7005,856448,1970
7006,856448,8000
7007,856448,1410
7008,856448,1020
7009,856448,6100
7010,856448,1040
7011,856448,2590
7012,856448,1000
7013,856448,1000
7014,856448,1050
7015,1000000,14770
7016,856448,2060
7017,856448,1140
7018,856448,5170
7019,856448,2540
7020,856448,1000
7021,856448,1000
7022,856448,5210
7023,856448,1000
7024,856448,1010
7025,856448,2390
7026,856448,1020
7027,856448,1030
7028,856448,1000
7029,856448,3330
7030,856448,5690
7031,856448,1020
7032,1000000,32310
7033,856448,1520
7034,856448,1390
7035,856448,2170
7036,856448,2260
7037,856448,5720
7038,856448,2290
7039,856448,5440
7040,856448,1660
7041,856448,1240
7042,856448,1010
7043,856448,1000
7044,856448,1000
7045,856448,1030
7046,856448,1100
7047,856448,1020
7048,1000000,91930
7049,856448,4010
7050,856448,1570
7051,856448,1030
7052,856448,5000
7053,856448,1000
7054,856448,1000
7055,856448,1040
7056,856448,1030
7057,1000000,131510
7058,856448,1000
7059,856448,1000
7060,856448,3510
7061,856448,1000
7062,856448,1480
7063,856448,1000
7064,856448,7870
7065,1000000,13090
7066,856448,1250
7067,856448,1000
7068,856448,1890
7069,856448,1120
7070,856448,1000
7071,856448,5380
7072,856448,1000
7073,856448,1370
7074,856448,5860
7075,856448,1000
7076,856448,1030
7077,1000000,24850
7078,856448,2090
7079,856448,2330
7080,856448,1220
7081,856448,1860
7082,856448,1930
7083,856448,1830
7084,856448,1530
7085,856448,1060
7086,856448,4010
7087,856448,1000
7088,1000000,15040
7089,856448,1000
7090,856448,2760
7091,856448,1000
7092,856448,5660
7093,856448,1000
7094,856448,1050
7095,856448,2980
7096,1000000,12320
7097,856448,1470
7098,856448,1760
7099,856448,2030
7100,856448,1000
7101,856448,4830
7102,1000000,13440
7103,856448,1650
7104,856448,4290
7105,1000000,76610
7106,856448,1030
7107,856448,1000
7108,856448,1000
7109,856448,8600
7110,856448,1940
7111,856448,1000
7112,856448,1000
7113,856448,1010
7114,856448,1020
7115,856448,1000
7116,856448,1280
7117,856448,1750
7118,856448,1000
7119,856448,5850
7120,856448,1000
7121,856448,1040
7122,856448,9930
7123,856448,1050
7124,856448,2300
7125,856448,1000
7126,856448,1440
7127,856448,1720
7128,856448,1320
7129,1000000,40530
7130,856448,1020
7131,1000000,47850
7132,856448,4400
7133,1000000,14170
7134,856448,2790
7135,856448,7220
7136,856448,1110
7137,856448,1800
7138,856448,2780
7139,856448,3280
7140,856448,1000
7141,1000000,15280
7142,856448,1410
7143,856448,1040
7144,856448,3640
7145,856448,1000
7146,856448,1050
7147,856448,1000
7148,856448,2210
7149,1000000,31810
7150,856448,1000
7151,856448,3750
7152,856448,1000
7153,856448,4660
7154,856448,3280
7155,856448,4130
7156,856448,6850
7157,856448,1750
7158,856448,7050
7159,1000000,13630
7160,856448,8210
7161,856448,1070
7162,856448,1930
7163,1000000,20130
7164,856448,1000
7165,856448,1000
7166,856448,1810
7167,856448,3120
7168,1000000,24430
7169,856448,6080
7170,856448,1540
7171,856448,2140
7172,856448,2680
7173,856448,1000
7174,1000000,10100
7175,1000000,18500
7176,856448,1290
7177,856448,3830
7178,856448,7510
7179,856448,1730
7180,856448,1020
7181,856448,4780
7182,856448,1020
7183,856448,1030
7184,856448,5980
7185,856448,1000
7186,856448,5860
7187,856448,1020
7188,1000000,13020
7189,856448,1000
7190,856448,2340
7191,856448,1000
7192,856448,1020
7193,1000000,92660
7194,856448,1000
7195,856448,3060
7196,856448,1020
7197,856448,1250
7198,1000000,13590
7199,856448,1000
7200,856448,1510
7201,1000000,40840
7202,856448,4990
7203,856448,1680
7204,856448,1000
7205,1000000,44720
7206,856448,1030
7207,856448,1000
7208,1000000,28890
7209,856448,1000
7210,856448,1600
7211,856448,1370
7212,1000000,96440
7213,856448,3510
7214,856448,1040
7215,856448,2320
7216,856448,3970
7217,856448,3730
7218,856448,1030
7219,1000000,45080
7220,856448,2600
7221,1000000,14660
7222,856448,9390
7223,856448,1000
7224,1000000,15000
7225,856448,2310
7226,856448,1000
7227,856448,2150
7228,856448,7050
7229,856448,1020
7230,856448,2520
7231,856448,1920
7232,856448,4870
7233,856448,1040
7234,856448,1990
7235,1000000,18730
7236,1000000,44200
7237,856448,2470
7238,856448,3780
7239,856448,6750
7240,1000000,29040
7241,856448,3620
7242,856448,3870
7243,856448,1040
7244,856448,4110
7245,856448,1090
7246,856448,9320
7247,856448,1020
7248,1000000,24540
7249,856448,2090
7250,1000000,42100
7251,856448,1000
7252,1000000,35190
7253,856448,3300
7254,856448,1000
7255,1000000,36890
7256,856448,3770
7257,856448,1870
7258,856448,1000
7259,1000000,60350
7260,1000000,12780
7261,1000000,31920
7262,856448,1460
7263,1000000,57540
7264,1000000,47850
7265,856448,1840
7266,856448,3690
7267,856448,1030
7268,856448,2070
7269,856448,1020
7270,856448,1050
7271,856448,1560
7272,856448,1230
7273,856448,1000
7274,856448,5200
7275,856448,1010
7276,1000000,15240
7277,1000000,30550
7278,856448,1870
7279,856448,4170
7280,856448,3790
7281,856448,1880
7282,856448,6770
7283,1000000,29740
7284,856448,1350
7285,856448,1000
7286,856448,1350
7287,856448,1410
7288,856448,1020
7289,856448,2090
7290,856448,1000
7291,856448,7730
7292,1000000,12120
7293,856448,7170
7294,1000000,27550
7295,1000000,14040
7296,856448,1000
7297,856448,1030
7298,856448,3520
7299,1000000,15670
7300,1000000,88190
7301,856448,1000
7302,1000000,14390
7303,856448,1660
7304,856448,1430
7305,1000000,16570
7306,856448,5790
7307,856448,8150
7308,856448,1000
7309,856448,2770
7310,856448,2440
7311,856448,3060
7312,856448,1280
7313,856448,5620
7314,856448,1040
7315,856448,1460
7316,856448,1000
7317,1000000,13760
7318,856448,1000
7319,856448,1670
7320,1000000,11080
7321,856448,7690
7322,856448,1010
7323,856448,1000
7324,856448,1430
7325,856448,2970
7326,1000000,27980
7327,1000000,16890
7328,856448,3740
7329,856448,3090
7330,856448,1030
7331,856448,2460
7332,856448,1000
7333,856448,1430
7334,856448,1850
7335,856448,3350
7336,1000000,10190
7337,1000000,31990
7338,1000000,27320
7339,856448,1040
7340,1000000,20230
7341,856448,3170
7342,1000000,22790
7343,856448,2730
7344,856448,4810
7345,856448,1000
7346,856448,2390
7347,856448,1100
7348,856448,1000
7349,856448,3850
7350,856448,8790
7351,856448,4330
7352,1000000,11460
7353,856448,1000
7354,856448,7280
7355,856448,6690
7356,1587,2500000
7357,856448,3650
7358,856448,3120
7359,856448,1000
7360,856448,1000
7361,856448,1400
7362,856448,1000
7363,856448,4240
7364,856448,2600
7365,856448,1060
7366,856448,2420
7367,856448,1000
7368,856448,2350
7369,856448,8660
7370,856448,1020
7371,856448,8570
7372,856448,2230
7373,856448,1660
7374,856448,1110
7375,856448,2170
7376,856448,1000
7377,1000000,25000
7378,856448,1000
7379,856448,1410
7380,856448,1000
7381,856448,1000
7382,856448,1040
7383,856448,1000
7384,856448,1000
7385,1000000,32730
7386,856448,1020
7387,856448,1000
7388,856448,1000
7389,1000000,88300
7390,856448,1000
7391,856448,1720
7392,856448,1000
7393,856448,3370
7394,856448,1000
7395,856448,1000
7396,856448,1000
7397,856448,1000
7398,1000000,21600
7399,856448,1000
7400,856448,1130
7401,1000000,47360
7402,856448,1890
7403,856448,2560
7404,856448,1430
7405,856448,2180
7406,1000000,33260
7407,856448,1550
7408,856448,1000
7409,856448,1190
7410,856448,3450
7411,856448,1000
7412,856448,1920
7413,1000000,50060
7414,856448,1710
7415,856448,4700
7416,856448,2490
7417,856448,1060
7418,1000000,137800
7419,856448,2150
7420,856448,1010
7421,856448,1300
7422,1000000,17240
7423,856448,1950
7424,856448,1080
7425,856448,1020
7426,856448,1000
7427,856448,1000
7428,856448,1020
7429,856448,1000
7430,856448,1000
7431,856448,1040
7432,1000000,11620
7433,856448,2820
7434,856448,1060
7435,856448,1020
7436,856448,1330
7437,856448,1020
7438,856448,2260
7439,856448,1020
7440,856448,1610
7441,856448,4500
7442,856448,2500
7443,856448,1000
7444,856448,3860
7445,856448,1000
7446,856448,2130
7447,1000000,44760
7448,856448,3990
7449,856448,1200
7450,856448,2130
7451,856448,1100
7452,1000000,19010
7453,1000000,17960
7454,856448,1000
7455,856448,2000
7456,856448,1330
7457,856448,1020
7458,856448,2050
7459,856448,2890
7460,856448,2940
7461,856448,9640
7462,856448,8080
7463,856448,1640
7464,856448,7390
7465,1000000,21500
7466,1000000,14390
7467,856448,1090
7468,856448,1000
7469,856448,9080
7470,856448,2920
7471,856448,4460
7472,856448,1010
7473,856448,1000
7474,856448,3120
7475,856448,1220
7476,1000000,51130
7477,856448,5750
7478,856448,1650
7479,856448,5210
7480,856448,2340
7481,856448,1030
7482,1587,2500000
7483,856448,1090
7484,856448,1000
7485,856448,1000
7486,1000000,25020
7487,856448,5710
7488,856448,1180
7489,856448,1560
7490,856448,3770
7491,856448,3130
7492,856448,1000
7493,856448,1020
7494,856448,3120
7495,856448,1590
7496,856448,4180
7497,856448,4480
7498,856448,1060
7499,856448,9110
7500,856448,1690
7501,1000000,32820
7502,1000000,28470
7503,1000000,47140
7504,1000000,29950
7505,856448,6930
7506,1000000,12620
7507,856448,4960
7508,856448,1020
7509,856448,1000
7510,856448,2580
7511,856448,3180
7512,856448,2760
7513,856448,2650
7514,856448,1000
7515,856448,2340
7516,856448,2170
7517,1000000,10210
7518,856448,1000
7519,1000000,13500
7520,856448,9450
7521,856448,1040
7522,856448,2290
7523,856448,6630
7524,856448,1000
7525,1587,2500000
7526,856448,1010
7527,856448,1410
7528,1000000,10670
7529,856448,1020
7530,856448,1010
7531,856448,2440
7532,1000000,44280
7533,856448,4240
7534,856448,1140
7535,856448,4000
7536,856448,1070
7537,856448,2690
7538,856448,1550
7539,856448,1000
7540,1000000,39370
7541,856448,1670
7542,856448,1150
7543,856448,1000
7544,1000000,13580
7545,856448,8910
7546,1000000,34800
7547,856448,1000
7548,856448,2780
7549,856448,1250
7550,856448,7340
7551,856448,1010
7552,856448,5090
7553,856448,1020
7554,856448,1000
7555,856448,1360
7556,856448,5890
7557,856448,2140
7558,1000000,55740
7559,1000000,47930
7560,856448,2560
7561,1000000,80120
7562,856448,1000
7563,856448,1000
7564,856448,1000
7565,856448,1000
7566,856448,1000
7567,856448,1000
7568,856448,1380
7569,856448,1000
7570,856448,1000
7571,856448,2890
7572,856448,8800
7573,1000000,45410
7574,1000000,72560
7575,856448,1000
7576,856448,1000
7577,856448,1060
7578,1000000,29320
7579,856448,6760
7580,856448,1020
7581,856448,8110
7582,856448,2750
7583,856448,3890
7584,856448,4290
7585,1000000,14080
7586,856448,4660
7587,856448,3030
7588,856448,4140
7589,856448,4020
7590,856448,1040
7591,1000000,234070
7592,856448,9530
7593,1000000,38850
7594,856448,2130
7595,856448,1720
7596,1000000,30070
7597,856448,1090
7598,856448,1030
7599,856448,9520
7600,1000000,41720
7601,856448,1270
7602,856448,1470
7603,856448,1000
7604,856448,1000
7605,856448,2920
7606,856448,2610
7607,1000000,14450
7608,856448,1030
7609,856448,5980
7610,856448,1000
7611,856448,1700
7612,856448,1000
7613,856448,1100
7614,856448,3520
7615,856448,1580
7616,856448,1000
7617,1000000,49600
7618,856448,1000
7619,1000000,30640
7620,1000000,13770
7621,856448,1000
7622,856448,1020
7623,856448,1020
7624,856448,7170
7625,856448,1000
7626,856448,1000
7627,856448,5500
7628,856448,6610
7629,856448,1150
7630,856448,1000
7631,856448,6980
7632,856448,1000
7633,856448,1050
7634,856448,1000
7635,856448,1000
7636,856448,3400
7637,856448,3930
7638,856448,1000
7639,856448,5450
7640,856448,1240
7641,856448,1000
7642,856448,1020
7643,856448,1000
7644,856448,1040
7645,856448,1000
7646,856448,1970
7647,1000000,11310
7648,856448,1360
7649,856448,4290
7650,856448,2730
7651,856448,2620
7652,856448,1000
7653,856448,1000
7654,856448,1420
7655,1000000,18290
7656,1000000,29730
7657,856448,2510
7658,1000000,60030
7659,856448,1570
7660,856448,1840
7661,856448,1000
7662,856448,1000
7663,856448,1000
7664,856448,1000
7665,856448,1040
7666,856448,1000
7667,856448,1430
7668,856448,1860
7669,856448,3000
7670,1000000,28000
7671,1000000,10320
7672,856448,1000
7673,856448,3630
7674,856448,1000
7675,856448,1000
7676,856448,1000
7677,856448,2380
7678,856448,6970
7679,856448,1000
7680,856448,1040
7681,1000000,17090
7682,856448,1670
7683,856448,6510
7684,1000000,16980
7685,856448,1550
7686,856448,1020
7687,1000000,95700
7688,856448,1360
7689,856448,3300
7690,1000000,13960
7691,856448,1490
7692,856448,1060
7693,1000000,19810
7694,856448,1000
7695,856448,1570
7696,856448,3700
7697,856448,1000
7698,856448,2170
7699,1000000,73160
7700,856448,1000
7701,856448,1000
7702,856448,6400
7703,856448,2030
7704,856448,1460
7705,856448,1000
7706,856448,1010
7707,856448,1000
7708,856448,1670
7709,856448,1400
7710,856448,1760
7711,856448,1570
7712,856448,5280
7713,1000000,76030
7714,856448,1000
7715,856448,1980
7716,856448,7030
7717,856448,4230
7718,856448,2680
7719,856448,1020
7720,856448,5900
7721,856448,1130
7722,856448,1030
7723,856448,1000
7724,856448,1000
7725,856448,1000
7726,856448,1770
7727,856448,7420
7728,856448,1000
7729,856448,1410
7730,856448,3610
7731,856448,1260
7732,856448,1160
7733,1000000,11290
7734,856448,1800
7735,856448,1210
7736,856448,1000
7737,1000000,15490
7738,856448,1010
7739,856448,1000
7740,856448,1050
7741,1000000,28900
7742,856448,1000
7743,856448,1040
7744,1000000,28830
7745,856448,1000
7746,856448,8410
7747,856448,1100
7748,1000000,23380
7749,856448,1000
7750,856448,1000
7751,856448,1000
7752,856448,1330
7753,856448,1020
7754,1000000,15230
7755,856448,1040
7756,856448,1010
7757,856448,1920
7758,856448,1690
7759,856448,3280
7760,856448,1020
7761,856448,2930
7762,856448,8010
7763,856448,1000
7764,1000000,12980
7765,856448,1000
7766,856448,4430
7767,856448,2910
7768,856448,2040
7769,856448,1000
7770,856448,6030
7771,856448,2120
7772,856448,1650
7773,1000000,41070
7774,856448,1440
7775,856448,1000
7776,856448,9540
7777,856448,2210
7778,856448,4270
7779,856448,9920
7780,1000000,18530
7781,856448,1340
7782,856448,1000
7783,856448,2750
7784,856448,2460
7785,856448,1310
7786,856448,1000
7787,856448,1020
7788,856448,1000
7789,856448,1000
7790,856448,1850
7791,1000000,36740
7792,856448,6910
7793,856448,1000
7794,856448,9060
7795,856448,5160
7796,856448,1620
7797,856448,4220
7798,856448,6860
7799,856448,4920
7800,1000000,18910
7801,856448,1000
7802,856448,1000
7803,1000000,38980
7804,856448,5350
7805,1000000,120020
7806,1000000,78960
7807,856448,1560
7808,856448,3670
7809,856448,3850
7810,856448,1000
7811,856448,7500
7812,856448,4740
7813,856448,1530
7814,856448,1000
7815,856448,1000
7816,1000000,44250
7817,856448,8120
7818,856448,3070
7819,856448,5540
7820,856448,1000
7821,1000000,140320
7822,856448,1000
7823,1000000,69730
7824,856448,1650
7825,856448,1230
7826,856448,1780
7827,856448,1000
7828,856448,1040
7829,856448,1010
7830,856448,1000
7831,856448,3000
7832,856448,1000
7833,856448,1120
7834,856448,1640
7835,856448,2030
7836,856448,1090
7837,856448,1990
7838,856448,1000
7839,1000000,22100
7840,856448,1240
7841,856448,1920
7842,856448,1830
7843,856448,1010
7844,856448,1290
7845,856448,1000
7846,856448,1010
7847,1000000,62910
7848,856448,1250
7849,856448,1000
7850,856448,1020
7851,856448,1000
7852,1000000,28770
7853,856448,4290
7854,856448,1450
7855,856448,1000
7856,856448,1080
7857,856448,1000
7858,856448,2020
7859,856448,1110
7860,856448,1000
7861,856448,3450
7862,856448,2470
7863,856448,1170
7864,856448,1460
7865,856448,1360
7866,856448,1000
7867,856448,2970
7868,856448,1410
7869,856448,1320
7870,856448,1000
7871,856448,1160
7872,856448,1010
7873,856448,1280
7874,856448,1280
7875,856448,1010
7876,856448,1020
7877,856448,2440
7878,856448,3460
7879,856448,9450
7880,856448,1030
7881,856448,2130
7882,856448,1000
7883,856448,8130
7884,856448,1000
7885,856448,7490
7886,856448,3930
7887,856448,1990
7888,856448,1000
7889,856448,1780
7890,856448,1000
7891,856448,1120
7892,856448,2960
7893,856448,1790
7894,856448,4580
7895,1000000,17350
7896,856448,5990
7897,856448,1030
7898,856448,1460
7899,1000000,80120
7900,856448,1490
7901,856448,1000
7902,856448,1210
7903,1000000,12840
7904,856448,1000
7905,856448,1000
7906,856448,1100
7907,856448,2060
7908,856448,1150
7909,856448,1000
7910,856448,8790
7911,1000000,323320
7912,1000000,21130
7913,856448,2930
7914,856448,2250
7915,856448,1060
7916,856448,1000
7917,856448,1000
7918,856448,1000
7919,1000000,14190
7920,856448,1030
7921,856448,2140
7922,1000000,38810
7923,856448,1000
7924,856448,7220
7925,856448,1410
7926,856448,1760
7927,856448,1000
7928,856448,2200
7929,856448,1960
7930,1000000,20750
7931,1000000,19120
7932,1000000,41900
7933,1000000,14400
7934,856448,3920
7935,1000000,47640
7936,856448,7230
7937,1000000,11630
7938,856448,7970
7939,856448,2830
7940,856448,1720
7941,856448,3860
7942,856448,5140
7943,856448,1000
7944,1000000,11370
7945,856448,4320
7946,1000000,23440
7947,856448,1000
7948,856448,2790
7949,1000000,11600
7950,856448,2790
7951,1000000,27140
7952,856448,1020
7953,856448,1000
7954,856448,1000
7955,856448,5540
7956,856448,7230
7957,856448,1250
7958,1000000,26420
7959,856448,4730
7960,856448,1040
7961,856448,3940
7962,1000000,10230
7963,1000000,34720
7964,856448,3900
7965,856448,2880
7966,856448,1840
7967,856448,1000
7968,856448,1720
7969,856448,1030
7970,856448,1000
7971,1000000,16130
7972,1000000,11150
7973,856448,4540
7974,1000000,10510
7975,1000000,39910
7976,856448,1460
7977,856448,1610
7978,1000000,12930
7979,856448,7820
7980,856448,1000
7981,856448,4280
7982,856448,2730
7983,856448,5150
7984,856448,1000
7985,856448,1000
7986,856448,1730
7987,856448,2980
7988,856448,1830
7989,856448,2040
7990,856448,1030
7991,856448,2310
7992,1000000,10450
7993,856448,1190
7994,856448,1480
7995,856448,1120
7996,856448,1020
7997,856448,1000
7998,856448,1910
7999,856448,3780
8000,856448,2690
8001,856448,1000
8002,1000000,72540
8003,856448,1000
8004,856448,1160
8005,856448,3620
8006,856448,1830
8007,856448,1350
8008,856448,4790
8009,856448,1000
8010,856448,1000
8011,856448,8890
8012,856448,1000
8013,856448,1820
8014,856448,1000
8015,856448,1080
8016,856448,1660
8017,856448,3210
8018,856448,1160
8019,856448,1000
8020,1000000,54880
8021,856448,1000
8022,856448,1000
8023,856448,1010
8024,1000000,143990
8025,1000000,22780
8026,1000000,38870
8027,856448,1000
8028,856448,3880
8029,856448,1020
8030,856448,1000
8031,856448,6930
8032,856448,1690
8033,856448,1000
8034,856448,1000
8035,856448,8770
8036,856448,1090
8037,856448,1420
8038,856448,1640
8039,856448,4670
8040,856448,1000
8041,856448,1050
8042,856448,1090
8043,856448,1000
8044,856448,1000
8045,856448,4140
8046,856448,6890
8047,856448,1000
8048,856448,4080
8049,856448,1010
8050,1000000,33690
8051,856448,1050
8052,1000000,43270
8053,856448,8960
8054,856448,1000
8055,856448,1720
8056,856448,1020
8057,856448,7180
8058,1000000,11450
8059,856448,8070
8060,856448,1000
8061,856448,9510
8062,1000000,12920
8063,856448,6530
8064,1000000,14450
8065,856448,1380
8066,856448,1020
8067,1000000,16540
8068,1000000,29200
8069,856448,1000
8070,1000000,45690
8071,1000000,28630
8072,856448,1000
8073,856448,6200
8074,1000000,10130
8075,1000000,11280
8076,856448,1000
8077,856448,1750
8078,1000000,46660
8079,1000000,16610
8080,856448,3870
8081,856448,1230
8082,856448,1000
8083,856448,2870
8084,1000000,10130
8085,1000000,20060
8086,856448,1000
8087,856448,6650
8088,1000000,57390
8089,856448,2350
8090,1000000,24400
8091,856448,8530
8092,856448,1000
8093,856448,2440
8094,856448,1000
8095,856448,1840
8096,856448,1500
8097,1000000,123440
8098,856448,1010
8099,1000000,20220
8100,856448,4450
8101,856448,1200
8102,856448,7360
8103,856448,2220
8104,856448,1630
8105,856448,1330
8106,856448,7810
8107,856448,1020
8108,1000000,58490
8109,856448,1280
8110,856448,1000
8111,856448,1000
8112,856448,1040
8113,856448,4600
8114,1000000,19120
8115,856448,3300
8116,856448,1000
8117,856448,6250
8118,856448,4420
8119,856448,1660
8120,1000000,22690
8121,856448,2280
8122,1000000,11410
8123,856448,1000
8124,856448,4250
8125,856448,1400
8126,856448,2340
8127,1000000,172760
8128,856448,1020
8129,856448,1990
8130,856448,1790
8131,856448,1240
8132,856448,7210
8133,856448,1270
8134,856448,1000
8135,856448,5230
8136,1000000,12110
8137,1000000,36820
8138,856448,4460
8139,1000000,12540
8140,856448,3670
8141,1000000,20220
8142,1000000,70730
8143,856448,2860
8144,856448,2080
8145,856448,7480
8146,856448,1000
8147,856448,7030
8148,856448,1000
8149,856448,1000
8150,856448,2890
8151,856448,6350
8152,856448,1000
8153,856448,2870
8154,856448,1000
8155,856448,1030
8156,1000000,11300
8157,856448,1000
8158,1000000,53160
8159,856448,2430
8160,856448,1040
8161,856448,1070
8162,856448,6520
8163,856448,1310
8164,856448,1000
8165,1000000,35010
8166,856448,1000
8167,1000000,18650
8168,856448,1080
8169,1000000,13510
8170,856448,1000
8171,1000000,10660
8172,856448,1000
8173,856448,1000
8174,856448,6490
8175,856448,1070
8176,856448,1000
8177,856448,1010
8178,1000000,24640
8179,856448,1150
8180,856448,3290
8181,856448,2020
8182,1000000,15940
8183,856448,7150
8184,856448,2360
8185,856448,1920
8186,856448,5390
8187,856448,5900
8188,856448,1020
8189,856448,1000
8190,1000000,25500
8191,1000000,11060
8192,856448,8770
8193,856448,3540
8194,856448,1420
8195,856448,1540
8196,856448,1010
8197,1000000,69220
8198,856448,1000
8199,856448,1030
8200,1000000,11500
8201,856448,1090
8202,856448,1590
8203,856448,2940
8204,856448,1000
8205,856448,1060
8206,856448,1040
8207,856448,1000
8208,856448,4720
8209,1000000,12290
8210,856448,3720
8211,856448,8700
8212,856448,1000
8213,856448,1000
8214,856448,2340
8215,856448,2770
8216,856448,1000
8217,1000000,57710
8218,856448,1000
8219,856448,1590
8220,856448,1000
8221,856448,2800
8222,856448,2960
8223,856448,4130
8224,856448,9440
8225,856448,4700
8226,856448,2210
8227,856448,1000
8228,856448,4090
8229,856448,1810
8230,856448,1400
8231,856448,5940
8232,1000000,18210
8233,856448,1120
8234,856448,4380
8235,856448,1020
8236,856448,7150
8237,856448,5990
8238,856448,1350
8239,1000000,12310
8240,856448,1000
8241,856448,1000
8242,856448,3480
8243,856448,1020
8244,856448,1770
8245,856448,4560
8246,856448,2680
8247,856448,1430
8248,856448,8830
8249,856448,1180
8250,856448,2020
8251,856448,2130
8252,856448,1000
8253,856448,1000
8254,856448,5200
8255,856448,1000
8256,856448,1000
8257,856448,2430
8258,1000000,14050
8259,1000000,41940
8260,1000000,19590
8261,1000000,25520
8262,856448,1980
8263,856448,1000
8264,856448,1020
8265,856448,1200
8266,856448,1490
8267,856448,1090
8268,1000000,26060
8269,856448,4860
8270,856448,6170
8271,856448,6120
8272,1000000,15200
8273,1000000,15330
8274,856448,1550
8275,856448,1000
8276,856448,1000
8277,856448,2210
8278,856448,2260
8279,856448,2280
8280,856448,1000
8281,856448,2610
8282,1000000,34370
8283,856448,4110
8284,856448,1730
8285,856448,1000
8286,856448,2390
8287,856448,1540
8288,1000000,62100
8289,856448,4790
8290,856448,4610
8291,856448,3620
8292,856448,7010
8293,856448,1020
8294,1000000,10150
8295,1000000,15140
8296,856448,5400
8297,856448,1050
8298,856448,1000
8299,856448,2470
8300,856448,2190
8301,856448,3510
8302,1000000,10480
8303,856448,3400
8304,1000000,27170
8305,856448,1690
8306,856448,1000
8307,856448,2400
8308,856448,1000
8309,856448,1000
8310,856448,8330
8311,856448,3150
8312,856448,1000
8313,1000000,17280
8314,856448,1700
8315,1000000,12460
8316,856448,7850
8317,856448,1340
8318,856448,5370
8319,856448,1190
8320,1000000,15560
8321,856448,1000
8322,856448,1810
8323,856448,3380
8324,856448,3830
8325,1000000,26880
8326,856448,1370
8327,856448,1510
8328,856448,1000
8329,856448,1000
8330,856448,1000
8331,856448,1200
8332,856448,1280
8333,856448,1020
8334,856448,7790
8335,1000000,15840
8336,856448,1430
8337,856448,1030
8338,856448,1000
8339,856448,1000
8340,856448,1000
8341,856448,8620
8342,856448,2840
8343,856448,1060
8344,856448,6700
8345,1000000,16430
8346,856448,1010
8347,856448,1020
8348,856448,2790
8349,856448,1120
8350,856448,2150
8351,856448,1000
8352,856448,4050
8353,856448,1470
8354,1000000,39870
8355,1000000,28530
8356,856448,1000
8357,1000000,23850
8358,856448,1020
8359,856448,1270
8360,856448,5270
8361,856448,3120
8362,856448,1000
8363,856448,1040
8364,856448,1080
8365,856448,1350
8366,856448,2650
8367,1000000,22190
8368,856448,1240
8369,856448,1700
8370,856448,1690
8371,856448,3320
8372,856448,1910
8373,856448,1420
8374,856448,1020
8375,856448,3210
8376,856448,1440
8377,856448,1000
8378,856448,2830
8379,856448,1820
8380,856448,1000
8381,856448,2800
8382,856448,3750
8383,1000000,16610
8384,856448,4330
8385,856448,1000
8386,856448,2440
8387,856448,5970
8388,856448,1010
8389,856448,2750
8390,856448,3680
8391,856448,1030
8392,1587,2500000
8393,856448,2720
8394,856448,1980
8395,856448,1000
8396,856448,5280
8397,856448,3930
8398,856448,2810
8399,856448,1000
8400,856448,4160
8401,856448,3700
8402,1000000,11820
8403,856448,1930
8404,856448,1720
8405,856448,4030
8406,1587,2500000
8407,856448,8680
8408,856448,1030
8409,1587,2500000
8410,856448,1030
8411,856448,1870
8412,856448,1070
8413,856448,1040
8414,1000000,16700
8415,856448,1030
8416,856448,7570
8417,1000000,10770
8418,856448,7890
8419,856448,2260
8420,856448,5090
8421,856448,1090
8422,856448,1070
8423,856448,1710
8424,856448,1000
8425,856448,1000
8426,856448,5170
8427,856448,2010
8428,856448,1000
8429,856448,1000
8430,856448,1860
8431,856448,1020
8432,856448,1000
8433,856448,3710
8434,856448,5730
8435,856448,9880
8436,856448,9490
8437,856448,1530
8438,856448,2620
8439,856448,3950
8440,856448,1000
8441,856448,1000
8442,856448,6130
8443,856448,1020
8444,856448,1000
8445,856448,2050
8446,856448,1000
8447,856448,1810
8448,856448,1380
8449,856448,1110
8450,856448,1000
8451,856448,1000
8452,1000000,11250
8453,1000000,79250
8454,856448,1000
8455,856448,8340
8456,856448,1000
8457,856448,9960
8458,856448,3960
8459,856448,3250
8460,856448,1000
8461,1000000,14950
8462,1000000,69680
8463,1000000,19320
8464,856448,1010
8465,856448,1000
8466,856448,1000
8467,856448,1040
8468,1000000,47790
8469,856448,1000
8470,856448,1010
8471,1000000,27650
8472,856448,1000
8473,856448,1000
8474,856448,1000
8475,1000000,11430
8476,856448,1710
8477,1000000,11890
8478,856448,8310
8479,856448,3050
8480,1000000,122080
8481,856448,1040
8482,856448,1850
8483,856448,1000
8484,856448,2160
8485,856448,2790
8486,856448,1860
8487,856448,4420
8488,1000000,22530
8489,856448,1000
8490,1000000,15690
8491,856448,2250
8492,856448,4690
8493,856448,4600
8494,1000000,16920
8495,856448,1490
8496,856448,2450
8497,856448,1000
8498,856448,2720
8499,856448,2210
8500,856448,2110
8501,856448,1000
8502,856448,2100
8503,856448,7700
8504,856448,1670
8505,856448,3790
8506,856448,9560
8507,856448,1000
8508,1000000,41800
8509,856448,8290
8510,856448,4550
8511,856448,1250
8512,856448,2910
8513,856448,1020
8514,856448,1000
8515,856448,1050
8516,856448,1550
8517,856448,1540
8518,856448,8040
8519,856448,1030
8520,856448,1900
8521,856448,1000
8522,856448,7240
8523,1000000,56200
8524,856448,3750
8525,856448,1000
8526,856448,1680
8527,1000000,11710
8528,856448,2410
8529,856448,1000
8530,1000000,11460
8531,856448,1000
8532,856448,1000
8533,856448,3540
8534,856448,1990
8535,1000000,16300
8536,856448,1420
8537,856448,1000
8538,856448,3560
8539,1000000,21940
8540,856448,1000
8541,856448,1000
8542,1000000,11110
8543,856448,1070
8544,856448,1150
8545,856448,1040
8546,856448,8530
8547,856448,1010
8548,856448,1010
8549,856448,1630
8550,856448,1020
8551,856448,5890
8552,856448,5390
8553,856448,1000
8554,856448,1030
8555,856448,1020
8556,856448,1000
8557,856448,1000
8558,1000000,18050
8559,856448,1000
8560,1000000,39660
8561,1000000,22930
8562,856448,3180
8563,856448,1180
8564,856448,1800
8565,856448,2740
8566,856448,1230
8567,856448,1800
8568,1000000,102500
8569,1000000,13340
8570,856448,4600
8571,856448,8380
8572,856448,7500
8573,856448,1960
8574,856448,4590
8575,1000000,19290
8576,856448,1020
8577,856448,1190
8578,856448,1300
8579,856448,1700
8580,856448,1010
8581,856448,1000
8582,856448,4360
8583,856448,2460
8584,1000000,28050
8585,1000000,26880
8586,1000000,87850
8587,856448,1000
8588,856448,2720
8589,856448,1190
8590,856448,1000
8591,856448,1040
8592,856448,3620
8593,856448,2400
8594,856448,1000
8595,856448,1000
8596,856448,9730
8597,856448,6180
8598,856448,1000
8599,856448,1070
8600,856448,1010
8601,856448,3130
8602,1587,2500000
8603,856448,2460
8604,1000000,21440
8605,856448,5180
8606,856448,3090
8607,1000000,24720
8608,1000000,48260
8609,856448,1000
8610,1000000,12100
8611,1000000,37840
8612,856448,1040
8613,1000000,15360
8614,1000000,13390
8615,856448,3560
8616,856448,1930
8617,856448,1030
8618,856448,1160
8619,856448,5850
8620,856448,1920
8621,856448,8270
8622,856448,2620
8623,856448,2580
8624,856448,1000
8625,1000000,19160
8626,856448,1000
8627,856448,1760
8628,856448,1000
8629,856448,6050
8630,856448,1000
8631,856448,6670
8632,856448,1040
8633,856448,1510
8634,1000000,22900
8635,856448,1830
8636,1000000,58610
8637,856448,1000
8638,856448,1170
8639,1000000,35370
8640,856448,1000
8641,856448,1240
8642,856448,1910
8643,856448,2910
8644,856448,6330
8645,856448,1030
8646,1000000,22000
8647,856448,1000
8648,1000000,24200
8649,856448,2220
8650,856448,1000
8651,856448,2660
8652,856448,3720
8653,1000000,20740
8654,856448,6880
8655,856448,1000
8656,856448,1000
8657,856448,2740
8658,856448,1000
8659,856448,2070
8660,856448,1010
8661,856448,3820
8662,1000000,30160
8663,856448,6650
8664,856448,1740
8665,856448,8310
8666,1000000,26710
8667,856448,1110
8668,856448,4020
8669,856448,1000
8670,1000000,38470
8671,856448,4550
8672,856448,1000
8673,856448,1000
8674,856448,3640
8675,856448,5060
8676,856448,1090
8677,1000000,14310
8678,856448,1510
8679,1000000,59130
8680,856448,1000
8681,856448,3170
8682,856448,1000
8683,856448,1890
8684,856448,8830
8685,856448,2780
8686,856448,1920
8687,856448,5100
8688,856448,1100
8689,856448,1200
8690,856448,2210
8691,856448,1000
8692,856448,1320
8693,856448,4740
8694,1000000,16080
8695,856448,2080
8696,856448,3790
8697,856448,5020
8698,856448,1000
8699,856448,1120
8700,856448,1500
8701,856448,4680
8702,1000000,32740
8703,856448,7450
8704,1000000,84580
8705,1000000,58820
8706,856448,1000
8707,1000000,37620
8708,856448,2660
8709,856448,5930
8710,856448,3280
8711,1000000,51110
8712,856448,2970
8713,856448,1460
8714,856448,1570
8715,856448,9730
8716,856448,1000
8717,856448,1020
8718,856448,4800
8719,856448,2320
8720,856448,1580
8721,856448,1030
8722,856448,1000
8723,856448,1070
8724,856448,3810
8725,856448,3750
8726,1000000,22760
8727,856448,1020
8728,856448,1430
8729,856448,7100
8730,856448,1230
8731,856448,2680
8732,856448,1000
8733,1000000,200550
8734,1000000,155010
8735,856448,1020
8736,856448,1980
8737,856448,1510
8738,856448,3750
8739,1000000,23410
8740,856448,2490
8741,856448,1000
8742,1000000,25800
8743,856448,1750
8744,856448,1020
8745,856448,6660
8746,856448,1000
8747,1000000,11380
8748,856448,2920
8749,1000000,13290
8750,856448,1000
8751,1000000,10550
8752,856448,1020
8753,856448,1250
8754,856448,1000
8755,1000000,58650
8756,856448,3620
8757,1000000,40140
8758,856448,7170
8759,1000000,27740
8760,856448,1000
8761,856448,4740
8762,856448,1010
8763,1000000,25580
8764,856448,5210
8765,856448,6300
8766,856448,1670
8767,856448,1010
8768,1000000,13890
8769,856448,2360
8770,856448,2050
8771,1000000,16950
8772,856448,1000
8773,856448,7330
8774,1000000,21380
8775,856448,1000
8776,856448,5460
8777,856448,1440
8778,856448,1000
8779,1000000,21090
8780,856448,1020
8781,856448,1000
8782,856448,1880
8783,856448,1000
8784,856448,1340
8785,856448,6800
8786,856448,3720
8787,1000000,48000
8788,856448,1000
8789,856448,4580
8790,856448,1000
8791,856448,5220
8792,856448,6530
8793,1000000,20500
8794,856448,5590
8795,856448,1030
8796,856448,5850
8797,1000000,11790
8798,856448,1030
8799,856448,1000
8800,1000000,37680
8801,1000000,13550
8802,856448,1000
8803,856448,2250
8804,856448,1250
8805,856448,1000
8806,1000000,53830
8807,1000000,26600
8808,856448,3900
8809,856448,2600
8810,856448,2890
8811,856448,2200
8812,856448,1640
8813,856448,1590
8814,856448,1040
8815,856448,1000
8816,856448,1000
8817,856448,7200
8818,1000000,10880
8819,856448,2880
8820,856448,1050
8821,856448,4920
8822,856448,1500
8823,1000000,25580
8824,856448,1880
8825,856448,2050
8826,856448,5660
8827,1000000,72780
8828,856448,2180
8829,856448,1910
8830,856448,1090
8831,856448,1080
8832,856448,1000
8833,856448,1000
8834,856448,1000
8835,856448,1990
8836,856448,2390
8837,856448,1060
8838,856448,1000
8839,1000000,15760
8840,856448,4060
8841,856448,1020
8842,856448,1000
8843,856448,1000
8844,856448,1020
8845,856448,3610
8846,856448,1000
8847,856448,2840
8848,856448,2560
8849,856448,4920
8850,856448,1690
8851,1000000,15380
8852,856448,5130
8853,856448,5560
8854,856448,1000
8855,856448,1340
8856,856448,2140
8857,1000000,15450
8858,856448,7700
8859,856448,6620
8860,856448,7240
8861,1000000,11640
8862,856448,1120
8863,856448,2140
8864,856448,1000
8865,856448,4440
8866,856448,3630
8867,1000000,25620
8868,1000000,27160
8869,856448,1330
8870,856448,1000
8871,856448,5590
8872,1000000,26200
8873,856448,5120
8874,856448,4480
8875,856448,1360
8876,856448,7310
8877,856448,5410
8878,1000000,52040
8879,1000000,16770
8880,856448,1040
8881,856448,1000
8882,856448,1000
8883,1000000,11610
8884,856448,3850
8885,1000000,18400
8886,856448,1230
8887,856448,1000
8888,856448,3490
8889,856448,1000
8890,856448,1020
8891,856448,1000
8892,856448,2670
8893,856448,6370
8894,856448,1200
8895,1000000,12290
8896,856448,1040
8897,856448,2220
8898,1000000,265310
8899,856448,1000
8900,1000000,62390
8901,856448,1000
8902,1000000,10560
8903,856448,1150
8904,856448,3220
8905,1000000,23230
8906,856448,1000
8907,856448,1000
8908,856448,1330
8909,856448,3610
8910,856448,1000
8911,856448,1000
8912,856448,1030
8913,1000000,13120
8914,856448,1100
8915,856448,4290
8916,856448,4520
8917,1000000,57680
8918,856448,3310
8919,856448,2550
8920,856448,8320
8921,856448,1190
8922,856448,1010
8923,856448,5980
8924,856448,3550
8925,856448,1030
8926,856448,1440
8927,856448,1090
8928,856448,1030
8929,1000000,17490
8930,856448,1830
8931,856448,6850
8932,856448,2070
8933,856448,2900
8934,856448,5610
8935,856448,1000
8936,856448,1000
8937,856448,4130
8938,856448,2000
8939,856448,1020
8940,856448,4240
8941,856448,9920
8942,856448,1510
8943,856448,3750
8944,856448,1430
8945,856448,6920
8946,856448,1000
8947,856448,1750
8948,856448,1000
8949,856448,1010
8950,856448,1190
8951,856448,1080
8952,1000000,11380
8953,856448,4100
8954,856448,1600
8955,856448,4750
8956,856448,1000
8957,856448,1000
8958,1000000,21500
8959,856448,1030
8960,856448,1020
8961,856448,1000
8962,856448,4870
8963,856448,1300
8964,856448,3750
8965,856448,1000
8966,1000000,14790
8967,1000000,17130
8968,856448,1000
8969,856448,2840
8970,856448,2730
8971,856448,1230
8972,1000000,54270
8973,856448,1020
8974,856448,3100
8975,856448,1000
8976,856448,1060
8977,1000000,12080
8978,856448,3260
8979,856448,1040
8980,856448,1000
8981,856448,3400
8982,1000000,60740
8983,856448,1050
8984,856448,1000
8985,856448,1070
8986,856448,1000
8987,1000000,15490
8988,856448,1050
8989,856448,2500
8990,856448,5560
8991,856448,1240
8992,856448,1000
8993,856448,1010
8994,856448,2400
8995,856448,1040
8996,856448,1000
8997,856448,1000
8998,856448,1000
8999,1000000,21330
9000,856448,2130
9001,856448,1030
9002,856448,3590
9003,856448,1480
9004,856448,1240
9005,856448,3690
9006,1000000,46840
9007,1000000,36990
9008,1000000,32260
9009,856448,1000
9010,856448,1000
9011,856448,8830
9012,1587,2500000
9013,856448,3370
9014,1000000,68110
9015,856448,1790
9016,856448,7580
9017,856448,3670
9018,856448,2450
9019,856448,1000
9020,856448,1940
9021,856448,2690
9022,1000000,23880
9023,856448,1000
9024,1000000,110960
9025,1000000,57220
9026,856448,1010
9027,856448,3920
9028,856448,6330
9029,856448,3580
9030,856448,1500
9031,856448,4530
9032,856448,9200
9033,856448,1000
9034,856448,4650
9035,856448,2840
9036,856448,1050
9037,856448,2060
9038,856448,2620
9039,856448,1910
9040,1000000,17440
9041,856448,1020
9042,856448,9660
9043,856448,1000
9044,856448,9810
9045,856448,6200
9046,856448,1010
9047,856448,1000
9048,1000000,43710
9049,856448,3040
9050,856448,3090
9051,856448,1010
9052,856448,1140
9053,1000000,36470
9054,856448,1000
9055,856448,3440
9056,856448,1680
9057,856448,5460
9058,856448,4790
9059,856448,1000
9060,856448,1520
9061,856448,1000
9062,856448,1050
9063,856448,1120
9064,856448,1000
9065,1000000,51990
9066,856448,2530
9067,1000000,21000
9068,856448,6240
9069,856448,1710
9070,856448,1000
9071,856448,4970
9072,856448,1450
9073,856448,1810
9074,856448,1020
9075,856448,1180
9076,856448,2320
9077,856448,2240
9078,856448,1010
9079,856448,1000
9080,1000000,26780
9081,856448,5010
9082,856448,3020
9083,856448,1000
9084,856448,4580
9085,856448,2370
9086,856448,3370
9087,856448,1000
9088,856448,1000
9089,856448,8940
9090,856448,1000
9091,856448,1010
9092,856448,2760
9093,856448,1000
9094,856448,1200
9095,856448,1000
9096,856448,1000
9097,1000000,17240
9098,856448,1120
9099,856448,3920
9100,856448,1790
9101,856448,1680
9102,856448,1530
9103,1000000,49210
9104,856448,2210
9105,1000000,11360
9106,856448,1000
9107,856448,1000
9108,856448,1000
9109,856448,1000
9110,856448,1000
9111,856448,5790
9112,856448,1000
9113,856448,1000
9114,856448,1670
9115,856448,1030
9116,1000000,20430
9117,856448,4080
9118,856448,1000
9119,856448,2130
9120,856448,1150
9121,856448,1000
9122,1000000,14170
9123,856448,1000
9124,856448,6790
9125,856448,1000
9126,856448,8250
9127,856448,2530
9128,856448,1710
9129,856448,1000
9130,856448,2700
9131,856448,1950
9132,856448,2810
9133,856448,1000
9134,856448,1000
9135,856448,3110
9136,856448,1000
9137,856448,1010
9138,856448,1020
9139,856448,1000
9140,856448,1060
9141,856448,3560
9142,856448,1070
9143,856448,1430
9144,856448,1250
9145,856448,3060
9146,856448,1510
9147,1000000,13200
9148,856448,1000
9149,856448,1000
9150,856448,9990
9151,856448,4190
9152,856448,1000
9153,856448,2380
9154,856448,1580
9155,1000000,16420
9156,856448,2430
9157,856448,3780
9158,856448,3130
9159,856448,1000
9160,856448,4760
9161,856448,1000
9162,856448,9140
9163,856448,3260
9164,856448,2850
9165,856448,2780
9166,1587,2500000
9167,1000000,28530
9168,856448,2180
9169,856448,1000
9170,856448,1000
9171,856448,2200
9172,856448,9260
9173,856448,1020
9174,856448,1010
9175,856448,3870
9176,856448,1030
9177,856448,2010
9178,856448,1780
9179,856448,2870
9180,856448,1000
9181,1000000,11860
9182,856448,2730
9183,856448,1170
9184,856448,6640
9185,1000000,14150
9186,856448,1000
9187,856448,1000
9188,856448,1090
9189,856448,3050
9190,856448,1770
9191,856448,1150
9192,856448,1080
9193,856448,3200
9194,856448,3630
9195,1000000,34040
9196,856448,3270
9197,856448,6240
9198,856448,1030
9199,856448,1380
9200,856448,3550
9201,856448,1470
9202,1000000,32010
9203,856448,3730
9204,1000000,12260
9205,856448,2410
9206,856448,1000
9207,1000000,10240
9208,856448,1000
9209,856448,4620
9210,856448,1000
9211,856448,1720
9212,856448,3260
9213,856448,1210
9214,856448,1170
9215,856448,1000
9216,856448,1500
9217,856448,1000
9218,856448,3150
9219,856448,1020
9220,856448,8220
9221,856448,5060
9222,856448,1010
9223,1000000,10260
9224,856448,1550
9225,1000000,73270
9226,856448,1000
9227,856448,1030
9228,1000000,11480
9229,856448,2600
9230,856448,1190
9231,856448,1540
9232,856448,2420
9233,856448,1620
9234,1000000,11710
9235,856448,9510
9236,1000000,28100
9237,856448,9820
9238,1000000,15640
9239,1000000,40730
9240,1000000,10190
9241,856448,1460
9242,1000000,12910
9243,856448,1000
9244,856448,3360
9245,856448,1000
9246,856448,1030
9247,856448,1540
9248,856448,1000
9249,1000000,17860
9250,856448,9330
9251,856448,3310
9252,856448,1000
9253,856448,1020
9254,856448,6720
9255,856448,1000
9256,856448,1820
9257,856448,4960
9258,856448,1260
9259,856448,9340
9260,856448,1000
9261,1000000,70520
9262,856448,1000
9263,856448,1010
9264,856448,3680
9265,1000000,20560
9266,856448,3130
9267,856448,1010
9268,856448,5630
9269,856448,1000
9270,856448,1000
9271,1000000,11260
9272,856448,2500
9273,1000000,30690
9274,856448,3930
9275,856448,1060
9276,856448,1390
9277,856448,1000
9278,856448,1000
9279,856448,8580
9280,856448,1000
9281,856448,1000
9282,856448,3940
9283,1000000,10880
9284,856448,2420
9285,856448,5610
9286,856448,2920
9287,1000000,14370
9288,856448,2990
9289,856448,1000
9290,856448,4460
9291,1000000,23750
9292,856448,5290
9293,856448,1000
9294,1000000,34210
9295,1000000,28560
9296,1000000,16840
9297,856448,4050
9298,856448,2200
9299,856448,2480
9300,856448,4630
9301,856448,1010
9302,856448,1590
9303,856448,1010
9304,856448,1380
9305,856448,1000
9306,856448,1350
9307,856448,1070
9308,1000000,10150
9309,856448,1000
9310,856448,1000
9311,856448,1010
9312,856448,1030
9313,1000000,15340
9314,1000000,62830
9315,856448,1530
9316,856448,1040
9317,1000000,29890
9318,856448,4910
9319,856448,1080
9320,1000000,52930
9321,856448,2310
9322,856448,1000
9323,1587,2500000
9324,856448,6620
9325,1000000,161920
9326,856448,1020
9327,1000000,38040
9328,856448,1910
9329,856448,6780
9330,856448,2310
9331,856448,1000
9332,856448,5250
9333,856448,1080
9334,1000000,44530
9335,856448,4060
9336,856448,1290
9337,856448,1020
9338,856448,1000
9339,1000000,13800
9340,1000000,33760
9341,856448,1000
9342,1000000,12880
9343,856448,1040
9344,1000000,48560
9345,1000000,15070
9346,856448,2930
9347,856448,1030
9348,856448,1130
9349,856448,7250
9350,856448,1000
9351,856448,6230
9352,856448,1000
9353,856448,4190
9354,1000000,13470
9355,856448,2940
9356,856448,3260
9357,856448,3380
9358,856448,1820
9359,856448,4410
9360,856448,5250
9361,856448,1000
9362,1000000,40040
9363,856448,1000
9364,856448,1220
9365,856448,1000
9366,856448,4640
9367,1000000,17690
9368,856448,1980
9369,856448,3140
9370,856448,1950
9371,856448,1000
9372,1587,2500000
9373,1000000,91240
9374,856448,1040
9375,1000000,14070
9376,856448,1420
9377,856448,1000
9378,856448,1050
9379,1000000,12820
9380,856448,1020
9381,856448,1310
9382,856448,1000
9383,856448,1000
9384,856448,1030
9385,856448,1000
9386,856448,5520
9387,856448,1730
9388,856448,1000
9389,856448,1000
9390,856448,1000
9391,856448,1640
9392,856448,1070
9393,856448,1130
9394,856448,2810
9395,856448,2410
9396,1000000,52620
9397,856448,1030
9398,856448,1000
9399,856448,6060
9400,1000000,18050
9401,856448,1000
9402,1000000,16630
9403,856448,1000
9404,856448,9030
9405,856448,1480
9406,856448,2450
9407,856448,1000
9408,856448,1000
9409,856448,2380
9410,856448,1000
9411,856448,1060
9412,856448,3770
9413,856448,1110
9414,856448,1320
9415,1000000,28010
9416,856448,1000
9417,1587,2500000
9418,856448,4560
9419,856448,3710
9420,1000000,11580
9421,1000000,31160
9422,856448,1020
9423,1000000,14800
9424,856448,1000
9425,856448,1140
9426,856448,1000
9427,1000000,36780
9428,856448,1050
9429,1000000,33470
9430,856448,1000
9431,856448,1630
9432,856448,1680
9433,856448,1320
9434,856448,1000
9435,856448,2930
9436,856448,1000
9437,856448,4260
9438,856448,1030
9439,856448,8970
9440,1000000,21200
9441,1000000,16960
9442,856448,4220
9443,856448,1580
9444,1000000,31690
9445,856448,1020
9446,1000000,14090
9447,856448,1000
9448,856448,5580
9449,856448,1000
9450,1000000,26380
9451,856448,7550
9452,856448,4960
9453,856448,1000
9454,1000000,37280
9455,856448,1030
9456,856448,1160
9457,856448,1000
9458,856448,4220
9459,1000000,36280
9460,856448,1010
9461,856448,2090
9462,856448,8630
9463,856448,1020
9464,856448,3450
9465,856448,1350
9466,1000000,11100
9467,856448,1000
9468,1000000,41820
9469,856448,1680
9470,1000000,34300
9471,856448,3380
9472,856448,2040
9473,856448,1000
9474,856448,1010
9475,856448,1200
9476,856448,1750
9477,1000000,22000
9478,856448,2200
9479,856448,2650
9480,1000000,28580
9481,1000000,40910
9482,856448,2270
9483,856448,3660
9484,856448,1740
9485,856448,8990
9486,856448,4260
9487,856448,1000
9488,856448,1020
9489,1000000,16590
9490,856448,1000
9491,856448,1410
9492,856448,4940
9493,856448,1000
9494,1000000,11890
9495,856448,2570
9496,856448,1000
9497,856448,4550
9498,856448,3910
9499,856448,1150
9500,856448,2760
9501,1000000,54030
9502,856448,1380
9503,856448,4940
9504,856448,1000
9505,856448,1000
9506,856448,1540
9507,856448,1000
9508,856448,4430
9509,1000000,12790
9510,856448,5620
9511,1000000,15730
9512,856448,1000
9513,856448,1000
9514,856448,1000
9515,856448,4650
9516,856448,4260
9517,856448,1000
9518,856448,2720
9519,856448,1000
9520,1000000,14390
9521,856448,5500
9522,856448,1000
9523,856448,1500
9524,856448,1000
9525,856448,1040
9526,1000000,13250
9527,856448,1000
9528,856448,1890
9529,856448,1140
9530,856448,2650
9531,856448,1020
9532,856448,1000
9533,856448,1020
9534,856448,1000
9535,1000000,13780
9536,856448,1350
9537,856448,1360
9538,856448,5450
9539,856448,1000
9540,856448,6420
9541,856448,1960
9542,856448,1000
9543,856448,1000
9544,856448,3300
9545,856448,1460
9546,856448,1600
9547,856448,1000
9548,856448,3630
9549,856448,1050
9550,856448,1000
9551,1000000,68140
9552,1000000,36670
9553,856448,1000
9554,856448,2980
9555,856448,2120
9556,1000000,48780
9557,856448,3810
9558,856448,5700
9559,1000000,10090
9560,856448,2030
9561,856448,1000
9562,856448,1000
9563,856448,5800
9564,856448,7470
9565,856448,1020
9566,1000000,79830
9567,856448,1000
9568,856448,3950
9569,856448,2690
9570,856448,1210
9571,856448,3820
9572,856448,1000
9573,1000000,12400
9574,856448,1000
9575,856448,7550
9576,856448,3390
9577,1000000,11120
9578,856448,1000
9579,856448,1010
9580,856448,1000
9581,856448,8000
9582,856448,1450
9583,1000000,10880
9584,856448,8520
9585,856448,1080
9586,856448,3380
9587,856448,1000
9588,856448,1000
9589,856448,3350
9590,856448,7140
9591,856448,1320
9592,856448,1040
9593,1000000,56560
9594,856448,1840
9595,856448,1440
9596,1000000,33030
9597,856448,1000
9598,856448,2670
9599,856448,1030
9600,1000000,23630
9601,856448,1040
9602,856448,1770
9603,1000000,13860
9604,856448,2310
9605,856448,1000
9606,1000000,26100
9607,856448,7040
9608,1000000,34400
9609,856448,9470
9610,1000000,67400
9611,856448,1100
9612,856448,1670
9613,1000000,46940
9614,856448,1940
9615,856448,1000
9616,856448,1010
9617,856448,1060
9618,856448,4880
9619,1000000,20500
9620,856448,1290
9621,856448,1030
9622,856448,8090
9623,1000000,271030
9624,856448,3000
9625,856448,1000
9626,856448,1000
9627,856448,1000
9628,856448,1030
9629,856448,1000
9630,1000000,46270
9631,856448,5570
9632,1000000,12900
9633,856448,1000
9634,856448,3470
9635,1000000,58090
9636,856448,1610
9637,856448,1000
9638,1000000,13320
9639,856448,2270
9640,856448,1060
9641,856448,1340
9642,856448,2600
9643,856448,2140
9644,1000000,10220
9645,856448,1420
9646,1000000,23000
9647,1000000,15750
9648,856448,1000
9649,856448,1000
9650,856448,3850
9651,856448,1480
9652,856448,3100
9653,856448,4830
9654,856448,3310
9655,856448,1230
9656,856448,2000
9657,856448,2290
9658,856448,5990
9659,1000000,62970
9660,856448,8440
9661,856448,5510
9662,856448,1140
9663,1000000,12460
9664,856448,1120
9665,856448,1000
9666,856448,1040
9667,1000000,48450
9668,856448,1020
9669,1000000,10440
9670,856448,1000
9671,856448,2920
9672,856448,6100
9673,856448,1410
9674,856448,1040
9675,856448,1000
9676,856448,4540
9677,856448,4130
9678,856448,1000
9679,856448,1020
9680,1000000,24470
9681,856448,1000
9682,856448,1140
9683,856448,6470
9684,1000000,10360
9685,856448,1400
9686,856448,2620
9687,856448,6830
9688,856448,1710
9689,1000000,50770
9690,856448,2750
9691,856448,9350
9692,856448,1360
9693,856448,1000
9694,856448,6420
9695,856448,1020
9696,856448,1030
9697,856448,2780
9698,856448,1120
9699,856448,1590
9700,856448,2620
9701,856448,1740
9702,856448,5580
9703,1000000,43750
9704,856448,1880
9705,856448,6650
9706,856448,1000
9707,856448,3730
9708,856448,2850
9709,856448,1270
9710,856448,1420
9711,856448,1000
9712,856448,9730
9713,856448,1020
9714,1000000,11640
9715,856448,1050
9716,856448,7320
9717,856448,3300
9718,1000000,33450
9719,856448,1260
9720,856448,4260
9721,856448,1090
9722,1000000,54780
9723,856448,2660
9724,856448,1330
9725,856448,1020
9726,856448,5590
9727,856448,3780
9728,856448,5540
9729,1000000,113440
9730,856448,6170
9731,856448,1000
9732,856448,1300
9733,1000000,30950
9734,1000000,10490
9735,856448,1030
9736,856448,1020
9737,1000000,12540
9738,856448,2310
9739,856448,1000
9740,856448,4510
9741,856448,2080
9742,1000000,28210
9743,856448,1000
9744,856448,6630
9745,856448,1000
9746,856448,1030
9747,856448,4200
9748,856448,1000
9749,856448,1530
9750,856448,1100
9751,856448,1000
9752,856448,8740
9753,1000000,11020
9754,856448,2670
9755,856448,1090
9756,856448,8820
9757,856448,1410
9758,856448,1000
9759,1000000,20200
9760,1000000,16000
9761,856448,4820
9762,856448,1560
9763,1000000,10700
9764,856448,2090
9765,856448,4080
9766,1000000,55060
9767,856448,1000
9768,856448,6620
9769,1000000,28550
9770,1000000,10920
9771,856448,1000
9772,856448,1000
9773,856448,1030
9774,856448,2090
9775,1000000,46250
9776,856448,1000
9777,856448,1030
9778,856448,4160
9779,856448,2780
9780,856448,1470
9781,856448,1000
9782,856448,1000
9783,1000000,331340
9784,1000000,14500
9785,856448,7940
9786,856448,1000
9787,856448,1180
9788,1587,2500000
9789,856448,1340
9790,856448,1000
9791,856448,1000
9792,856448,1600
9793,856448,1020
9794,1000000,16900
9795,1587,2500000
9796,1000000,15580
9797,1000000,12210
9798,856448,4990
9799,856448,1000
9800,856448,5920
9801,856448,1030
9802,856448,2060
9803,1000000,13290
9804,856448,1000
9805,856448,9920
9806,856448,3320
9807,856448,3360
9808,856448,1000
9809,856448,2380
9810,856448,4630
9811,856448,1000
9812,856448,1020
9813,856448,1030
9814,856448,1000
9815,856448,1000
9816,856448,1000
9817,856448,1000
9818,856448,5260
9819,856448,2880
9820,1000000,69620
9821,856448,2420
9822,856448,1000
9823,856448,1020
9824,856448,1700
9825,856448,1570
9826,856448,3520
9827,856448,2440
9828,1000000,88860
9829,856448,4650
9830,856448,1000
9831,856448,1050
9832,856448,3340
9833,856448,4960
9834,856448,1940
9835,856448,1020
9836,856448,1000
9837,856448,1880
9838,856448,1000
9839,856448,1000
9840,856448,1000
9841,856448,1000
9842,856448,7690
9843,856448,4290
9844,856448,5690
9845,856448,1590
9846,856448,9620
9847,856448,8340
9848,856448,2300
9849,856448,5490
9850,856448,1880
9851,1000000,10150
9852,856448,1870
9853,856448,1000
9854,1000000,15260
9855,856448,1000
9856,856448,1010
9857,856448,1000
9858,856448,1510
9859,856448,1000
9860,856448,1760
9861,856448,1020
9862,856448,1380
9863,856448,2200
9864,1000000,74070
9865,856448,1030
9866,1000000,14100
9867,856448,3380
9868,856448,1290
9869,856448,1000
9870,856448,1000
9871,856448,1030
9872,856448,1060
9873,856448,3890
9874,856448,1000
9875,856448,1000
9876,856448,7230
9877,856448,1000
9878,856448,1000
9879,1000000,54300
9880,856448,3240
9881,856448,1000
9882,1000000,46590
9883,856448,1440
9884,856448,1040
9885,856448,2610
9886,856448,1590
9887,856448,6610
9888,856448,1860
9889,856448,4130
9890,856448,5770
9891,856448,1190
9892,856448,1030
9893,856448,1060
9894,856448,2070
9895,856448,1000
9896,1000000,34690
9897,856448,1000
9898,856448,1040
9899,856448,1960
9900,856448,1360
9901,856448,1150
9902,856448,4750
9903,856448,1200
9904,1000000,11620
9905,856448,2190
9906,856448,1150
9907,856448,1000
9908,1000000,16290
9909,856448,1010
9910,856448,2920
9911,856448,1810
9912,856448,1000
9913,856448,1660
9914,856448,3270
9915,856448,1000
9916,856448,3000
9917,856448,1000
9918,856448,1000
9919,856448,8160
9920,856448,5640
9921,856448,6840
9922,856448,1740
9923,856448,4790
9924,856448,1900
9925,856448,6380
9926,856448,4010
9927,856448,3060
9928,856448,1380
9929,856448,2820
9930,856448,3110
9931,856448,3000
9932,856448,2690
9933,856448,1250
9934,856448,1000
9935,856448,1000
9936,856448,1000
9937,1000000,39220
9938,856448,1000
9939,856448,2550
9940,856448,1940
9941,1000000,10940
9942,856448,1770
9943,856448,2640
9944,856448,1020
9945,856448,1000
9946,856448,1960
9947,856448,4240
9948,1000000,32040
9949,1000000,67350
9950,856448,1220
9951,856448,1000
9952,856448,1020
9953,856448,1000
9954,856448,1090
9955,856448,1000
9956,856448,1650
9957,856448,4350
9958,856448,7040
9959,856448,1150
9960,856448,4020
9961,856448,1050
9962,856448,2140
9963,856448,1000
9964,856448,1000
9965,856448,1430
9966,856448,5890
9967,856448,3500
9968,856448,1200
9969,1000000,12050
9970,1000000,28560
9971,856448,3820
9972,856448,1000
9973,856448,1070
9974,856448,1020
9975,1000000,19980
9976,1000000,20750
9977,856448,1000
9978,856448,1040
9979,856448,4010
9980,856448,1440
9981,856448,1000
9982,856448,1120
9983,856448,1990
9984,856448,1820
9985,856448,1000
9986,856448,1010
9987,856448,1020
9988,856448,1320
9989,856448,3410
9990,856448,3050
9991,856448,1010
9992,856448,5830
9993,856448,4630
9994,856448,1610
9995,856448,7800
9996,856448,6350
9997,856448,8560
9998,1000000,12580
9999,1000000,24790
10000,856448,1220
10001,856448,4630
10002,856448,1190
10003,856448,1070
10004,856448,1000
10005,856448,4410
10006,1000000,11000
10007,856448,1000
10008,1000000,14550
10009,1000000,64340
10010,1000000,31790
10011,856448,2070
10012,856448,1020
10013,1000000,18930
10014,1000000,12410
10015,856448,4180
10016,856448,1000
10017,856448,5070
10018,1000000,21170
10019,1000000,21900
10020,1000000,16930
10021,1000000,11760
10022,856448,3550
10023,856448,8320
10024,856448,9400
10025,856448,1010
10026,1000000,10680
10027,856448,1000
10028,1000000,15530
10029,856448,1000
10030,856448,3210
10031,856448,1000
10032,856448,1000
10033,856448,1020
10034,856448,4560
10035,1000000,43380
10036,856448,1810
10037,856448,2050
10038,856448,1000
10039,856448,1000
10040,856448,2440
10041,856448,1000
10042,856448,1000
10043,856448,1000
10044,856448,1020
10045,856448,1050
10046,856448,1930
10047,856448,1210
10048,856448,1180
10049,856448,1070
10050,1000000,12060
10051,1000000,69480
10052,856448,1020
10053,856448,1000
10054,856448,1000
10055,856448,1460
10056,856448,2390
10057,856448,1000
10058,856448,1060
10059,1000000,33980
10060,856448,1020
10061,856448,1000
10062,1000000,21110
10063,856448,1000
10064,856448,2620
10065,856448,1000
10066,856448,1370
10067,856448,1010
10068,1000000,107180
10069,856448,1000
10070,1000000,110460
10071,856448,1000
10072,1000000,21890
10073,856448,2200
10074,856448,1280
10075,856448,1070
10076,856448,2550
10077,856448,3220
10078,1000000,43640
10079,856448,1150
10080,856448,4090
10081,856448,1000
10082,856448,1000
10083,856448,1760
10084,856448,2770
10085,856448,1020
10086,856448,2210
10087,856448,2250
10088,856448,1000
10089,1000000,13990
10090,856448,1000
10091,856448,2180
10092,856448,4040
10093,856448,1000
10094,856448,4410
10095,856448,2610
10096,856448,3950
10097,856448,2640
10098,856448,1000
10099,856448,1000
10100,856448,1000
10101,1000000,41930
10102,856448,1000
10103,856448,8900
10104,856448,1940
10105,856448,6240
10106,856448,1000
10107,1000000,14080
10108,856448,1030
10109,856448,1940
10110,856448,2560
10111,856448,4660
10112,856448,5620
10113,856448,2000
10114,856448,3360
10115,1000000,172060
10116,856448,2590
10117,856448,3700
10118,856448,4950
10119,1000000,47590
10120,856448,6620
10121,856448,1300
10122,1000000,11150
10123,856448,3860
10124,1000000,18400
10125,856448,6400
10126,856448,1000
10127,856448,1000
10128,856448,5380
10129,856448,1000
10130,856448,1870
10131,856448,1130
10132,856448,3020
10133,1000000,11930
10134,856448,4620
10135,1000000,13980
10136,856448,1000
10137,856448,1030
10138,856448,2740
10139,856448,4670
10140,856448,1010
10141,856448,1050
10142,856448,1000
10143,856448,2380
10144,856448,1030
10145,856448,1040
10146,1000000,13700
10147,856448,7470
10148,856448,2200
10149,856448,1870
10150,856448,1000
10151,1000000,13110
10152,856448,1000
10153,856448,4870
10154,856448,2820
10155,1000000,44290
10156,856448,2430
10157,856448,1020
10158,1000000,38420
10159,856448,5320
10160,1000000,50720
10161,856448,2020
10162,856448,3470
10163,856448,1130
10164,856448,2560
10165,856448,1000
10166,856448,1450
10167,1000000,17290
10168,856448,9180
10169,856448,3070
10170,1000000,15700
10171,856448,2870
10172,856448,2070
10173,856448,1030
10174,856448,4480
10175,856448,1240
10176,856448,3070
10177,856448,4200
10178,856448,1370
10179,856448,2340
10180,856448,1490
10181,856448,1000
10182,856448,1110
10183,856448,1560
10184,856448,1020
10185,856448,5950
10186,856448,1070
10187,856448,1000
10188,856448,6840
10189,856448,1000
10190,856448,1000
10191,1000000,47510
10192,856448,1000
10193,856448,2890
10194,856448,1000
10195,856448,1000
10196,856448,1670
10197,1000000,45860
10198,856448,1470
10199,856448,1330
10200,856448,1010
10201,856448,1000
10202,856448,3140
10203,1000000,13230
10204,856448,1000
10205,856448,1200
10206,856448,6230
10207,856448,2650
10208,856448,2520
10209,856448,1000
10210,1000000,56270
10211,1000000,10190
10212,856448,2910
10213,856448,1000
10214,856448,1400
10215,856448,1000
10216,1000000,18050
10217,1000000,18460
10218,856448,1110
10219,856448,1750
10220,856448,2690
10221,856448,5710
10222,856448,2640
10223,1000000,126510
10224,1000000,47730
10225,856448,2140
10226,856448,1000
10227,856448,1020
10228,856448,1000
10229,1000000,10640
10230,856448,1270
10231,856448,9240
10232,856448,4410
10233,856448,1000
10234,856448,2080
10235,856448,1700
10236,856448,1020
10237,856448,1180
10238,856448,7090
10239,1000000,19520
10240,856448,2870
10241,856448,1020
10242,1000000,61720
10243,856448,4250
10244,856448,5820
10245,856448,1000
10246,856448,8420
10247,856448,4980
10248,856448,1000
10249,856448,2110
10250,856448,1000
10251,856448,3120
10252,856448,1020
10253,856448,3940
10254,856448,1650
10255,856448,1000
10256,856448,1000
10257,856448,2720
10258,856448,3110
10259,856448,4350
10260,1000000,288170
10261,1000000,340000
10262,856448,1000
10263,856448,4460
10264,856448,1020
10265,856448,1850
10266,856448,4480
10267,856448,2700
10268,856448,1570
10269,856448,1880
10270,1000000,12070
10271,856448,7970
10272,856448,1000
10273,856448,5690
10274,856448,1960
10275,1000000,78990
10276,856448,3620
10277,856448,1170
10278,1000000,19850
10279,856448,1020
10280,1000000,31840
10281,856448,1070
10282,856448,3430
10283,856448,1650
10284,856448,2120
10285,856448,1000
10286,856448,1020
10287,856448,2950
10288,856448,1030
10289,1000000,17770
10290,856448,1000
10291,856448,1010
10292,856448,2080
10293,856448,1640
10294,856448,7610
10295,1000000,18520
10296,856448,1370
10297,856448,3210
10298,856448,1130
10299,856448,4160
10300,856448,5230
10301,1000000,15920
10302,856448,8200
10303,856448,5570
10304,856448,2300
10305,856448,1000
10306,856448,3300
10307,856448,5010
10308,856448,7940
10309,856448,4590
10310,1000000,20420
10311,856448,2750
10312,856448,1000
10313,856448,1310
10314,856448,3410
10315,856448,1000
10316,856448,3180
10317,1000000,16170
10318,1000000,10420
10319,856448,1070
10320,856448,1540
10321,856448,1000
10322,856448,1180
10323,856448,1000
10324,856448,1390
10325,856448,1040
10326,856448,1000
10327,856448,2480
10328,856448,2010
10329,856448,1000
10330,856448,1310
10331,856448,1000
10332,1000000,45620
10333,856448,2290
10334,856448,1660
10335,856448,2460
10336,856448,1030
10337,856448,1000
10338,856448,1000
10339,856448,1000
10340,856448,3810
10341,856448,1660
10342,1000000,10450
10343,1000000,10920
10344,856448,1000
10345,856448,1000
10346,856448,3460
10347,856448,1000
10348,856448,2990
10349,856448,1320
10350,856448,4170
10351,1000000,21200
10352,1000000,124800
10353,856448,7250
10354,856448,1000
10355,856448,1000
10356,856448,1490
10357,856448,1420
10358,856448,8040
10359,856448,3810
10360,856448,7830
10361,1000000,39920
10362,856448,3200
10363,1000000,75620
10364,856448,2090
10365,856448,1010
10366,856448,3480
10367,856448,1000
10368,856448,1000
10369,856448,1880
10370,1000000,18210
10371,856448,1020
10372,856448,1000
10373,856448,1000
10374,1000000,10490
10375,856448,2490
10376,1000000,15550
10377,856448,1010
10378,856448,1310
10379,1000000,12890
10380,856448,1870
10381,1000000,12510
10382,1000000,30760
10383,856448,4620
10384,856448,1000
10385,856448,3400
10386,856448,1110
10387,856448,1550
10388,856448,1060
10389,856448,1000
10390,1000000,10250
10391,1000000,61800
10392,856448,1420
10393,856448,3280
10394,856448,1520
10395,856448,1650
10396,856448,1880
10397,856448,1000
10398,856448,1030
10399,856448,4810
10400,856448,1040
10401,1000000,19270
10402,1000000,10200
10403,856448,1010
10404,856448,9750
10405,856448,9930
10406,856448,1440
10407,1000000,72700
10408,856448,1200
10409,856448,1060
10410,856448,1070
10411,856448,1020
10412,1000000,12420
10413,856448,4620
10414,856448,1000
10415,856448,3610
10416,856448,4680
10417,856448,4260
10418,856448,3480
10419,1000000,15140
10420,856448,1070
10421,856448,8020
10422,1000000,12630
10423,856448,1980
10424,856448,1000
10425,856448,7150
10426,856448,2960
10427,1000000,17460
10428,856448,1860
10429,856448,1930
10430,856448,5750
10431,856448,1030
10432,856448,1000
10433,856448,1560
10434,856448,3330
10435,856448,1000
10436,1000000,86120
10437,856448,4050
10438,856448,2260
10439,856448,1070
10440,856448,3100
10441,856448,1550
10442,856448,1450
10443,856448,1200
10444,856448,3410
10445,856448,1860
10446,856448,1030
10447,856448,1000
10448,856448,2800
10449,856448,7020
10450,856448,1180
10451,856448,2030
10452,856448,1000
10453,856448,1140
10454,856448,4800
10455,856448,2890
10456,856448,1510
10457,856448,1000
10458,1000000,32060
10459,856448,1000
10460,856448,1020
10461,856448,3610
10462,856448,1010
10463,1000000,65360
10464,856448,4880
10465,856448,5530
10466,856448,1000
10467,856448,4640
10468,856448,4040
10469,856448,1740
10470,856448,2650
10471,1000000,25340
10472,856448,4120
10473,856448,1000
10474,856448,1260
10475,856448,4900
10476,1000000,13410
10477,856448,1420
10478,856448,2750
10479,1000000,100980
10480,856448,1000
10481,856448,4110
10482,856448,2910
10483,856448,2290
10484,1000000,38230
10485,856448,4260
10486,856448,1280
10487,856448,3180
10488,1000000,25980
10489,856448,1380
10490,856448,1020
10491,856448,1030
10492,1000000,148140
10493,856448,1000
10494,856448,1930
10495,856448,1020
10496,856448,3140
10497,856448,3050
10498,856448,1000
10499,856448,4160
10500,856448,1000
10501,856448,1810
10502,856448,3380
10503,856448,1040
10504,856448,7520
10505,1000000,15720
10506,856448,1490
10507,856448,1000
10508,1000000,26620
10509,856448,1020
10510,856448,1000
10511,1000000,19180
10512,856448,1000
10513,856448,1500
10514,856448,2530
10515,856448,1120
10516,856448,2580
10517,856448,1520
10518,856448,1850
10519,856448,1000
10520,1000000,79350
10521,856448,2810
10522,856448,4220
10523,856448,3110
10524,856448,2710
10525,1587,2500000
10526,856448,1000
10527,856448,9160
10528,856448,1000
10529,856448,4100
10530,856448,6910
10531,856448,1000
10532,856448,1000
10533,856448,3400
10534,856448,1030
10535,856448,1210
10536,1000000,20490
10537,856448,1010
10538,1000000,28270
10539,1000000,13810
10540,856448,4480
10541,856448,1000
10542,856448,1000
10543,1000000,10960
10544,856448,1140
10545,1000000,18690
10546,856448,1000
10547,856448,5830
10548,856448,1480
10549,856448,1170
10550,856448,2710
10551,856448,1450
10552,856448,1690
10553,856448,1300
10554,1000000,10230
10555,1000000,31070
10556,856448,1520
10557,856448,4930
10558,1000000,238500
10559,856448,1560
10560,1000000,17020
10561,856448,4210
10562,856448,1360
10563,1000000,58490
10564,856448,1000
10565,1000000,63790
10566,856448,1000
10567,856448,1020
10568,856448,4310
10569,856448,2040
10570,856448,2460
10571,856448,9260
10572,856448,2000
10573,856448,8780
10574,856448,1210
10575,856448,2220
10576,856448,1010
10577,856448,2190
10578,856448,1000
10579,856448,1000
10580,856448,6010
10581,856448,8700
10582,1000000,21770
10583,856448,1000
10584,856448,1000
10585,856448,3360
10586,856448,1010
10587,856448,1000
10588,856448,2890
10589,856448,1070
10590,856448,1000
10591,856448,1300
10592,856448,1330
10593,1000000,23830
10594,856448,8070
10595,856448,3980
10596,856448,8870
10597,856448,1030
10598,856448,5260
10599,856448,1030
10600,856448,1040
10601,1000000,10940
10602,1000000,81370
10603,1000000,15790
10604,856448,1040
10605,856448,1030
10606,856448,3080
10607,856448,1200
10608,1000000,38630
10609,856448,5140
10610,856448,1010
10611,1000000,10530
10612,856448,2000
10613,856448,4800
10614,856448,1000
10615,856448,6480
10616,856448,1050
10617,1000000,75510
10618,856448,3150
10619,856448,1050
10620,1000000,40000
10621,856448,3660
10622,1000000,33650
10623,1000000,37460
10624,856448,5500
10625,856448,1710
10626,856448,1000
10627,1000000,106690
10628,856448,1020
10629,856448,1030
10630,856448,2760
10631,856448,1830
10632,856448,1000
10633,1000000,31540
10634,856448,2030
10635,856448,4720
10636,856448,1000
10637,856448,2210
10638,856448,6960
10639,856448,9760
10640,1000000,17850
10641,856448,1000
10642,856448,2010
10643,856448,1000
10644,856448,1060
10645,1000000,26270
10646,856448,1000
10647,856448,1100
10648,856448,1000
10649,856448,1280
10650,856448,1000
10651,856448,1310
10652,856448,5880
10653,856448,1030
10654,856448,1430
10655,856448,1000
10656,856448,1010
10657,856448,1590
10658,856448,1000
10659,856448,1050
10660,856448,2430
10661,1000000,22720
10662,856448,1000
10663,856448,1060
10664,1000000,13980
10665,1000000,28590
10666,856448,1130
10667,856448,2160
10668,856448,9670
10669,856448,4090
10670,856448,2560
10671,856448,1000
10672,856448,3820
10673,856448,3310
10674,856448,2770
10675,856448,1000
10676,856448,2590
10677,856448,3040
10678,856448,1000
10679,856448,4440
10680,1000000,23430
10681,856448,1000
10682,856448,1000
10683,856448,2640
10684,856448,1040
10685,856448,1000
10686,856448,1000
10687,856448,7560
10688,856448,1700
10689,856448,1000
10690,856448,1500
10691,1000000,65160
10692,856448,1010
10693,856448,1860
10694,856448,1020
10695,856448,1000
10696,856448,1000
10697,856448,1040
10698,856448,1560
10699,856448,1000
10700,856448,3260
10701,856448,1000
10702,856448,1020
10703,1000000,41570
10704,856448,2970
10705,856448,1000
10706,856448,1000
10707,856448,3220
10708,1000000,30130
10709,856448,4050
10710,1000000,39800
10711,856448,8320
10712,856448,1000
10713,856448,1020
10714,1000000,95920
10715,856448,1960
10716,856448,1220
10717,856448,1060
10718,856448,2650
10719,856448,2270
10720,856448,7130
10721,856448,1080
10722,856448,4070
10723,856448,7170
10724,856448,3130
10725,856448,1580
10726,856448,1480
10727,1000000,41340
10728,856448,6540
10729,856448,1000
10730,856448,1870
10731,856448,1240
10732,1000000,21080
10733,856448,1390
10734,856448,5520
10735,1000000,19900
10736,856448,1390
10737,856448,1450
10738,1000000,58600
10739,856448,3910
10740,1000000,16860
10741,1000000,20560
10742,856448,1060
10743,856448,1000
10744,856448,1030
10745,856448,1000
10746,1000000,24180
10747,856448,1020
10748,856448,3800
10749,856448,6180
10750,1000000,19740
10751,856448,2110
10752,856448,1000
10753,856448,1000
10754,856448,1050
10755,856448,1000
10756,856448,1190
10757,856448,1000
10758,856448,1040
10759,1000000,11030
10760,1000000,35200
10761,1000000,14000
10762,856448,1000
10763,856448,1610
10764,856448,1000
10765,856448,3010
10766,1000000,47060
10767,856448,1000
10768,856448,4470
10769,856448,1190
10770,856448,1590
10771,856448,1120
10772,856448,1000
10773,1000000,15980
10774,856448,1360
10775,1000000,12180
10776,856448,1000
10777,856448,9090
10778,1000000,14670
10779,856448,1000
10780,856448,1000
10781,856448,7510
10782,856448,1470
10783,856448,1000
10784,856448,1040
10785,1000000,43470
10786,856448,2200
10787,856448,1000
10788,856448,8050
10789,856448,6290
10790,856448,1000
10791,856448,1000
10792,856448,1600
10793,856448,1020
10794,856448,1200
10795,856448,1000
10796,1000000,170460
10797,1000000,48500
10798,856448,1320
10799,1000000,37910
10800,856448,6220
10801,856448,1000
10802,856448,1000
10803,856448,1040
10804,856448,1000
10805,856448,2020
10806,856448,4350
10807,1000000,22830
10808,856448,2310
10809,856448,1950
10810,856448,2290
10811,1000000,36220
10812,1000000,12530
10813,856448,2090
10814,856448,1020
10815,856448,9940
10816,856448,1030
10817,856448,2510
10818,856448,2170
10819,856448,1830
10820,856448,1670
10821,856448,1000
10822,856448,7750
10823,1000000,27650
10824,856448,6860
10825,1000000,10720
10826,856448,1560
10827,1000000,13320
10828,1000000,37580
10829,1000000,27840
10830,856448,3190
10831,856448,1080
10832,856448,2080
10833,856448,1000
10834,856448,6690
10835,856448,1660
10836,856448,1000
10837,856448,2910
10838,856448,6680
10839,1000000,63700
10840,856448,4690
10841,856448,1140
10842,856448,1000
10843,856448,1020
10844,856448,2460
10845,856448,2870
10846,856448,1100
10847,856448,1000
10848,856448,3160
10849,1000000,64790
10850,856448,1000
10851,856448,1030
10852,856448,4630
10853,856448,4430
10854,856448,1030
10855,856448,1720
10856,1587,2500000
10857,856448,8700
10858,856448,1680
10859,856448,2140
10860,856448,1000
10861,856448,1000
10862,1000000,10980
10863,856448,1000
10864,1000000,12790
10865,856448,1760
10866,856448,4370
10867,856448,1000
10868,1000000,14610
10869,856448,1890
10870,1000000,16000
10871,856448,1050
10872,1000000,12460
10873,856448,1030
10874,856448,4830
10875,856448,1000
10876,856448,1000
10877,856448,1140
10878,1000000,30360
10879,856448,1620
10880,856448,1240
10881,856448,3570
10882,1000000,21760
10883,1000000,154080
10884,856448,9970
10885,856448,4890
10886,856448,1000
10887,856448,4280
10888,856448,2290
10889,856448,2790
10890,856448,1140
10891,856448,2140
10892,856448,3380
10893,856448,1040
10894,856448,1000
10895,856448,1270
10896,856448,1000
10897,856448,1040
10898,856448,1000
10899,1000000,13060
10900,856448,5960
10901,856448,1000
10902,856448,2590
10903,856448,1000
10904,856448,2000
10905,856448,1070
10906,856448,2100
10907,856448,1620
10908,856448,3270
10909,856448,3330
10910,856448,3340
10911,856448,1000
10912,856448,3220
10913,856448,1020
10914,856448,3780
10915,856448,4560
10916,856448,1160
10917,856448,1020
10918,856448,1550
10919,856448,1000
10920,856448,1000
10921,856448,6350
10922,856448,3000
10923,1000000,25520
10924,856448,1000
10925,856448,3090
10926,856448,5980
10927,1000000,33610
10928,1000000,18760
10929,856448,1020
10930,856448,1000
10931,856448,1840
10932,856448,4020
10933,856448,1000
10934,856448,1000
10935,856448,1250
10936,856448,1000
10937,856448,1180
10938,856448,8630
10939,856448,1000
10940,856448,1000
10941,856448,1000
10942,856448,9190
10943,856448,3990
10944,856448,1240
10945,856448,1000
10946,856448,1000
10947,856448,1000
10948,856448,2300
10949,856448,1000
10950,856448,3320
10951,856448,1800
10952,856448,1000
10953,1000000,28810
10954,856448,1000
10955,856448,1200
10956,856448,1550
10957,856448,5110
10958,856448,1000
10959,856448,2140
10960,856448,1030
10961,856448,1000
10962,856448,3140
10963,856448,5770
10964,1000000,37830
10965,1000000,14030
10966,856448,3180
10967,856448,2360
10968,856448,1440
10969,856448,7570
10970,856448,1720
10971,1000000,32430
10972,856448,1000
10973,856448,2030
10974,856448,1000
10975,1000000,20260
10976,1000000,13780
10977,856448,1000
10978,856448,2110
10979,856448,1000
10980,856448,1000
10981,856448,1560
10982,856448,1000
10983,856448,1230
10984,856448,1080
10985,856448,1000
10986,129910,617070
10987,856448,1020
10988,856448,1000
10989,856448,1260
10990,856448,1480
10991,856448,1000
10992,856448,3220
10993,1000000,21510
10994,856448,1020
10995,1000000,18410
10996,856448,1000
10997,856448,2230
10998,856448,1570
10999,1000000,18040
11000,856448,1950
11001,856448,3590
11002,856448,4210
11003,856448,6340
11004,856448,9240
11005,856448,1080
11006,856448,2310
11007,1000000,116430
11008,856448,4930
11009,1000000,18170
11010,856448,1420
11011,856448,1000
11012,856448,2900
11013,856448,1840
11014,856448,3770
11015,856448,1390
11016,856448,1000
11017,1000000,24030
11018,856448,1040
11019,856448,2660
11020,856448,1130
11021,856448,7320
11022,856448,1010
11023,856448,1380
11024,856448,1600
11025,856448,3430
11026,856448,1050
11027,1000000,19800
11028,1000000,13690
11029,856448,5920
11030,856448,1000
11031,856448,5530
11032,856448,1000
11033,856448,1540
11034,1000000,14590
11035,856448,1070
11036,856448,1020
11037,856448,2240
11038,1000000,46170
11039,856448,1470
11040,856448,1090
11041,1000000,104800
11042,1000000,22290
11043,856448,1550
11044,856448,4960
11045,856448,1860
11046,856448,3110
11047,856448,8560
11048,1000000,13160
11049,856448,2660
11050,1000000,13700
11051,856448,4380
11052,1000000,15130
11053,856448,1000
11054,1000000,19960
11055,856448,1620
11056,856448,1020
11057,856448,9190
11058,856448,5550
11059,856448,1020
11060,856448,1440
11061,856448,1160
11062,856448,2680
11063,856448,1030
11064,1000000,10910
11065,856448,1370
11066,856448,1000
11067,856448,4040
11068,856448,1000
11069,1000000,11900
11070,856448,1260
11071,856448,5150
11072,856448,1000
11073,856448,1040
11074,856448,2670
11075,856448,4010
11076,856448,1390
11077,856448,3520
11078,856448,2470
11079,856448,1000
11080,856448,1000
11081,1000000,17730
11082,856448,3880
11083,1000000,29870
11084,1000000,50840
11085,856448,1070
11086,856448,2060
11087,856448,8990
11088,856448,2660
11089,856448,2150
11090,856448,3710
11091,1000000,16600
11092,856448,2650
11093,1000000,13020
11094,856448,1000
11095,1000000,48400
11096,856448,4050
11097,856448,1250
11098,856448,6560
11099,1000000,24210
11100,856448,1000
11101,856448,1000
11102,856448,1000
11103,856448,1000
11104,856448,1310
11105,856448,1030
11106,856448,1500
11107,1000000,40350
11108,1000000,14750
11109,856448,2530
11110,856448,1000
11111,856448,2040
11112,856448,1000
11113,856448,1470
11114,856448,1230
11115,856448,7280
11116,856448,1840
11117,856448,1360
11118,1000000,11080
11119,856448,5570
11120,856448,1000
11121,1000000,16160
11122,856448,1000
11123,856448,1000
11124,856448,5060
11125,856448,5880
11126,856448,1850
11127,856448,1500
11128,856448,1680
11129,856448,1250
11130,1000000,28160
11131,856448,1000
11132,1000000,254360
11133,856448,1350
11134,856448,2950
11135,856448,3980
11136,856448,1450
11137,856448,1030
11138,856448,1320
11139,856448,1020
11140,856448,1000
11141,856448,1000
11142,1000000,17220
11143,1000000,10830
11144,856448,1000
11145,856448,1000
11146,1000000,10210
11147,856448,1000
11148,1000000,37920
11149,1000000,30690
11150,856448,1030
11151,856448,4310
11152,856448,1000
11153,1000000,173400
11154,856448,2570
11155,856448,1000
11156,856448,1860
11157,856448,3590
11158,856448,9520
11159,856448,1000
11160,856448,1040
11161,856448,3540
11162,856448,1010
11163,856448,2890
11164,856448,4540
11165,1000000,71840
11166,856448,2870
11167,1000000,11970
11168,856448,1000
11169,856448,1000
11170,856448,2360
11171,856448,1000
11172,856448,5640
11173,856448,1990
11174,856448,4560
11175,856448,1510
11176,856448,3560
11177,856448,1790
11178,856448,1010
11179,856448,1000
11180,856448,1000
11181,856448,1410
11182,856448,1600
11183,856448,2730
11184,856448,4140
11185,1000000,15160
11186,856448,1000
11187,856448,1060
11188,856448,1910
11189,856448,1040
11190,856448,1200
11191,1000000,22740
11192,856448,2730
11193,856448,1000
11194,856448,1000
11195,1000000,23570
11196,856448,1180
11197,856448,1020
11198,856448,1000
11199,1000000,14760
11200,856448,1100
11201,856448,1030
11202,856448,6860
11203,856448,5790
11204,856448,4920
11205,856448,1020
11206,856448,7770
11207,856448,6770
11208,856448,4150
11209,856448,1320
11210,856448,1000
11211,1000000,14010
11212,856448,1000
11213,1000000,12910
11214,856448,4390
11215,856448,1000
11216,856448,3320
11217,856448,5390
11218,856448,5290
11219,856448,4610
11220,856448,9050
11221,1000000,27850
11222,856448,1000
11223,856448,1820
11224,856448,1100
11225,856448,1150
11226,856448,1000
11227,856448,1000
11228,856448,1120
11229,856448,5620
11230,856448,1780
11231,856448,5670
11232,856448,1010
11233,856448,2280
11234,856448,3700
11235,856448,1300
11236,856448,1010
11237,856448,1320
11238,856448,7330
11239,856448,1000
11240,856448,1000
11241,856448,1000
11242,856448,1060
11243,856448,1420
11244,856448,1000
11245,856448,1000
11246,1000000,13680
11247,856448,1000
11248,856448,1680
11249,856448,1180
11250,1000000,27440
11251,856448,1000
11252,856448,4550
11253,856448,1250
11254,856448,1000
11255,856448,2580
11256,856448,1020
11257,856448,8440
11258,1000000,81850
11259,856448,2010
11260,856448,4810
11261,856448,1000
11262,1000000,38140
11263,856448,1030
11264,856448,1000
11265,856448,1040
11266,856448,1000
11267,856448,1260
11268,856448,2570
11269,856448,3010
11270,1000000,10720
11271,856448,1430
11272,856448,1000
11273,856448,1020
11274,856448,1920
11275,1000000,13030
11276,856448,1000
11277,1000000,35360
11278,856448,1550
11279,856448,1000
11280,856448,1000
11281,856448,1000
11282,856448,3710
11283,856448,5310
11284,1000000,40060
11285,856448,2260
11286,856448,4080
11287,856448,1990
11288,856448,5680
11289,856448,1000
11290,1000000,54240
11291,856448,1030
11292,856448,2400
11293,856448,1000
11294,1000000,21300
11295,856448,3000
11296,856448,1420
11297,856448,1000
11298,856448,1000
11299,856448,6380
11300,1000000,17290
11301,856448,5360
11302,856448,1940
11303,1000000,15350
11304,856448,2810
11305,856448,6120
11306,856448,1420
11307,856448,1000
11308,856448,1000
11309,1000000,64700
11310,1000000,155850
11311,1000000,10380
11312,856448,1060
11313,856448,1100
11314,856448,1700
11315,1000000,55360
11316,856448,9040
11317,1000000,25310
11318,1000000,20000
11319,856448,1020
11320,1000000,16830
11321,856448,1410
11322,1000000,14950
11323,856448,6190
11324,856448,2430
11325,1000000,54920
11326,1000000,13880
11327,1000000,10620
11328,856448,6360
11329,856448,5060
11330,856448,2590
11331,856448,9970
11332,856448,4570
11333,856448,2420
11334,856448,3660
11335,856448,7670
11336,856448,2610
11337,856448,6340
11338,856448,1000
11339,856448,1000
11340,856448,1000
11341,856448,7600
11342,1000000,57600
11343,856448,1020
11344,856448,1960
11345,856448,1690
11346,856448,1000
11347,1000000,21640
11348,856448,2120
11349,856448,1030
11350,1000000,134040
11351,856448,1000
11352,856448,1000
11353,856448,2510
11354,856448,1000
11355,856448,1000
11356,856448,1000
11357,1000000,122150
11358,856448,1000
11359,856448,2060
11360,856448,1000
11361,856448,3320
11362,856448,1030
11363,856448,1000
11364,856448,1000
11365,856448,6880
11366,856448,2230
11367,1000000,42180
11368,856448,1820
11369,856448,1000
11370,1000000,12030
11371,856448,8800
11372,856448,1000
11373,1000000,322770
11374,856448,1790
11375,856448,1210
11376,856448,1520
11377,856448,3000
11378,856448,1000
11379,856448,8720
11380,856448,1010
11381,856448,3570
11382,856448,1000
11383,1000000,17740
11384,856448,1000
11385,1000000,12060
11386,856448,5110
11387,856448,1000
11388,856448,2110
11389,1000000,22230
11390,856448,3360
11391,1000000,14530
11392,856448,1010
11393,856448,1000
11394,856448,1690
11395,856448,1040
11396,856448,1000
11397,856448,1020
11398,856448,1750
11399,856448,1580
11400,856448,1010
11401,856448,6720
11402,856448,1000
11403,856448,1060
11404,856448,2960
11405,856448,4550
11406,856448,1000
11407,856448,1010
11408,856448,1020
11409,856448,1560
11410,856448,4190
11411,856448,5380
11412,1000000,56140
11413,856448,8060
11414,856448,6890
11415,856448,2840
11416,856448,7870
11417,856448,1000
11418,856448,1000
11419,1000000,62420
11420,856448,7430
11421,856448,1000
11422,856448,1290
11423,856448,1000
11424,1000000,13770
11425,1000000,18040
11426,856448,1440
11427,856448,1250
11428,856448,9220
11429,1000000,33810
11430,856448,1000
11431,856448,4800
11432,856448,1040
11433,856448,8470
11434,856448,5440
11435,856448,3650
11436,856448,1550
11437,856448,1000
11438,856448,1390
11439,856448,4370
11440,856448,1030
11441,856448,1000
11442,1000000,57750
11443,856448,3640
11444,1000000,28040
11445,856448,1240
11446,1000000,61850
11447,856448,7150
11448,1000000,12830
11449,1000000,14940
11450,856448,1020
11451,856448,6630
11452,856448,1930
11453,856448,1530
11454,856448,1020
11455,856448,1000
11456,856448,1050
11457,856448,1000
11458,856448,1000
11459,856448,7090
11460,856448,1100
11461,856448,1000
11462,1000000,32830
11463,856448,1000
11464,856448,1680
11465,856448,6350
11466,856448,1000
11467,1000000,54390
11468,856448,1030
11469,1000000,12590
11470,1000000,236200
11471,856448,6430
11472,1000000,14130
11473,856448,8860
11474,856448,2650
11475,1000000,11950
11476,856448,1000
11477,856448,1000
11478,856448,1360
11479,856448,1000
11480,856448,4370
11481,856448,9290
11482,856448,1190
11483,856448,5840
11484,856448,1000
11485,856448,4210
11486,856448,3760
11487,856448,1000
11488,856448,1180
11489,1000000,10230
11490,856448,1000
11491,856448,4400
11492,856448,3250
11493,856448,1020
11494,1000000,12710
11495,856448,5010
11496,856448,2090
11497,856448,1000
11498,856448,1000
11499,856448,2100
11500,1000000,26320
11501,856448,1000
11502,856448,1290
11503,856448,1260
11504,856448,1680
11505,856448,7560
11506,856448,3390
11507,856448,4820
11508,856448,5120
11509,1587,2500000
11510,856448,2450
11511,1000000,133910
11512,856448,8700
11513,856448,1010
11514,856448,1020
11515,856448,2750
11516,856448,1000
11517,856448,1020
11518,1000000,73660
11519,856448,1290
11520,856448,8360
11521,856448,1000
11522,856448,2190
11523,856448,1000
11524,856448,1020
11525,856448,2580
11526,856448,1630
11527,856448,1000
11528,856448,3550
11529,856448,1030
11530,856448,3560
11531,856448,1540
11532,1000000,26350
11533,856448,1000
11534,856448,1680
11535,856448,1000
11536,856448,1310
11537,856448,9260
11538,1000000,10700
11539,856448,4190
11540,856448,1000
11541,856448,1490
11542,856448,1110
11543,856448,2920
11544,1000000,25800
11545,856448,1000
11546,856448,1050
11547,856448,1880
11548,856448,1000
11549,856448,1010
11550,856448,1000
11551,856448,1000
11552,856448,1060
11553,856448,3770
11554,856448,6740
11555,856448,1010
11556,856448,4160
11557,856448,3350
11558,856448,2190
11559,856448,5650
11560,856448,1450
11561,856448,2510
11562,856448,1030
11563,856448,3380
11564,856448,6020
11565,856448,1670
11566,856448,7990
11567,856448,1050
11568,856448,1000
11569,856448,1490
11570,856448,1470
11571,856448,3460
11572,856448,1040
11573,856448,1710
11574,856448,1090
11575,856448,1020
11576,856448,2040
11577,856448,1000
11578,1000000,14610
11579,1000000,24390
11580,856448,4160
11581,856448,2010
11582,856448,1020
11583,856448,1030
11584,1000000,10380
11585,856448,2420
11586,856448,3290
11587,856448,3870
11588,856448,3280
11589,1000000,11500
11590,1000000,26990
11591,856448,1470
11592,856448,1000
11593,856448,1060
11594,856448,1040
11595,856448,1000
11596,856448,4610
11597,856448,4750
11598,856448,3640
11599,1000000,67730
11600,856448,8290
11601,1000000,63790
11602,856448,1210
11603,856448,1000
11604,856448,1000
11605,1000000,17160
11606,856448,1010
11607,1000000,78600
11608,1000000,33170
11609,856448,1000
11610,856448,3770
11611,856448,1780
11612,856448,1170
11613,1000000,52440
11614,856448,1730
11615,856448,1000
11616,856448,3050
11617,856448,8680
11618,856448,9960
11619,856448,1000
11620,856448,1290
11621,856448,1500
11622,856448,1000
11623,856448,2410
11624,1000000,22940
11625,856448,6040
11626,856448,1020
11627,856448,1000
11628,856448,1060
11629,856448,1000
11630,856448,9970
11631,856448,1000
11632,1000000,112110
11633,856448,1600
11634,1000000,36860
11635,1000000,90840
11636,856448,3590
11637,856448,1040
11638,856448,3190
11639,856448,2430
11640,856448,3570
11641,856448,6850
11642,856448,1020
11643,856448,2420
11644,856448,3180
11645,856448,1100
11646,856448,1000
11647,856448,1000
11648,856448,4050
11649,856448,5120
11650,856448,2520
11651,856448,3360
11652,856448,1000
11653,856448,1040
11654,856448,7170
11655,856448,3650
11656,856448,1020
11657,856448,1020
11658,856448,1000
11659,856448,1050
11660,1000000,15770
11661,856448,2330
11662,856448,1750
11663,856448,1010
11664,856448,1040
11665,1000000,20460
11666,856448,1260
11667,856448,6800
11668,856448,4950
11669,856448,2580
11670,1000000,27010
11671,856448,3360
11672,856448,1000
11673,856448,2490
11674,856448,1000
11675,856448,2030
11676,856448,4650
11677,856448,6710
11678,856448,1000
11679,856448,9860
11680,856448,1020
11681,856448,2820
11682,856448,2210
11683,856448,4630
11684,856448,2360
11685,856448,9040
11686,856448,1020
11687,1000000,10920
11688,1000000,20430
11689,856448,1020
11690,856448,1240
11691,856448,2910
11692,856448,1430
11693,1000000,10060
11694,1000000,11150
11695,856448,5420
11696,856448,1000
11697,856448,3280
11698,856448,1410
11699,856448,1030
11700,856448,1000
11701,856448,5540
11702,856448,2890
11703,1000000,10270
11704,856448,7720
11705,856448,5870
11706,856448,1000
11707,856448,1180
11708,856448,1000
11709,856448,1970
11710,856448,1000
11711,856448,1000
11712,856448,3370
11713,856448,1000
11714,856448,2240
11715,856448,2960
11716,856448,3140
11717,856448,2090
11718,856448,1970
11719,856448,6810
11720,1000000,16550
11721,1000000,20570
11722,856448,1090
11723,856448,4370
11724,856448,2570
11725,1000000,62580
11726,856448,1000
11727,856448,1060
11728,1000000,20840
11729,856448,1090
11730,856448,3960
11731,856448,1000
11732,856448,1000
11733,856448,1040
11734,856448,1000
11735,856448,1000
11736,856448,4620
11737,856448,1000
11738,856448,1130
11739,856448,5270
11740,856448,1000
11741,856448,3480
11742,1000000,28140
11743,856448,1140
11744,856448,1760
11745,856448,2240
11746,856448,3610
11747,1000000,10010
11748,1000000,23350
11749,856448,4720
11750,856448,2590
11751,1000000,17920
11752,1000000,25920
11753,1000000,22260
11754,1000000,12030
11755,856448,1790
11756,1000000,28500
11757,856448,2240
11758,856448,1000
11759,856448,1120
11760,856448,1040
11761,856448,2260
11762,856448,1000
11763,129910,672970
11764,856448,4980
11765,856448,6740
11766,856448,3480
11767,856448,2710
11768,856448,6140
11769,856448,2140
11770,856448,2200
11771,856448,1000
11772,1000000,28010
11773,856448,2050
11774,856448,2310
11775,856448,1000
11776,1000000,13560
11777,1000000,31220
11778,1000000,41890
11779,1000000,17340
11780,856448,1000
11781,1000000,17010
11782,856448,1000
11783,856448,1370
11784,856448,1080
11785,856448,3010
11786,856448,1070
11787,1000000,34380
11788,856448,1000
11789,1000000,16890
11790,856448,1000
11791,856448,1000
11792,1000000,14230
11793,856448,1040
11794,856448,6480
11795,856448,5090
11796,1000000,22390
11797,856448,1000
11798,856448,1060
11799,856448,9470
11800,1000000,125970
11801,856448,3300
11802,856448,1270
11803,856448,1190
11804,1000000,27160
11805,1000000,65260
11806,856448,1000
11807,1000000,45580
11808,856448,1140
11809,856448,3340
11810,1000000,21130
11811,856448,1000
11812,856448,2090
11813,856448,1010
11814,856448,1000
11815,856448,2620
11816,856448,1380
11817,1000000,55820
11818,856448,2730
11819,1000000,12730
11820,856448,1460
11821,856448,4570
11822,856448,1000
11823,856448,1000
11824,856448,3920
11825,1000000,24220
11826,856448,6480
11827,1587,2500000
11828,856448,3220
11829,856448,1010
11830,856448,3490
11831,856448,1850
11832,856448,1000
11833,856448,1900
11834,856448,1000
11835,856448,1000
11836,1000000,35050
11837,856448,6800
11838,856448,3520
11839,856448,1240
11840,856448,1260
11841,856448,4670
11842,856448,1030
11843,856448,1870
11844,856448,3230
11845,856448,1000
11846,856448,2050
11847,1000000,22230
11848,856448,1000
11849,856448,4750
11850,856448,3370
11851,1000000,18140
11852,856448,1000
11853,856448,1740
11854,856448,2500
11855,856448,1000
11856,1000000,11560
11857,856448,2540
11858,856448,1780
11859,1000000,13810
11860,856448,1000
11861,856448,1420
11862,856448,2770
11863,1000000,15900
11864,1000000,12400
11865,1587,2500000
11866,856448,1000
11867,856448,1030
11868,856448,1170
11869,1000000,76250
11870,856448,2610
11871,856448,6920
11872,856448,1690
11873,856448,1240
11874,856448,3100
11875,856448,1460
11876,856448,8780
11877,856448,4940
11878,856448,2710
11879,856448,1000
11880,856448,5030
11881,856448,1670
11882,856448,5080
11883,856448,4540
11884,856448,3460
11885,856448,1000
11886,856448,2490
11887,856448,1980
11888,856448,1010
11889,856448,1020
11890,856448,1460
11891,856448,1270
11892,856448,1990
11893,856448,3220
11894,1000000,11570
11895,856448,3510
11896,856448,1000
11897,856448,3140
11898,856448,1470
11899,856448,1010
11900,856448,3170
11901,856448,1000
11902,1000000,21430
11903,856448,8000
11904,856448,4900
11905,856448,1280
11906,856448,1160
11907,856448,2450
11908,856448,7030
11909,1000000,18330
11910,1000000,19370
11911,856448,3330
11912,856448,3970
11913,856448,3490
11914,856448,2100
11915,856448,1000
11916,856448,1020
11917,856448,4240
11918,856448,1000
11919,856448,1000
11920,856448,2310
11921,856448,7720
11922,856448,1010
11923,856448,1090
11924,856448,1000
11925,856448,1000
11926,856448,6100
11927,856448,1270
11928,856448,3150
11929,856448,1050
11930,1000000,82370
11931,856448,1170
11932,856448,1120
11933,856448,1500
11934,856448,1030
11935,856448,4080
11936,856448,1860
11937,856448,1450
11938,856448,1000
11939,1000000,15120
11940,856448,1260
11941,856448,2130
11942,856448,4570
11943,1000000,40120
11944,856448,3200
11945,856448,1000
11946,856448,1000
11947,856448,4320
11948,856448,3260
11949,856448,1000
11950,856448,1000
11951,856448,2390
11952,856448,1000
11953,856448,3200
11954,856448,1240
11955,856448,5270
11956,856448,1030
11957,856448,1000
11958,856448,1000
11959,856448,4540
11960,856448,7760
11961,856448,2140
11962,856448,1040
11963,856448,1020
11964,856448,1000
11965,856448,2270
11966,856448,1000
11967,856448,1080
11968,856448,2410
11969,856448,1560
11970,856448,4670
11971,856448,3420
11972,856448,5340
11973,856448,1000
11974,856448,1000
11975,856448,5830
11976,856448,2200
11977,1000000,19220
11978,856448,1000
11979,856448,1410
11980,856448,2420
11981,1000000,21250
11982,856448,1030
11983,856448,2910
11984,856448,1190
11985,856448,2560
11986,856448,5070
11987,856448,3390
11988,856448,1000
11989,856448,1030
11990,856448,8190
11991,856448,1000
11992,856448,3350
11993,856448,1020
11994,1000000,18250
11995,856448,3480
11996,856448,5530
11997,856448,7830
11998,1587,2500000
11999,856448,1000
12000,856448,1000
12001,856448,1000
12002,856448,1000
12003,856448,1000
12004,1000000,48410
12005,856448,1000
12006,856448,1000
12007,856448,1440
12008,856448,1020
12009,856448,3450
12010,856448,3670
12011,1000000,16720
12012,856448,9850
12013,856448,6020
12014,856448,1000
12015,856448,2520
12016,1000000,13320
12017,1000000,10910
12018,856448,7400
12019,856448,1040
12020,856448,1040
12021,856448,1300
12022,856448,1000
12023,856448,1020
12024,1000000,33360
12025,856448,5140
12026,856448,1000
12027,856448,7540
12028,1000000,15290
12029,856448,1810
12030,856448,1130
12031,856448,1020
12032,856448,2330
12033,1000000,38360
12034,1000000,13500
12035,1000000,20390
12036,856448,2680
12037,856448,1780
12038,856448,1020
12039,856448,3870
12040,856448,5120
